year,month,x1,x2,x3,x4,x5,x6,x7,x8,x9,x10,x11,x12,x13,x14,x15,x16,x17,x18,x19,x20,x21,x22,x23,x24,x25,x26,x27,x28,x29,x30,x31,x32,x33,x34,x35,x36,x37,x38,x39,x40,x41,x42,x43,x44,x45,x46,x47,x48,x49,x50,x51,x52,x53,x54,x55,x56,x57,x58,x59,x60,x61,x62,x63,x64,x65,x66,x67,x68,x69,x70,x71,x72,x73,x74,x75,x76,x77,x78,x79,x80,x81,x82,x83,x84,x85,x86,x87,x88,x89,x90,x91,x92,x93,x94,x95,x96,x97,x98,x99,x100,x101,x102,x103,x104,x105,x106,x107,x108,x109,x110,x111,x112,x113,x114,x115,x116,x117,x118,x119,x120,x121,x122,x123,x124,x125,x126,x127,x128,x129,x130,x131,x132,x133,x134,x135,x136,x137,x138,x139,x140,x141,x142,x143,x144,x145,x146,x147,x148,x149,x150,x151,x152,x153,x154,x155,x156,x157,x158,x159,x160,x161,x162,x163,x164,x165,x166,x167,x168,x169,x170,x171,x172,x173,x174,x175,x176,x177,x178,x179,x180,x181,x182,x183,x184,x185,x186,x187,x188,x189,x190,x191,x192,x193,x194,x195,x196,x197,x198,x199,x200,x201,x202,x203,x204,x205,x206,x207,x208,x209,x210,x211,x212,x213,x214,x215,x216,x217,x218,x219,x220,x221,x222,x223,x224,x225,x226,x227,x228,x229,x230,x231,x232,x233,x234,x235,x236,x237,x238,x239,x240,x241,x242,x243,x244,x245,x246,x247,x248,x249,x250,x251,x252,x253,x254,x255,x256,x257,x258,x259,x260,x261,x262,x263,x264,x265,x266,x267,x268,x269,x270,x271,x272,x273,x274,x275,x276,x277,x278,x279,x280,x281,x282,x283,x284,x285,x286,x287,x288
2016,1,9.5019,21.1818,21.6111,17.7635,18.3784,22.1549,17.4001,15.5633,11.8134,16.6569,19.2999,16.3998,15.56,16.9117,22.2949,25.8865,21.2989,20.95,19.9694,15.3535,16.6098,19.6752,21.1751,14.9633,16.6051,16.205,17.08,13.7148,17.5748,20.1286,20.6681,28.2165,26.0769,24.422,17.7603,18.0197,19.2448,19.6483,16.67,14.9496,20.0521,19.0687,20.8082,16.8602,19.2943,16.7382,19.0904,22.035,13.6032,17.0238,19.4696,19.2729,19.8087,18.0435,20.0802,21.4069,23.3199,20.2066,19.2637,21.8418,24.0549,20.6144,21.5666,20.0619,21.1734,26.0831,25.4969,21.4113,21.6316,20.5567,25.5182,22.9504,34.3982,34.0817,23.45,29.0083,42.8952,31.0898,26.9282,23.8098,35.2768,26.0701,30.1383,39.6865,29.167,23.6885,24.4222,27.9541,32.6004,31.2072,22.3012,23.725,27.3286,28.8237,24.6399,23.3366,25.273,21.9449,27.2655,27.3003,34.8282,29.7834,38.1057,28.3686,39.1303,30.6936,46.4984,32.4339,22.9603,35.7966,39.858,41.3001,31.5568,41.2883,53.6263,69.955,47.1732,54.5172,44.2144,36.9077,29.4602,43.7215,31.2487,37.3283,25.1518,37.7316,35.5512,28.5803,34.0367,39.5738,30.3845,33.3501,40.7405,37.3419,34.5756,45.1784,35.7152,34.2099,44.1766,40.4035,56.0549,49.54,43.667,43.5933,44.4744,52.9755,44.5124,31.7519,31.8568,31.7501,25.2083,49.9919,31.1734,28.5045,34.5868,42.3639,44.353,37.8397,47.2789,34.5495,31.2303,51.7634,39.6552,41.7434,49.9001,40.9039,41.1398,38.8141,45.4246,42.8453,34.4779,34.6919,28.5764,30.0383,28.1436,39.1098,43.5415,48.3634,33.0648,28.7303,51.6702,45.6368,40.0882,35.5284,50.6389,54.7146,41.8084,36.5815,43.0318,48.5234,32.8867,27.4253,35.6152,26.0733,37.8254,41.0697,28.7697,27.3268,29.8083,30.5018,46.0914,34.3832,35.0569,47.3049,43.0585,27.8697,38.3517,49.9601,46.8749,34.1901,22.6881,28.5985,29.3884,36.2643,44.9834,53.5367,33.2712,27.5517,42.6383,53.9085,43.04,34.2087,37.7284,45.6714,30.2837,37.5729,27.3949,28.6201,29.9584,39.1967,39.0933,26.6697,25.9005,22.1413,28.4503,31.0714,30.8167,34.7884,23.7803,30.47,28.8245,32.2235,26.9768,25.8483,24.5699,31.2851,30.9881,36.6884,33.6049,27.2303,28.5246,21.9121,31.8583,25.1836,43.4833,24.5497,24.9765,23.785,31.2399,34.6886,32.0732,32.7818,30.4868,25.7347,27.7535,28.1385,26.7264,27.7447,34.6846,33.2373,34.9684,24.4953,24.7652,20.3363,23.5902,18.9579,18.3816,33.2004,42.8987,27.1262,26.1814,26.5049,20.2767,22.8618,25.4838,34.4783,3.1414,0
2016,2,13.8036,21.0852,23.5765,27.1532,24.8416,24.2216,21.8338,20.0247,21.7565,20.7569,26.0436,27.1384,24.2911,18.8703,26.3115,28.27,26.127,25.3348,27.8649,21.7701,23.7648,19.4702,17.0031,16.1845,20.4101,21.017,23.6506,26.9846,22.2033,15.8785,17.0699,21.3236,20.7646,22.7433,21.49,23.7602,23.545,18.9852,23.4049,25.7499,20.4136,23.0266,19.2535,23.6516,18.4959,23.3098,20.5155,27.8973,23.8378,23.5433,28.792,26.1381,25.697,23.457,24.4881,24.0797,23.9532,24.4989,23.3289,20.3713,17.705,17.1447,18.8885,29.3553,33.5871,26.2436,23.2266,18.8558,18.761,17.1969,20.6302,18.2702,19.0882,14.5147,16.1937,24.3785,24.7328,24.4167,24.3969,23.88,21.7399,20.2635,20.9015,22.1503,24.9016,28.7081,24.3602,21.9661,24.0052,21.9364,29.7103,26.9068,27.4147,32.8276,32.9753,30.9019,28.9656,30.057,26.5118,24.0368,26.3578,32.2435,34.3999,32.6873,42.7102,41.5574,45.4067,50.3168,58.0604,45.5899,41.4348,58.321,80.4155,69.4135,69.5515,56.0234,45.6716,40.5489,46.4552,43.4733,29.2715,34.0448,33.9451,50.9049,45.5725,56.0364,41.5044,40.4587,34.3427,40.8589,43.3259,40.2995,46.309,42.9255,47.2671,44.8004,46.4257,45.2952,41.387,46.6953,40.1554,58.5835,51.5847,52.0461,61.4777,49.2018,56.1782,45.2487,54.2876,47.6018,53.6832,48.2326,48.261,55.9044,52.497,57.1871,51.9653,53.0785,51.5486,45.9382,39.3249,44.3186,50.126,62.1182,63.4873,70.8185,56.8503,64.4195,61.8886,74.5969,49.7199,30.6977,41.6152,44.897,55.3101,52.2647,40.8101,46.0456,37.5864,40.3187,41.7157,41.6915,32.9797,29.9244,52.2852,69.5059,57.3755,54.1072,46.5718,53.479,62.1312,59.9721,63.4607,60.3085,57.1171,44.1888,37.9867,45.2036,40.091,45.1668,45.1154,45.8573,47.4145,42.1167,45.2852,55.7142,45.3607,49.1933,34.2665,30.9079,38.9308,34.6297,48.2186,49.8702,48.9215,55.7695,62.1714,52.0898,61.3456,58.452,32.1079,28.8682,19.7146,28.5999,35.7072,36.0984,44.6933,38.41,31.8297,30.1337,41.1968,36.9051,32.6696,29.4232,28.5548,23.7052,32.2852,26.2283,41.2304,31.7479,41.0266,33.2467,37.4602,33.7362,27.7366,21.2235,25.9384,25.9585,38.2983,34.7068,31.7731,32.0117,36.3802,36.8984,26.1597,21.9618,20.0367,23.0035,25.0928,28.317,28.0584,35.7936,36.0982,29.5763,30.5618,34.533,32.3367,20.63,20.5839,17.8999,15.2593,24.5338,33.5207,28.1758,24.6565,25.1735,22.3884,29.5716,22.4334,24.1765,21.5887,17.8267,19.5765,25.3086,25.0103,17.8911,5.5681,0
2016,3,0,0,0,0,4.1667,4.1667,4.1667,3.3999,0,0,0,0,0,0,0,0,0,0,0,0,0,0,0,0,0,0,0,0,0,0,0,0,0,0,0,0.6417,1.2834,1.2834,1.8183,1.2834,1.2834,1.2834,1.9251,1.9251,2.5668,3.2085,2.96,3.8502,3.8502,4.4919,5.1336,6.417,6.417,6.25,5.4117,5.1336,5.1336,5.1336,5.1336,5.7498,6.2932,5.7753,5.7753,5.7753,5.393,8.6586,8.027,7.7168,3.4775,3.1634,3.0845,2.5668,3.3085,3.8502,5.1336,5.533,4.4919,5.043,3.9864,3.2085,3.8502,5.2336,5.75,5.1336,5.1336,5.7753,5.6219,4.9715,4.4919,8.0289,7.8016,10.2365,8.2714,12.5619,21.8887,16.745,16.0274,4.1927,4.7348,5.7169,19.0653,25.5922,31.6285,29.577,22.8052,23.8486,16.1087,13.0488,11.7658,16.0703,25.3341,28.9306,36.9423,28.8201,20.9162,23.1952,20.5713,13.8469,15.5254,20.5257,21.7404,26.2618,26.6389,17.5317,12.1442,18.1987,17.3987,18.3155,17.6615,25.9348,14.24,16.4388,29.1351,22.3159,19.4721,17.9351,18.2556,22.0485,22.425,27.3588,31.056,33.3217,51.3789,38.6216,21.6505,30.9652,21.8233,19.6749,22.9966,15.2543,7.6298,10.775,15.917,24.2911,28.1664,26.3918,33.9692,26.2371,18.149,19.2022,26.4422,20.2708,14.4676,15.3783,18.5369,20.5334,19.3944,14.5769,23.0838,24.8983,18.7803,15.1961,10.822,19.9488,17.1901,8.9002,6.9715,6.4385,15.3177,21.6656,26.1716,40.9004,40.5835,35.8668,24.0217,24.498,18.7684,23.0494,19.7385,16.4352,10.1015,16.1469,15.4856,24.5488,18.5375,18.4062,14.8788,11.5421,8.6586,12.8117,9.2348,15.7086,15.5566,10.9334,13.3351,15.215,10.7834,14.3568,22.4669,23.4003,13.4166,10.9002,20.9418,19.3217,14.7467,20.3752,18.5527,12.214,13.7835,12.87,7.8823,17.9502,29.7169,20.1166,13.635,16.3851,16.3618,13.225,9.1366,5.4501,4.45,1.9251,1.9251,5.9495,9.6168,9.6168,8.2083,12.6918,23.4003,18.5668,10.4839,5.1899,1.6083,4.8084,8.9417,8.9751,8.9751,4.7512,0,0,0,0,0,4.1667,4.1667,3.7666,0,4.1667,8.3334,5.3333,11.9334,6,0.7932,0,8.3334,8.3334,8.3334,7.0665,4.1667,7.9333,12.5001,15.3667,10,6.0333,1.6332,0,0,4.1667,4.1667,0.9666,0,0,0,0,0,0,0,0
2016,4,0.6417,0.6417,0.6417,0.6417,0.6417,0.6417,4.8084,4.8084,1.2083,0.6417,0.6417,0.0128,0,0,0,0,0,0,0,0,0,0,0,0,0,0,0,0.6417,0.6417,0.6166,0,0,0,0.6417,1.2834,1.2834,2.5668,2.5668,2.5668,3.2085,3.2085,3.0549,3.2085,4.4919,4.3768,3.8502,3.8551,3.8502,3.8502,4.4919,4.4919,4.4919,4.4919,4.4919,4.4341,4.4528,4.4919,4.2998,3.8502,3.8502,3.8298,3.2085,3.2085,3.8502,4.4919,4.4919,5.1336,5.7753,5.7753,5.7753,5.9756,14.1087,26.3978,26.6088,25.5235,18.5185,11.3284,7.9736,8.3421,10.2672,13.7969,13.0452,13.1505,12.358,12.1884,10.6793,5.849,9.3753,5.7753,5.2317,5.4049,5.1336,6.2297,5.3098,10.5837,6.8518,7.0519,6.5436,6.0883,10.7525,29.7639,32.8223,31.4027,28.1667,18.2243,11.5562,9.4036,8.1685,13.1505,13.6437,18.0855,17.998,13.0629,12.6118,11.895,13.7367,12.1586,11.6869,11.6067,12.1903,14.9544,13.1874,7.9863,11.5715,11.6153,12.2717,19.1451,17.2871,13.7452,9.7987,15.138,17.9428,20.3838,23.3506,27.5567,34.9535,28.1936,23.3852,28.4117,21.5487,13.5859,12.1388,17.0903,12.3088,17.5969,25.909,20.2999,12.6439,7.4319,8.2119,8.3421,12.8254,14.3016,12.2985,10.2054,10.6901,12.7756,17.2401,20.2788,20.4521,16.3738,13.865,18.0746,27.0885,20.9325,17.9937,11.2769,8.7753,20.5099,19.5588,12.9168,10.5729,15.0984,13.7019,18.8557,20.1629,19.2103,21.903,14.6332,11.7084,9.168,18.1586,16.4496,12.3699,12.2752,9.3085,8.5351,12.8184,17.389,21.4717,20.3085,17.7837,21.7418,22.6685,13.7415,7.5118,10.7785,13.0251,6.5176,6.3586,6.1329,5.0752,4.3046,7.9585,8.6002,13.2281,11.3564,7.0334,6.165,2.5084,1.8882,6.0334,6.0334,7.8276,5.4501,9.6168,6.4579,4.8084,1.1142,8.3334,8.3334,3.3332,4.1667,4.1667,2.0866,0,4.1667,12.5001,14.2667,19.9001,15.5031,4.1667,3.0466,0,0,4.1667,0.4333,0,0,0,0,0,0,0,0,4.1667,8.3334,10.45,6.9633,1.3666,0,0,0,4.1667,4.1667,1.3666,4.1667,3.7433,0,0,0,0,4.1667,4.1667,1.8666,0,0,4.1667,4.1667,4.1667,4.1667,0.8332,0,0,0,0,0,0,0,4.1667,4.1667,0.8766,0,0.6417,0.6417,0.6417,0.6417,0.6417
2016,5,0,0,0,0,0,0,0,0,0,0,0,0,0,0.6417,0.6417,0.6417,0.6417,0.6417,0.6417,0.6417,0.6417,0.6417,1.2834,1.2834,1.2834,1.2834,1.2834,0.8479,0.6417,0.6417,1.2834,1.9251,1.9251,2.5668,2.5668,2.2266,1.9251,2.5668,2.5668,2.5668,3.6279,3.2085,3.8502,3.8502,4.3834,5.1336,5.7753,5.2498,6.417,6.417,6.417,7.5447,7.0587,6.7583,5.8651,5.7753,5.7753,6.417,5.8609,4.6998,6.8447,7.0587,7.2253,6.4336,6.853,7.0219,7.0587,7.3364,7.2102,7.7004,7.0726,7.4245,7.0587,7.0587,7.0587,6.919,6.417,6.417,7.0587,7.7004,7.7004,7.1917,7.0587,7.2324,6.417,6.6713,6.417,6.3211,5.1813,4.1254,3.2085,3.2085,3.8502,3.5468,3.8815,4.4919,4.2809,3.5649,4.4919,8.6586,6.4135,10.9089,12.834,11.1951,9.3485,8.9358,8.9168,9.2447,13.7687,17.0416,11.0551,8.8467,12.1068,11.9583,12.9335,8.8034,9.0953,8.9838,8.3568,6.5492,5.8515,5.7753,6.5819,9.1833,8.7818,8.3414,13.622,13.0569,10.0634,10.683,15.1405,11.6162,10.9037,12.6031,12.8287,12.89,16.682,17.1454,12.5337,22.2346,25.8499,22.3052,17.1688,14.4699,18.1935,15.8858,14.0269,11.1335,11.5288,11.2435,10.8505,14.8767,15.6052,17.2033,19.6251,16.0654,13.7202,10.8253,11.357,11.2902,11.2198,14.2231,16.2771,11.6932,10.2576,7.6673,6.9945,12.6235,12.5821,9.7936,8.5685,8.1316,9.4503,10.5859,8.3523,12.5249,15.8245,15.617,15.7969,11.1836,16.0616,13.47,12.6551,13.0921,8.8319,11.6113,12.4504,8.0719,11.5136,11.7053,17.2004,19.1468,10.2982,13.5304,11.8208,11.2351,12.7563,12.8649,16.4483,13.665,19.2785,23.1752,17.2399,10.5831,6.5034,6.0313,8.0591,7.9001,5.1198,3.6669,7.1575,7.1112,4.2554,1.29,5.4501,8.7834,4.4767,1.2834,1.2834,6.7335,6.7335,5.5424,1.2834,1.2834,1.9251,1.9251,1.9251,1.9251,1.9251,1.9251,6.0918,10.2585,11.7565,12.0384,7.3684,3.0517,2.5668,2.5668,2.5668,2.5668,2.5668,2.5668,2.2141,1.2834,5.3597,8.9751,7.275,2.8583,0.6417,1.2834,1.2834,5.4501,9.6168,7.1167,1.5415,1.2834,1.2834,1.2834,5.4501,5.4501,5.4501,5.4501,4.8466,0.9069,0.6417,4.8084,8.443,7.19,0.3999,0,0,0,0,0,0.6417,0.6417,0.6417,0.6417,4.8084,2.255,0.6417,0.6417,0.6417,0.6417,0.6417,0.6417,0.4196,0
2016,6,3.6251,3.8502,3.8502,4.4919,4.4919,4.4919,5.1336,5.5334,7.0587,8.3868,7.4415,6.2281,6.417,7.0587,7.0587,7.0587,7.3351,6.8602,7.0587,6.7,6.417,6.417,6.3215,5.7753,6.3326,5.6217,4.5641,4.4919,4.7015,4.4885,4.4919,5.1336,4.6131,7.0587,6.8428,5.8619,6.4168,5.7851,4.7332,5.1336,5.3322,4.0181,4.7339,3.2432,3.8251,4.3302,5.1336,6.3453,8.047,8.3421,9.1351,8.5602,8.7853,9.6255,9.5268,10.3385,10.8587,11.6049,12.1923,12.5734,12.8617,12.537,12.5819,11.9438,11.6798,12.1102,12.2138,12.5938,12.834,12.834,12.916,12.7128,11.1585,10.9089,11.3487,11.7148,10.9571,10.4499,10.2088,9.0417,7.6497,6.4098,5.1442,7.0003,7.9499,7.642,7.642,7.9218,10.7979,11.1518,10.5837,11.4106,12.5088,9.992,9.6255,10.6954,9.6582,9.5671,10.2088,10.2518,9.4344,9.205,10.999,10.9921,11.8553,11.8789,9.9656,9.3781,8.6751,8.5351,8.4267,7.8395,6.3586,5.9118,7.0849,6.4254,5.4877,3.9039,3.675,4.3167,6.1834,6.8251,6.8251,7.9283,9.7134,12.5087,12.9353,19.362,22.5773,17.2903,10.132,12.8399,16.3888,14.8277,13.1034,8.84,8.9254,13.2683,13.6754,9.5626,16.8254,20.8832,15.338,15.3337,13.3645,6.9867,7.0003,6.8218,7.3014,5.9865,6.0559,5.2334,6.9902,6.3737,8.2837,15.6005,15.5178,15.222,22.2886,17.3934,15.9399,12.4606,16.3365,19.3703,21.7845,15.8855,9.1663,6.6189,10.9918,10.5782,14.1284,10.7921,7.3519,10.4669,11.3877,9.5604,5.3502,5.0168,5.6564,6.0617,5.5591,9.0364,12.5125,12.0084,9.5083,7.2246,4.1901,3.3295,2.715,7.3168,7.3168,10.3251,8.7099,7.3815,5.715,8.3468,8.4362,7.4733,2.8806,2.5668,3.1668,7.125,16.3365,20.857,21.0467,13.4444,3.7817,6.7335,10.4283,10.9002,7.5951,3.6629,2.0566,1.9251,1.6849,1.2834,1.2834,1.2834,1.2834,1.1675,0.6417,0.6417,0.6417,0.5632,0,0,0,0,4.1667,8.3334,6.1833,4.1667,0.1199,0,4.1667,4.8084,5.4501,3.3033,1.2834,1.2449,1.1549,0.6417,0.6417,0.6417,0.6417,4.8084,4.1965,2.9266,0,1.9251,2.4934,1.9251,1.9251,1.9251,1.9251,1.9251,1.9251,1.9251,1.9251,1.9251,1.8647,1.2834,1.9251,1.9251,2.3313,3.2085,3.2085,3.8502,3.8502,4.2868,3.8502,3.9298,3.2085,2.8334,2.0726,1.9247,1.2834,1.0813,0.1579,0,0.6417,1.2834,1.2834,1.9251,1.9251,2.5668,3.2085,3.8502
2016,7,12.834,12.5306,11.567,12.5719,12.834,12.7466,15.1466,18.1621,16.1884,13.6755,15.8435,16.0237,20.246,20.1846,15.787,10.3582,9.6255,13.2191,11.8831,8.3421,10.8387,9.3549,7.5616,6.1286,5.1336,5.1336,6.0732,6.417,6.4381,11.0591,9.868,9.3118,5.8752,7.7004,9.1353,10.8702,12.1604,11.4102,11.7072,10.9921,10.6573,8.7666,9.6255,15.6582,15.4603,11.8798,10.667,12.6372,14.0438,18.6093,17.717,16.273,13.9109,12.834,12.5547,13.4757,13.6781,13.9457,18.5125,21.5443,21.5637,22.5709,23.6193,23.3755,22.3177,21.3473,29.3249,25.8874,24.2856,27.9081,23.031,20.3925,23.3719,16.6618,13.1343,10.9594,18.8584,10.4112,17.2233,13.567,10.3504,9.1468,8.1624,7.7226,11.3085,11.4874,11.1572,9.6549,17.7777,33.1457,36.2503,31.5786,28.3505,21.8348,14.3755,21.1921,27.6552,24.5172,27.8339,28.1537,29.9782,34.9647,30.034,25.7175,27.9608,34.4059,47.4778,49.3433,54.5319,56.3727,34.3394,29.7987,31.274,31.5881,25.0818,31.1494,47.3045,55.1635,69.2842,65.3297,59.5089,48.5429,49.6668,59.6666,52.1761,48.5179,51.8289,46.629,54.8367,52.0155,46.7123,52.9365,46.3509,45.9351,50.8498,35.9243,29.6405,33.8248,48.5762,48.5906,44.1637,45.968,42.111,45.5258,45.1085,45.2031,37.0194,45.4388,49.0631,39.3404,46.8846,40.4351,37.6247,48.2069,51.2035,36.4782,39.8489,40.6312,51.7982,55.8689,60.1611,69.7031,59.987,50.0373,43.2835,44.0525,40.5844,32.1719,42.7839,52.3146,50.277,56.7678,56.1998,51.0829,44.861,48.4532,43.3169,46.5024,41.6101,45.9351,42.0749,28.2824,30.7169,39.3804,36.5712,43.2503,46.9933,45.4882,45.7325,38.1701,49.161,49.0701,50.1851,41.0006,54.9002,59.6503,61.3392,58.2169,54.1904,54.4598,56.5019,60.35,74.6843,64.7499,67.0151,50.8243,40.2949,26.333,27.3916,25.3756,25.6881,29.4595,28.7775,30.525,35.9673,34.8351,24.9551,11.1966,16.4301,28.1262,25.9087,22.2417,9.2927,8.6448,21.6836,19.616,22.5286,12.8696,17.426,21.0378,12.6998,9.4999,20.8335,17.3417,29.9168,36.6169,22.4997,18.0834,12.1167,18.0335,17.3183,24.8669,21.5,40.0671,42.767,46.3334,35.9547,22.1331,14.925,9.3916,10.2585,12.2251,9.7366,14.3668,26.2666,25.4001,23.0667,15.5667,16.1334,21.8667,19.7667,19.1752,24.9416,20.8084,21.0587,20.8966,15.6919,20.517,31.1594,31.6172,34.0604,24.1308,17.2553,15.1234,14.0303,22.7138,18.4368,18.2254,15.5842,17.0179,20.6818,19.8735,21.4839,16.9418,12.0189,14.1749,11.1472,12.1923
2016,8,11.8669,14.1503,13.9049,10.7921,11.0487,11.0287,14.8054,13.7582,13.2268,11.4338,10.046,9.8437,9.5087,13.9584,14.0567,14.517,10.0905,10.7921,11.2019,10.7921,12.1845,12.0755,16.7388,17.4976,15.8763,14.3352,11.5567,10.0185,9.4482,7.5349,5.7327,5.3282,4.8347,7.5836,7.7779,8.3019,11.8519,12.6021,17.9086,16.9305,12.8202,14.3345,15.8019,14.2653,14.4586,13.7186,15.0048,14.6473,16.3001,18.7954,16.3505,15.7869,15.4273,13.8516,14.2327,13.3448,13.6142,14.8019,13.903,14.4683,18.2208,23.1185,20.1721,18.009,17.4869,19.2192,24.254,20.1309,19.5657,16.8661,20.0965,17.1949,13.8305,20.0059,21.0842,14.3491,14.5115,8.5332,8.3421,8.773,8.7553,7.5737,8.9895,14.1087,10.4835,7.0587,15.8804,12.6135,22.3379,21.7348,21.3034,16.9276,13.9711,13.1464,13.7915,17.2497,22.3333,32.5366,30.4839,39.3569,62.4755,67.7844,65.4084,85.7692,86.6968,72.6044,50.9342,51.1243,56.5002,52.1516,57.985,63.6191,58.6806,46.1625,46.1695,62.7617,84.3161,91.2741,82.0278,84.6807,94.6311,83.0809,73.8396,54.5606,49.1301,52.5053,56.3417,54.7172,62.625,69.9997,83.0914,84.3304,69.6479,83.3689,83.6515,85.89,87.2544,119.7346,122.1959,128,112.6086,93.7908,90.3515,84.56,76.9223,86.0008,95.2281,104.74,81.4983,68.307,66.1184,71.1302,72.3925,72.6926,73.312,79.9088,77.5759,69.7857,56.6003,57.3341,60.7374,58.0705,70.3058,91.908,83.0283,80.6928,72.8182,61.6451,55.7771,64.0351,62.456,65.4934,59.0246,59.28,65.5697,67.7468,62.0662,47.4572,50.3893,60.701,53.0475,48.7084,63.9641,72.2603,62.3016,55.6633,72.1505,57.7076,72.3478,82.7533,66.7316,57.7395,56.9411,62.714,62.739,88.3815,106.4731,110.7745,80.6951,81.0534,93.4238,80.414,75.3104,66.3063,64.5723,60.8848,63.7835,61.8692,55.2978,45.6508,66.2964,55.9512,37.0596,16.0728,28.192,27.567,36.9063,42.4474,35.2174,18.7339,13.3998,18.5088,21.5901,14.7174,18.1002,21.7964,17.4072,23.5633,19.8083,23.2084,17.3417,22.3116,15.317,10.2001,13.0955,12.2157,9.5584,9.825,22.3083,19.6417,21.9083,21.5898,24.4501,28.2732,26.6499,24.3849,21.7432,13.2334,19.2799,25.7335,29.0085,26.3752,18.2748,13.4811,16.8847,14.4089,8.1833,8.5418,16.8752,21.2586,18.1759,12.6667,6.0982,4.4335,4.4335,12.7669,16.359,15.5335,12.5235,20.6642,13.6168,9.2752,15.6352,13.1551,14.8697,16.1402,13.3968,10.0252,16.5842,19.7336,18.3512,17.6751,7.2134,5.5214,5.3301,5.5967,10.5253,11.7503
2016,9,15.5864,19.2901,21.0821,20.8352,24.18,21.4584,15.2013,12.9358,10.5652,15.36,14.6385,14.4094,12.7649,12.8585,11.6215,11.5936,11.3035,11.8552,18.6087,15.1713,11.0165,10.8108,9.4231,9.5197,10.451,12.8578,13.4329,19.9336,22.9852,21.1686,19.0568,16.6098,13.0595,12.4598,11.9587,12.7383,12.6934,11.3531,16.2251,17.9222,23.554,26.3952,25.8724,20.9382,17.3268,14.0583,10.4971,14.6071,13.0921,13.0988,16.154,12.2934,10.2247,6.7775,6.1865,5.0752,5.4718,10.06,9.3101,7.976,8.6236,9.2234,8.8525,10.5234,10.5331,12.8016,13.7987,16.3505,20.2017,15.5252,13.9277,14.4714,13.9835,14.5752,14.4602,10.6417,15.5991,11.7425,9.2631,7.8805,28.7336,50.5484,46.3417,28.908,14.792,11.8893,15.5865,16.9503,17.8253,18.6867,35.4366,30.7699,36.8753,32.0665,25.4334,27.5965,25.2333,31.6515,32.3078,31.7481,46.3569,49.5699,56.7759,55.6204,74.2034,73.5996,78.2421,90.2305,82.2615,89.6692,96.3534,90.6417,77.4456,70.7621,69.9685,72.6653,55.4358,54.5116,60.0031,77.0433,79.7918,80.5148,88.4441,81.6419,66.0362,71.0831,77.462,64.1538,48.6348,63.4459,78.7996,84.6133,73.3372,61.7067,72.5273,80.2415,82.8209,80.7445,79.5896,89.0604,107.1046,120.2656,103.5099,97.1825,95.088,94.9306,84.9957,74.1831,81.2507,86.218,88.3172,89.8274,86.1181,72.1135,76.5944,64.834,64.2743,73.3702,74.3614,59.7215,54.0993,71.4419,74.9887,59.7399,48.5023,65.0255,71.564,68.6531,78.8882,105.3646,126.0365,152.218,138.2861,102.7685,108.1137,109.0806,78.3516,73.529,79.076,81.0838,69.3584,80.0718,94.6589,88.5442,98.0751,90.5041,81.0081,70.8838,66.0938,61.6061,73.4186,67.6735,83.6823,95.2441,88.5354,99.0242,112.8045,112.3894,111.8318,104.1341,111.2424,116.0274,88.864,96.4958,77.3877,64.33,67.6853,71.8696,81.6419,80.411,67.844,58.48,59.3965,63.6318,61.5973,54.8031,42.4417,38.97,32.8605,43.1004,41.858,29.7231,35.4301,38.4009,47.2671,44.1153,34.3715,32.8908,38.3852,52.5011,48.2368,49.2722,51.7568,37.8101,49.8985,53.3021,43.7032,58.5207,57.6397,41.6634,30.9281,38.4035,49.0803,39.9269,56.9965,49.6067,43.45,42.9833,40.4836,31.2909,28.9217,17.8716,20.9085,23.3002,23.1586,26.5928,25.7934,35.648,51.759,51.0003,47.0052,32.7918,23.7633,17.2766,21.1107,17.8324,18.8919,23.1104,37.0173,39.4247,38.9421,35.1988,31.5081,21.1563,13.8281,19.6466,17.2839,18.4635,15.405,15.6586,13.099,19.442,21.6064,23.0067,23.2444,21.5592,24.1284,18.9503
2016,10,13.362,9.8731,19.442,15.7031,10.0346,8.6002,12.0908,15.101,6.9584,6.0918,5.8623,2.6,2.5668,3.1146,7.3168,7.5251,3.0031,1.2834,1.2366,1.225,6.6751,8.1067,10.925,9.1101,11.4642,12.6703,17.5917,15.3083,12.392,11.8184,8.5802,9.2085,8.6636,9.5087,9.5087,13.5231,13.0337,13.1634,10.9328,9.8115,13.8782,13.2569,10.9753,9.5296,9.0853,9.7302,9.0601,9.4186,8.7499,11.5026,15.8561,15.6364,10.9468,8.8879,6.208,5.9599,4.9584,8.2635,14.8001,12.2299,13.935,11.8582,9.3966,8.218,8.9332,9.5251,8.2775,6.5499,5.4169,9.7084,10.3336,9.4751,10.1172,11.167,11.7503,12.888,7.9317,15.917,14.8998,30.7151,38.0417,40.6588,30.1082,19.0046,13.3834,5.413,12.9964,11.9919,5.2518,9.8836,22.9017,31.0569,31.1668,15.0933,22.1581,33.0714,34.5669,39.7835,46.9484,39.3574,37.6083,38.3166,55.4501,43.208,38.938,44.033,43.1172,59.8164,70.5729,64.8815,61.7665,71.8827,73.5519,108.1979,100.633,90.6154,67.7327,61.7751,63.8164,53.7942,44.9254,51.0054,55.3825,83.5161,101.5949,96.0965,79.2784,69.8807,78.6413,69.1578,69.9071,80.2459,83.7633,94.8488,81.0688,95.1023,87.9116,100.8644,136.907,120.9178,118.0451,123.1957,122.9116,122.2341,102.8938,98.3468,85.2991,94.5611,78.2412,73.6816,75.5363,74.6639,73.1073,69.3031,64.3395,59.3406,61.8307,78.758,72.7537,61.9852,58.7923,60.933,65.1351,54.2707,60.7623,62.5917,63.1033,62.1802,52.7264,50.7925,55.8082,66.1874,70.0085,71.1354,73.2121,79.1627,63.2811,94.0789,95.0194,93.0856,82.1195,73.1606,79.0625,93.8195,99.2067,94.2545,90.439,72.4488,47.178,59.8022,78.9416,113.7706,132.5081,123.4264,104.9386,105.7992,102.3439,92.8555,96.2834,118.7883,82.4287,58.9418,89.0594,98.4142,80.6342,80.9038,78.5366,87.3087,74.3582,44.6415,49.7883,57.529,53.8168,59.112,58.6214,43.8248,49.1895,65.5609,62.1696,63.0501,51.2996,42.4848,29.3166,35.7866,27.9166,29.0431,28.8251,19.7581,37.5919,52.3717,76.4338,76.8383,71.9847,55.6587,55.2503,69.7837,64.4913,45.9479,36.9582,42.3216,50.7245,40.4666,25.2447,35.1552,36.0584,36.7671,36.1085,38.0316,50.6151,47.7428,41.5395,35.2787,35.7083,48.5921,53.5517,45.0452,40.5169,35.2994,32.1915,31.7919,37.8669,53.405,40.1181,24.735,29.3581,30.531,31.1,32.8752,36.0386,29.8969,35.8804,34.2802,34.0799,30.7465,25.8669,26.4435,24.8337,23.9889,25.6001,20.8575,21.9504,21.0413,20.5007,20.9413,15.7092,11.0502,10.1665,10.4085
2016,11,10.7065,10.355,8.8724,9.8635,18.6061,20.8252,18.1586,20.931,15.7137,8.5583,16.7017,13.7165,12.1252,12.6014,9.3683,7.2251,5.8884,5.7169,12.4504,11.2558,9.8252,8.2717,8.1749,12.3467,13.5335,15.0234,19.3919,14.1349,9.8368,9.2419,13.4086,17.2168,11.92,9.3967,5.11,3.6833,3.6814,5.0218,5.538,5.0752,10.2134,9.2419,9.8836,10.2219,8.5018,6.1852,5.215,6.3586,5.9581,5.6585,4.6039,3.0917,3.0917,3.0962,7.9585,8.4396,8.6002,10.8267,9.2419,10.9652,12.8585,10.64,16.3583,18.316,17.479,15.9192,10.9754,8.9368,7.4341,8.0433,13.7588,12.9457,16.0102,14.8421,23.2467,19.9069,10.9232,6.9419,11.9194,18.7336,17.4834,27.4745,27.5536,15.9788,14.8918,12.5352,18.4051,18.8587,26.6935,28.4451,40.3634,39.4388,39.3303,38.9926,29.3386,24.7184,24.8265,45.6751,48.4061,43.8403,47.0249,43.4425,47.2488,52.3212,70.643,76.7338,73.2181,71.3832,74.2088,82.7912,73.2595,75.6723,60.3795,46.1093,49.7594,32.1563,42.6717,53.5453,56.3137,78.941,87.2385,68.6965,79.4927,90.5383,77.3986,79.7044,64.633,64.7626,55.7401,47.3978,64.6624,85.0007,99.2113,94.0445,96.429,95.2741,123.499,126.684,118.6658,103.9189,100.7651,105.317,107.8863,109.7326,117.8734,107.3968,121.6279,122.5099,135.0367,114.887,111.1536,93.1061,98.7072,108.018,105.5611,79.2066,71.7519,68.9474,68.4323,68.3772,117.3182,119.1576,105.287,105.3473,114.3616,75.8261,68.1077,63.0932,84.2694,112.8512,91.0183,93.7891,69.6356,65.2635,58.4071,69.7421,76.7782,95.9374,91.4708,131.6353,141.4791,109.7593,121.7349,119.8758,92.8058,76.8888,71.7796,69.8275,73.43,83.0038,91.8171,93.8096,98.441,102.1921,89.7662,106.0127,93.398,88.6179,103.5606,101.5081,74.9014,79.2187,97.0663,89.3061,85.6495,92.969,75.4213,69.7369,62.3288,60.8425,61.271,55.5941,70.1095,70.5027,54.4837,54.0246,51.2482,49.9766,48.9874,34.9849,25.3582,19.0804,18.2719,22.8509,27.2556,41.7586,42.1614,25.3584,32.0752,33.9775,25.8666,32.0446,31.5584,31.1257,37.2485,54.3404,46.7129,24.5414,28.4685,36.5701,45.9837,54.0229,37.8884,23.2625,24.5243,26.4683,15.6072,24.6285,18.2798,29.8269,51.2921,46.1419,47.155,39.1263,28.6084,27.9599,40.7833,37.6503,41.8252,44.3585,49.8701,43.9502,41.6416,30.7971,33.1671,38.7369,35.8002,27.8225,18.5718,16.9409,22.5839,18.0419,13.3318,12.9753,17.7837,22.4815,21.7428,27.4005,29.0996,19.5149,12.5266,10.0924,14.2587,18.9784,12.2402,7.5491,6.3586,7.0003
2016,12,20.7756,20.2568,15.6465,14.8799,14.4754,17.8419,12.6884,19.1219,19.6065,20.8498,19.7566,24.927,19.8691,20.9487,18.3068,13.5309,12.5687,15.8783,16.1559,18.6979,11.9103,9.8867,14.1868,13.8232,16.8503,18.1864,15.6902,19.1839,18.3103,13.4564,8.6411,6.5246,11.167,11.9132,8.0214,8.108,7.1965,6.6566,7.047,11.2254,16.8921,12.8337,23.258,18.2457,10.8919,5.8396,5.1734,7.0587,7.947,11.2254,9.8869,7.2064,6.7953,6.417,6.1796,12.4971,10.0635,11.9737,12.9383,21.4287,18.1338,13.6746,11.1524,11.729,15.6434,15.7002,15.7799,11.9838,12.1114,10.4131,11.1654,10.2139,10.489,8.6488,7.5116,6.4289,5.0752,11.167,11.167,12.1733,24.0436,20.4254,22.4003,17.1558,26.128,34.3419,31.1217,17.6675,13.2666,10.8418,9.1668,30.1236,28.4232,37.5418,53.9428,48.2,39.9865,30.9625,18.0529,41.6498,47.2633,36.4247,56.477,56.4732,64.2287,61.9031,61.988,84.0496,115.7879,115.8235,127.0507,115.43,99.8291,82.2495,104.0364,94.8608,120.9081,98.0378,83.2116,79.2627,107.9219,109.5378,127.4928,139.5427,131.7319,136.9094,120.4368,119.376,141.2721,152.0533,151.9098,163.7074,159.5408,128.1196,134.4069,160.0846,164.4962,149.2552,175.9621,190.2298,191.2122,212.1033,197.615,172.3279,136.8787,127.3701,141.0188,137.5164,135.4479,159.6642,147.4588,111.9872,91.4342,119.2214,97.3782,93.1916,92.1311,86.8398,124.7547,143.0009,148.342,148.6611,145.8375,129.627,108.4137,83.9428,94.6937,103.4153,116.5489,115.2496,113.8978,135.4786,134.8633,108.9012,103.0653,87.9396,83.5842,102.2736,97.6218,114.495,96.2514,74.9355,86.9102,100.3722,121.686,122.7949,118.0055,125.4881,119.8665,112.067,119.2434,124.014,104.8583,99.8583,112.7278,130.1233,120.6524,93.1396,92.9623,98.1193,132.4489,140.8416,117.5071,130.9517,104.4678,107.0278,85.2076,92.6255,95.4761,82.7933,75.9148,70.8195,72.0488,77.93,73.2559,57.3373,42.0281,26.4414,30.8637,36.3433,51.0787,49.2499,54.5592,48.2868,29.9613,34.9752,38.1167,49.6506,54.0648,46.8918,44.5769,49.9254,47.0106,46.5419,49.5624,49.4905,45.4335,55.4969,66.6851,52.3935,51.5734,60.124,74.3756,70.4821,77.8604,71.2016,47.7365,30.6862,32.1516,37.1338,33.4434,27.6214,31.6514,29.0283,44.5006,45.6768,33.7435,20.8132,25.8766,35.7421,29.4749,26.2436,21.1528,19.946,20.8215,20.1421,27.6635,23.5086,12.7419,20.3039,27.667,25.0784,27.7817,15.9399,24.1297,32.1419,32.022,27.6353,11.6482,9.2419,18.217,15.1714,11.4068,12.5835,8.7285,7.9435,7.2192,12.3336
2017,1,16.577,12.1151,14.5931,15.3368,15.9935,17.2583,12.7318,8.0199,4.4335,4.324,3.7918,4.2947,7.4967,6.6751,9.7834,7.3168,5.6001,5.3435,4.2946,5.3867,5.1101,6.3586,10.27,10.2768,9.9035,9.2185,11.8483,9.2419,6.5418,5.0752,9.8836,14.692,7.5613,5.8531,8.3032,8.3913,8.4599,8.1752,5.4167,4.5048,3.7584,4.1176,3.9901,12.2133,11.4835,11.275,12.1749,7.3049,6.6751,7.8768,8.0169,5.0667,4.1968,2.7139,2.4517,3.2085,3.2085,3.4267,7.3168,7.9001,8.1128,13.175,11.0248,8.6598,5.3742,4.1233,4.1999,4.1999,4.1999,7.8698,7.7249,7.2253,14.4925,14.6416,26.4423,21.8005,15.069,13.5583,6.3249,16.1751,15.6417,19.1084,18.6751,25.9502,26.5213,24.3548,18.175,14.4733,8.5083,6.9082,2.9416,7.2584,12.7417,24.5085,35.3102,39.7087,42.6595,26.1962,30.7332,48.6264,42.5666,35.6028,29.4831,37.3012,35.8412,42.8242,38.9209,47.8106,44.1387,30.1881,55.5003,75.2047,74.4786,69.9743,74.2811,71.2412,72.7395,79.0451,88.2786,84.9584,61.7392,90.8659,97.5776,100.6557,121.4497,129.2117,115.7362,117.4567,137.4877,128.7266,139.1288,120.0661,125.1345,142.4664,124.4242,138.1824,160.8539,166.0364,152.1855,154.3671,178.5069,170.3253,148.997,141.5334,146.2752,141.103,143.0042,115.2705,129.6988,118.0733,113.8368,101.5968,98.3896,104.3704,125.8291,122.29,128.2622,129.9441,125.9588,140.5269,118.3966,123.4996,116.5635,123.2807,117.6206,120.7144,107.385,118.0189,95.8137,85.1303,88.8272,76.9719,80.9591,80.041,87.428,95.1463,109.0297,94.8502,103.0917,89.2603,96.6941,119.0909,104.0399,89.1204,103.399,111.2432,106.9267,133.2336,154.7074,149.7489,127.8571,122.7822,105.1678,118.3759,118.8617,115.1143,113.6362,113.1337,106.8246,114.2952,100.234,108.0322,96.1031,85.3556,96.6687,94.8056,83.651,73.337,72.0881,66.1878,60.3457,57.583,63.4055,65.7956,67.9506,67.3585,65.0386,50.8924,41.4312,23.9331,20.3248,23.1346,28.8003,27.4588,37.3631,36.1164,32.0753,32.4046,37.5263,38.2101,23.6131,25.7252,47.5845,53.1101,50.6801,47.8503,43.767,52.8169,59.3281,54.7647,50.3118,31.8813,40.3161,33.521,27.05,21.4266,27.8534,27.9009,47.787,60.9671,63.6354,42.9539,47.7623,42.2107,42.2436,33.5333,21.6638,25.3002,45.298,45.018,39.6683,24.7472,21.834,24.0753,23.0765,27.555,35.3503,41.4187,31.6564,21.8984,20.5417,11.9252,19.6951,15.9884,17.094,19.2365,17.0533,12.3423,20.3585,16.8839,15.8067,21.0351,22.3281,20.933,15.7517,12.425,13.7918,18.2754
2017,2,26.6836,28.7634,26.096,29.7083,24.2961,15.6533,14.4252,10.6017,12.5917,9.0951,3.8917,1.9251,7.3752,7.3752,17.5753,16.4779,16.3968,11.2071,8.9194,13.3502,10.8368,6.2501,11.167,14.2187,15.3967,9.2419,5.8616,4.4335,9.2419,13.6197,17.1169,14.2286,12.9618,8.6885,7.0818,8.6569,6.3586,7.0003,6.1876,4.7633,4.8661,8.5992,13.4086,16.2475,14.0336,11.745,6.4492,4.4919,7.8783,10.55,14.5318,11.6734,7.2115,2.6111,4.7267,1.5182,5.3917,4.7416,1.8083,2.3916,9.5332,11.8664,13.6232,12.5724,11.3331,10.642,10.1165,18.6198,27.3589,31.8151,27.275,31.7222,24.8584,11.9274,14.1634,24.6674,30.017,38.5202,46.5539,57.4967,41.3099,28.7967,33.1613,38.7861,32.2894,30.3919,24.6724,10.2916,20.3418,18.2232,12.5169,26.4433,31.3083,12.998,12.6016,29.0389,32.0914,43.1982,40.7327,49.4829,43.8858,48.3579,57.6661,46.5062,49.013,65.3247,83.7816,80.5147,67.091,84.5156,90.383,92.8594,88.1297,92.1406,95.3483,89.9719,93.9525,135.7823,132.9879,134.2404,159.2198,180.4567,188.4471,188.7504,177.1871,128.4475,142.7471,130.4945,164.489,163.6722,152.7656,170.8632,161.9484,153.3426,150.4671,140.0111,192.6422,205.5813,182.9027,168.5391,161.4755,168.4845,173.3418,187.2292,168.3991,141.9236,156.1711,127.7003,150.5155,148.9482,169.0172,148.6431,132.3965,112.162,108.7422,121.5649,121.8128,122.8314,109.0699,104.3486,125.1161,116.17,117.2241,118.1701,120.155,116.1821,102.4059,119.7647,122.5025,144.388,144.3075,146.2248,160.948,157.5487,161.3942,157.9463,136.6958,135.8458,140.9816,136.4757,140.8248,129.845,137.3196,155.4919,168.431,162.3571,161.8553,152.4999,116.4331,112.2154,137.3855,136.3042,148.5433,159.6974,157.575,152.3193,165.5571,157.6497,127.6682,142.5847,105.0189,108.1982,133.0542,137.9941,144.2835,165.7209,155.36,140.5117,121.7697,104.4487,110.9977,109.3709,89.3537,93.6645,77.3649,71.063,77.0984,91.6335,93.7791,74.6698,67.0377,62.0545,72.0433,59.6117,66.3753,60.5031,44.8134,25.7345,38.8502,53.4585,53.0709,60.792,84.3054,93.3987,91.3451,89.1082,86.1855,85.6718,60.0115,64.58,51.0859,56.6133,62.5894,61.5716,43.1011,46.8779,42.7268,50.5672,56.0511,51.3275,51.4239,35.5294,31.4734,56.2502,46.4999,42.7052,71.1628,70.1247,52.0781,36.4932,25.305,29.1441,48.6905,32.5581,25.688,26.263,37.5232,38.7088,41.3653,44.8186,44.7881,49.3867,52.8603,40.2037,43.1764,34.9297,36.865,40.9149,24.6632,29.9422,29.3034,29.6281,20.7436,18.7401,17.2152,11.511,19.8004,20.2005
2017,3,48.9698,48.0567,53.7619,42.4466,42.1519,46.7721,40.8079,44.5932,52.1923,50.7119,26.9362,18.6716,23.0598,23.5852,23.2301,19.442,28.5744,30.0991,29.0419,24.0404,30.3503,42.8914,38.7,28.6535,23.3786,18.0682,16.0384,15.4616,11.814,12.6665,12.7669,11.6185,8.1418,6.1165,10.512,10.4449,8.9849,12.085,11.1684,8.0164,10.7034,12.3415,18.5131,15.0669,18.5686,14.4884,16.7269,17.3935,13.0102,11.6069,5.3302,5.0115,4.4919,8.0331,12.0302,12.3419,21.5616,14.3396,8.0001,3.4343,4.9,13.6432,16.5967,13.8167,11.7499,14.2166,13.15,16.3816,17.1419,14.2952,7.8972,3.0917,6.8433,6.6167,10.5533,14.1318,18.5335,14.1233,8.8347,23.1495,30.8422,52.7817,64.9888,117.9673,144.8204,139.7145,118.788,88.7582,71.7046,54.3913,56.3649,48.8868,69.0734,82.6902,85.4034,70.3695,57.3963,43.3892,39.9372,52.448,42.2285,65.0065,95.2815,94.9216,88.848,108.1069,87.1565,113.3796,122.3739,112.5227,114.5171,141.9709,134.6238,140.774,147.5628,172.4994,151.7286,116.6262,148.0573,148.8811,184.0523,158.4463,137.2748,125.9706,111.6324,126.935,151.2361,153.4404,176.26,172.3589,181.7068,172.2807,182.3554,174.4108,231.7022,250.6526,250.0736,247.7354,265.814,255.0467,236.0566,225.8507,217.2688,220.0879,202.7529,210.084,223.8682,229.5898,235.5787,228.1364,230.8202,237.3606,215.052,187.3957,171.4056,175.5773,192.3011,199.5153,193.4683,203.8356,209.1794,160.0192,160.4474,146.1315,171.5588,178.9346,163.4576,150.5165,141.9009,150.313,178.783,219.2907,204.3582,209.5996,172.9252,155.4611,163.9548,169.3632,157.6904,176.624,189.3644,163.434,191.8692,153.1127,147.0668,135.178,166.3199,189.3509,200.0164,177.7622,195.6591,188.1535,189.2316,204.8496,191.9041,187.0883,181.5657,181.694,187.4305,183.0652,170.6422,165.0069,181.8325,196.8641,204.5644,192.736,167.6557,167.5228,151.5531,164.7553,149.611,160.4252,144.889,160.2624,183.9287,192.1073,200.6963,197.008,197.3431,171.459,137.6306,154.114,143.1463,131.4366,149.1807,162.8198,147.2834,127.7212,99.5443,117.0864,151.425,157.5035,172.758,173.4745,183.1712,149.5551,129.5802,124.6663,131.0933,123.0043,109.2004,102.2822,108.075,104.4267,105.8434,103.9619,110.9734,113.4657,130.1499,133.0981,138.8228,126.1426,126.4967,108.4272,97.9566,95.3854,113.0566,110.124,119.4956,111.8203,123.266,135.5498,97.5462,86.3145,86.5307,82.2999,97.4033,101.2961,91.9751,79.0965,89.9433,86.3353,75.1396,58.4054,71.6369,79.0397,86.4838,79.9601,46.8697,36.7769,43.2085,43.8441,40.8916,23.33,17.6452,17.8997,32.0988,42.259
2017,4,63.0984,60.5755,51.0299,60.0416,58.9155,71.1396,73.8334,72.2784,64.1826,56.3759,41.6633,31.5,37.9735,54.1385,79.3805,82.8436,92.3518,79.69,70.4184,72.6744,64.9193,71.5767,77.5037,69.8535,63.6949,57.3613,41.1751,36.2323,38.378,37.5865,27.378,32.4109,21.6516,18.2249,27.7017,34.4267,22.0464,28.0335,29.6651,21.6413,21.4534,41.5536,39.997,38.3966,42.847,33.0563,27.7503,23.5063,24.2428,19.365,12.351,7.0849,10.725,15.8916,17.2667,20.3084,13.9128,12.4331,10.7834,14.7282,24.8084,33.4034,31.7001,28.8746,31.1946,41.0099,56.7168,68.6402,73.7252,60.0164,69.4124,62.5315,54.0045,50.487,62.7433,69.9018,85.8289,102.1573,118.4734,94.3098,63.3233,64.9097,112.1209,148.3625,166.8586,160.3643,154.0033,125.533,123.8366,132.9569,126.8563,110.4327,97.2698,134.7622,142.0583,169.5649,175.1852,198.4455,169.8347,161.3433,146.7294,148.0135,135.8567,201.2635,219.9382,255.073,251.7975,261.1846,244.582,247.5487,244.2312,246.723,266.2068,288.8108,324.6832,345.9837,336.8052,310.0954,373.1189,367.5448,418.8227,417.2012,408.3147,360.8295,310.0904,313.9144,332.2367,344.9565,376.101,356.0502,346.8446,340.374,370.9806,355.342,353.8953,367.8102,386.0031,378.4969,385.7992,373.6897,330.258,377.8314,394.9253,412.8809,370.6655,302.4003,350.7612,388.3029,390.386,387.2339,384.2368,369.5337,371.0017,415.0171,381.3105,360.7756,353.6541,336.4182,306.5897,353.3284,370.4025,384.3722,350.968,390.0679,398.7419,390.7821,422.5257,404.8809,402.7521,373.5352,359.6789,379.5259,384.4671,349.9703,349.4059,374.8224,373.9587,384.9469,365.8728,361.2102,346.3959,366.4365,391.5534,360.4124,320.1077,291.2704,350.0749,382.6768,386.5258,350.2614,333.2056,367.2671,426.0398,432.1927,434.8909,429.4214,437.0385,394.8936,402.0656,433.1159,440.7173,443.5614,486.8181,514.6668,521.4775,459.2384,455.9348,421.5349,423.4977,464.2471,510.6579,473.1203,479.1683,449.3282,418.7625,387.0071,352.1805,335.6196,309.0118,290.4396,316.8048,358.8186,397.4064,417.8624,445.6096,462.2375,428.1623,379.9283,363.2893,388.229,369.7206,339.3713,360.9258,350.2936,357.1906,362.7857,323.0495,312.9328,319.1092,313.1063,291.3476,281.1573,296.6285,294.8568,305.642,296.6808,359.9735,366.793,380.8828,398.0181,344.2681,310.5122,285.6931,287.3504,303.3646,298.3345,248.9769,241.0067,279.2712,285.417,280.5756,269.0384,269.5776,233.2739,228.3636,256.6705,238.2015,267.5285,251.2781,223.5479,205.0578,169.2741,147.9935,155.1868,167.0702,149.6047,127.8047,111.1517,117.3786,98.2782,90.7899,80.5565,88.7981,83.2087,72.0174,40.7653,55.4282,59.2423
2017,5,162.1033,178.183,152.5499,137.1828,130.6369,123.0797,110.3896,90.4847,70.3151,86.9179,97.5553,107.202,109.4017,93.7667,140.8108,122.1393,104.6402,104.2566,108.4598,105.2365,93.2362,98.2121,91.6282,58.5445,44.0012,56.5718,97.7618,102.2536,87.6685,97.7587,87.9645,87.6049,91.7551,72.5312,45.4716,48.9747,32.6617,45.6852,41.1683,28.7514,24.9851,46.4754,50.6251,39.5048,33.8552,42.0249,29.8846,33.7288,57.1436,61.94,56.0084,57.4384,47.2614,43.4315,34.4914,39.3086,55.9754,65.5382,67.5394,64.7236,82.4068,84.1768,117.6103,137.3667,132.1169,99.7665,109.6402,107.5235,114.4501,100.426,103.5068,106.8631,116.5299,136.7432,147.5171,155.4033,178.8665,166.1769,171.3333,189.3733,170.1732,177.8565,167.6325,169.2197,184.287,203.9097,241.7336,272.8975,334.0171,327.3181,274.9262,245.3927,214.1698,239.5731,234.3238,285.862,296.4519,294.81,320.5376,310.3018,345.9093,338.4756,347.4683,457.5326,512.9609,547.6396,479.1053,433.6256,373.9776,373.6548,375.1395,386.7045,401.9821,400.1573,419.1675,429.5719,467.178,496.1349,481.3118,491.9898,527.8525,485.4217,419.1548,431.6742,415.9007,479.7058,517.42,523.5418,538.1858,503.2869,516.1651,523.9191,513.2873,467.5299,481.8053,529.5776,542.3378,569.8939,544.2348,527.541,492.8846,522.9579,502.7466,523.125,521.8377,587.2475,538.3236,499.3847,572.6993,645.9828,635.455,609.3947,589.284,559.1343,540.8126,509.6998,502.3204,582.4522,621.3702,593.3416,544.7226,583.36,616.8632,616.7909,597.1168,623.0686,581.9903,618.2096,631.4733,647.1858,692.7473,703.3494,672.5865,649.5374,611.6319,572.8998,558.5199,602.5644,648.6713,710.9823,682.451,654.2804,648.688,653.1029,646.0361,585.7432,587.6513,618.0204,685.0771,658.4965,650.2004,701.6261,670.4095,672.3752,672.3338,683.1795,706.0386,704.798,756.9175,805.1514,809.9446,771.9439,799.7206,831.4175,847.4642,861.4107,876.6474,756.1285,736.3639,723.6648,688.7896,694.7424,731.8098,725.9435,739.8751,689.5712,700.7577,689.5002,731.921,726.4104,655.4684,606.0453,606.5,610.2226,568.0893,531.7222,509.9315,535.5791,545.0093,534.1683,540.9822,544.0351,605.353,690.9349,682.6023,620.4827,614.0906,557.9847,520.702,489.273,467.8427,477.1799,490.4759,515.3007,488.1675,499.3317,480.9074,517.7989,443.5499,441.1371,436.8198,420.2543,428.3799,409.2461,428.5752,400.9973,461.3537,476.9706,455.4069,485.4734,461.7201,448.3526,456.8568,448.7432,388.8857,383.2994,382.2604,385.8117,350.0568,374.6308,358.1066,368.4565,387.1862,386.1198,352.4929,286.5669,249.7983,256.1496,288.9343,323.7163,311.3538,276.4661,248.7271,248.5088,190.2498,145.9795,127.2223,158.9179
2017,6,225.1835,206.3959,181.393,153.4903,143.4292,160.432,134.7818,127.8957,134.765,132.065,135.3314,135.0283,134.2662,103.8411,85.4979,101.5484,113.5809,136.1019,125.0855,109.2582,106.0985,98.6778,100.112,93.5713,93.6351,120.1684,121.8158,110.4912,94.1715,85.4623,96.9146,94.6853,94.7476,70.6147,64.195,59.0278,50.1444,43.5698,51.9584,50.9895,61.6069,55.6316,42.6332,36.5667,32.0196,42.0934,50.5837,53.7866,65.3898,62.6235,43.8529,22.0199,32.2131,46.5968,55.3337,88.3176,106.7669,82.3996,69.4762,52.9397,52.4364,68.28,90.0534,106.9435,126.6304,100.6463,90.773,81.0099,98.24,122.2406,147.4604,164.5701,189.9636,190.4436,217.3133,217.3368,222.0032,265.3103,265.2699,267.0687,255.7911,269.8665,264.4691,249.6363,258.0663,290.4737,325.2234,344.6108,356.9443,363.0509,354.9842,325.7579,333.2453,285.5858,311.8096,345.9672,390.1109,440.4234,459.05,524.9785,518.1041,485.8515,558.2982,570.8781,562.019,585.8806,545.3154,583.0835,630.786,620.9863,613.4781,645.0122,693.1667,672.2957,673.2972,678.192,689.0931,737.6955,668.6782,670.5472,720.0828,774.3135,797.4169,758.7107,756.5988,679.9759,653.9163,707.2705,691.1666,687.2662,798.7306,743.7457,649.9018,630.3171,652.2476,667.4117,697.1749,687.7801,636.8112,640.121,688.1051,746.7743,734.5513,749.5687,772.6658,759.8855,746.5972,772.1832,821.4216,896.7993,900.3241,897.3443,861.1246,833.101,780.3504,811.6713,813.4329,924.5686,966.3506,991.1662,853.281,885.3935,837.387,832.2567,863.0305,882.7609,854.4465,910.5449,850.8977,820.3248,853.2644,836.64,849.3416,911.1505,903.0248,978.3003,910.6212,876.7039,923.0027,975.7572,1039.6055,990.3407,985.6252,1022.236,1045.4465,1080.7061,1087.3443,1114.937,1099.3171,1069.9537,1067.3444,1041.3179,1065.6253,1023.2236,981.0943,957.7044,983.6073,1039.5525,1044.3866,1007.3514,998.4885,964.402,973.9299,996.2775,988.3387,1069.1764,1023.0795,993.8945,975.1823,961.1357,1051.1827,1062.1418,1157.6532,1114.9625,1016.4602,971.9732,985.8384,938.8959,900.4335,901.3558,931.5792,894.0191,897.4291,845.5506,841.672,786.4911,723.8298,732.8901,764.7668,744.3561,756.0191,752.159,731.4722,728.9882,747.3917,760.8709,701.6461,715.2154,698.7531,686.071,660.4373,653.2097,624.3894,631.5274,639.8056,698.2386,687.6221,668.8298,593.8476,567.2097,546.2988,553.4926,522.1147,552.0463,666.1988,691.9898,696.2628,705.2756,710.8374,658.3348,624.32,578.382,584.6202,608.2399,636.0942,606.7095,559.3835,523.534,513.0173,489.7,496.4969,480.4757,461.9438,437.4943,411.972,428.7982,409.1311,366.5738,386.636,415.1353,409.9914,372.1047,369.5648,284.3868,260.4553,209.9289,177.1695,187.3927
2017,7,200.5401,175.8558,160.527,149.2756,136.0872,165.4817,162.2663,157.4949,146.7241,131.848,103.7405,90.7698,80.093,66.1597,69.8945,83.3243,79.957,89.3336,96.5571,112.3804,116.9679,96.2132,66.0923,52.3299,57.9001,70.3884,65.8499,68.61,80.7099,89.187,79.5226,64.8198,62.3165,67.5439,52.3797,51.0772,52.3513,54.8526,44.847,32.8768,43.1302,39.9431,51.3069,48.7469,48.4962,30.2462,20.5332,24.1131,18.4199,17.7432,23.8172,26.1668,25.5434,28.2266,32.8368,34.5735,46.417,46.1701,45.6398,37.6132,33.4865,35.8863,45.2503,61.2636,68.153,60.2802,77.5167,79.3537,88.8266,92.1303,94.9462,79.0231,68.8034,101.4304,134.4204,169.1571,216.0867,249.151,232.6463,198.5254,206.9703,229.2436,247.367,277.7138,310.0872,308.8733,274.6992,265.3021,251.1172,287.4535,272.5328,285.9035,249.7352,273.1443,323.0192,343.7372,378.7873,410.4995,378.7673,427.5596,392.9215,442.4579,502.6996,500.6105,565.3923,520.2695,525.8613,493.9043,511.0721,559.1843,575.1796,517.6485,551.3613,603.364,581.8058,603.0869,568.6866,566.6706,625.3133,644.7422,634.5824,615.6596,662.158,625.5904,565.9225,560.8191,601.3306,630.7631,645.0186,635.1491,683.7637,736.0734,676.2056,710.5798,711.0126,757.5154,708.2255,723.0357,799.0291,766.732,771.8445,759.8614,718.0106,670.0078,679.6391,676.401,740.0707,742.9973,823.6168,875.0227,830.15,894.1682,893.9448,890.7759,892.7654,869.3162,878.5088,928.5394,941.3268,984.5787,977.9376,925.4414,920.4176,934.0674,934.5206,908.7918,903.3116,905.4065,894.7481,936.228,919.5423,917.6056,960.1649,953.9005,871.3935,868.263,859.3788,848.2046,826.4237,840.7223,900.0657,974.7184,1040.4562,967.4436,980.7703,1055.971,1023.9458,1095.9724,1041.1831,1072.6359,1062.5497,1037.9065,970.1826,979.1305,967.1503,982.6462,914.1257,930.4565,943.082,954.9961,936.2254,935.9761,899.4132,898.5235,908.4166,972.0696,995.215,1015.5407,1052.3233,998.0202,993.3755,922.7106,909.042,872.6357,813.3618,818.1209,796.4988,806.403,922.5558,882.3198,777.6041,796.1806,748.5077,707.7599,701.4832,751.0126,779.8045,793.3444,761.8988,789.8556,795.2298,720.7427,614.1106,600.3668,631.0476,643.0136,669.6011,652.3485,667.1123,642.2167,616.3345,586.6075,570.7284,540.5667,546.9078,566.6212,530.9939,548.4986,520.5133,534.6879,580.886,597.2667,625.5769,590.2199,589.2524,576.5682,545.9075,554.9252,579.6758,524.9827,486.3993,503.8596,512.2023,504.0066,494.2225,456.8494,423.3262,433.7235,436.6391,436.9068,434.7348,424.8911,375.0982,338.3718,314.1513,321.2263,302.4212,296.21,283.5505,284.8522,308.9577,331.0722,330.5046,275.0181,242.3228,208.8481,173.3332,209.568
2017,8,232.879,228.9773,189.5713,178.7079,155.9799,158.0807,158.3741,149.5454,158.8684,141.4676,100.5974,97.4039,100.5882,82.3376,57.3102,66.9579,90.4572,107.2621,87.2778,79.6101,98.4107,93.5906,71.9394,74.9741,83.0034,62.6557,52.9596,43.8296,37.6395,48.7834,53.5475,56.9432,51.1635,60.1009,51.6498,52.0519,48.4081,61.595,71.1311,62.6665,56.693,44.1509,24.3696,30.4666,20.1903,16.7897,19,27.8697,41.2601,35.79,31.4598,31.503,30.1331,25.4198,28.0182,27.9196,27.5099,29.0231,36.2501,47.4831,60.1801,66.9732,92.0408,119.2071,115.6033,77.7359,54.293,38.4932,47.3032,72.147,89.4966,161.1956,203.7541,203.917,193.973,215.9102,232.8197,256.5362,256.0305,242.0065,237.818,262.7202,281.4021,325.7292,322.4756,303.2072,265.0649,297.2162,272.6162,276.3236,303.8282,342.9901,353.8719,381.5948,422.0642,456.7303,455.6054,452.2137,498.7045,584.0063,661.5472,721.4757,758.0058,782.397,747.3001,720.4327,716.8016,681.0879,690.6763,736.0563,740.7957,770.3211,740.5461,701.0273,650.6871,695.8324,701.8618,732.3939,774.4615,845.7208,842.245,857.4103,909.1477,975.4876,962.9834,966.3597,925.5214,903.8348,967.2114,996.0186,989.705,991.5955,1047.7679,1042.9366,1106.8529,1151.481,1167.7993,1135.4278,1177.3523,1195.8272,1124.4493,1123.7852,1069.4521,1100.6531,1159.0315,1163.2346,1168.1158,1205.4902,1247.2322,1176.4533,1164.2594,1184.2887,1251.3881,1264.7115,1299.2328,1276.3535,1285.9917,1257.7898,1261.7598,1280.1712,1334.4002,1291.7489,1259.7317,1277.1301,1296.1653,1273.8464,1268.1768,1315.9286,1400.6696,1400.5944,1379.6897,1420.6789,1458.0129,1439.3479,1344.9491,1304.498,1335.0666,1334.9718,1449.1196,1447.5022,1462.7424,1471.079,1431.0317,1334.8926,1260.0613,1317.9813,1439.2756,1457.7326,1411.5855,1449.8021,1397.673,1402.5907,1427.7329,1558.4483,1577.3095,1509.0463,1477.764,1454.2648,1432.5575,1355.617,1426.6592,1465.3509,1503.6902,1421.4533,1471.2581,1456.3854,1409.5055,1370.1243,1362.3066,1372.8688,1383.4811,1361.3042,1372.4931,1296.4599,1270.0852,1260.7581,1219.7703,1213.9385,1186.0103,1134.862,1086.5625,1038.905,1030.7674,1057.2072,1139.9595,1002.7972,1000.4675,958.5016,1003.6525,996.0974,930.5539,960.8647,872.3323,937.8218,933.8104,870.1891,874.9509,827.2802,781.8384,810.0771,818.7092,855.8187,803.7484,719.1104,682.9979,689.0016,702.4147,704.934,751.713,770.7767,711.4417,711.7009,676.8074,683.3315,673.6712,617.9277,622.1401,579.6273,549.7948,565.5848,592.2712,553.098,587.0074,614.8455,546.0034,566.9031,534.275,465.7119,474.5242,514.794,471.0625,485.7885,496.3167,516.1597,472.3952,427.5048,393.8835,357.4284,332.6136,327.6975,325.973,317.2843,304.4784,287.0082,281.9993,246.0568,200.4492,200.7429
2017,9,253.4394,228.0372,213.4412,198.848,175.5634,152.9697,129.7691,106.1061,103.4414,125.1248,144.1922,150.2517,145.152,132.8653,114.6402,109.9672,100.5822,104.4281,93.81,72.8038,76.0097,70.7801,79.8398,88.3753,95.2656,100.633,85.37,69.0104,67.7821,65.7114,60.7404,67.9161,68.0938,47.4639,33.5603,37.8257,42.0697,39.2669,43.9171,40.4644,29.3366,31.2957,42.9031,54.1342,51.4628,39.2206,36.6662,33.9713,37.6166,47.0912,44.0235,47.995,46.5155,39.9157,31.2728,34.4728,42.3296,41.2928,38.6196,56.4631,68.2931,91.4044,121.5994,163.7555,159.6698,113.3818,112.2661,113.8077,103.2103,97.8893,86.1129,118.9979,127.3696,118.3588,155.1759,157.6964,158.71,195.4398,228.2813,262.5131,269.9932,313.2366,328.7701,345.3973,348.3232,312.5096,315.51,322.0659,286.5364,290.9591,313.3701,333.1076,379.2375,396.8329,443.5533,427.2087,396.6849,408.4512,488.9085,531.3458,571.3828,600.0602,645.4365,698.3806,677.1759,727.2162,782.8381,796.5349,735.5081,676.4899,663.5665,723.2453,698.627,716.9646,805.3091,818.2039,876.4323,909.7701,929.9682,919.5526,864.0552,879.6171,905.9163,909.4805,861.4864,979.3726,1035.9786,1056.3881,1038.7584,1070.41,1010.2355,1019.6675,977.6616,968.8601,939.2463,1015.0809,1130.8333,1215.8789,1230.6124,1223.754,1212.5838,1200.2386,1129.1501,1129.0275,1175.0782,1206.7296,1165.5189,1210.2448,1198.7791,1177.8873,1184.9616,1182.2228,1165.7817,1200.1109,1160.5854,1146.796,1201.7867,1261.5139,1261.9541,1217.4616,1260.7055,1258.1388,1250.7952,1231.1769,1227.6771,1278.7716,1295.2795,1318.0785,1345.9963,1391.1692,1388.4558,1389.0782,1379.9921,1409.4238,1434.3248,1321.5885,1328.4693,1380.3344,1386.2882,1333.9025,1363.9806,1406.4335,1547.1699,1580.488,1478.2131,1454.1626,1448.7846,1374.39,1379.8308,1440.3641,1426.4368,1373.5783,1401.7787,1359.2074,1468.279,1492.1181,1457.4789,1563.2932,1502.8038,1418.581,1384.5073,1417.5408,1474.9609,1411.4959,1384.9907,1352.859,1337.1074,1375.1965,1403.0113,1340.3212,1258.2072,1120.6135,1152.2099,1191.4032,1145.904,1106.1263,1138.1118,1097.5749,1025.4324,1050.4985,1059.3488,1085.3923,1091.9676,1078.2833,1054.1698,1091.4762,1080.7624,1022.1227,975.806,912.4858,884.2842,900.3108,903.7278,909.9504,858.399,784.562,769.0052,777.3059,760.833,750.4242,750.0458,739.2706,747.9128,736.7283,779.6365,736.0899,669.054,645.9226,629.7352,661.5206,647.0163,617.2817,608.7436,663.5193,652.1825,686.8437,667.0808,637.1947,590.2725,633.2046,653.0206,604.7983,583.1578,527.733,524.4515,474.2441,507.1152,476.8959,466.0838,486.8858,494.3672,478.5338,442.891,389.7781,330.5714,333.0409,335.1495,371.7423,400.4432,374.4566,323.9911,323.6935,305.6236,262.0913,229.1547,204.8825,212.7178,225.9993
2017,10,322.2424,315.3282,302.2379,321.6955,306.4209,282.7973,261.0856,223.7504,208.0751,199.7486,203.4464,194.7289,197.2341,204.8568,192.9849,191.9016,167.3645,139.7158,150.7364,141.5912,125.4111,107.325,109.8685,110.606,105.421,111.0567,100.4322,107.8702,109.1941,121.7039,124.6328,135.7653,124.0082,103.4821,93.9929,91.9984,87.9676,92.3895,83.6172,86.3964,89.9112,84.7105,94.8072,94.8384,82.3771,68.3733,67.7686,58.0657,70.2658,72.8105,64.6589,66.1529,55.9072,34.9557,40.6559,45.3567,51.4844,57.8686,50.5524,49.858,82.0595,118.7338,174.3203,163.6165,152.2579,140.1591,122.8089,113.7667,99.8095,106.2853,105.3572,122.1261,142.8164,150.3919,190.0536,217.8988,221.4999,199.2694,226.3136,259.3887,240.057,250.9595,298.0575,331.9629,340.7473,334.4192,308.858,298.1287,351.6301,362.8416,433.0833,456.4083,419.7673,389.1642,469.6633,507.3231,466.4582,456.0426,532.178,554.5365,717.9563,765.1159,819.5697,901.8028,902.396,867.2583,923.6103,904.6306,789.9543,729.1861,731.6697,782.7998,817.4488,809.6221,804.5274,859.5887,868.2051,951.8719,987.4726,1010.0633,995.6859,906.9691,899.6515,934.8995,1057.5252,1128.7215,1155.3482,1175.223,1163.7765,1118.1717,1042.081,1077.478,1065.2752,1057.7304,1112.5605,1194.6294,1237.6888,1226.3145,1119.2985,1042.2887,1037.5361,1124.5707,1193.9137,1320.9094,1388.1883,1348.7608,1347.2418,1326.0792,1378.6734,1438.5201,1439.3008,1430.7505,1381.4973,1324.5023,1372.3668,1438.7477,1421.5463,1451.9622,1453.4053,1335.7059,1316.1682,1322.2235,1309.1318,1256.8474,1292.6788,1287.801,1306.8328,1238.5018,1267.9107,1374.2163,1417.3184,1405.3509,1443.4363,1343.7226,1293.8342,1235.6707,1235.1214,1338.0175,1370.2366,1418.8583,1479.153,1474.0058,1577.1467,1634.3907,1567.4509,1530.0362,1465.9894,1413.9086,1394.4194,1457.6554,1467.5352,1458.7755,1535.7163,1575.4506,1591.6358,1482.1383,1488.3032,1537.0018,1452.8497,1397.9022,1451.3724,1455.0481,1384.0498,1375.755,1336.6506,1353.2418,1297.795,1276.4564,1337.1039,1437.3925,1495.7614,1469.7259,1424.1637,1358.7327,1388.6285,1442.7858,1403.3027,1340.3526,1261.8812,1134.2919,1126.7718,1052.6746,1069.3614,1102.459,1080.567,1026.8746,1004.9349,1030.1651,1041.5641,1093.602,980.5285,854.3308,864.686,882.2328,955.0845,956.554,993.0023,928.1405,846.5561,866.2172,882.8928,861.0262,849.6659,830.3599,915.9428,914.7095,876.1549,794.7496,775.4996,797.3809,823.7419,848.3225,837.9269,797.748,708.807,722.0521,697.3057,674.2265,698.8715,688.7481,656.2872,728.0505,729.9344,731.3589,681.1994,648.2842,593.6535,554.9684,514.2427,534.9605,531.2074,547.1365,494.7847,396.5991,390.6281,427.1793,434.4007,398.1774,390.7119,409.6528,398.8515,397.3541,402.4887,395.4342,339.5142,318.3499,294.1005,309.7383
2017,11,432.3245,454.1266,463.6857,487.0617,478.9731,460.7622,426.1871,398.6548,379.1624,369.1335,362.0146,349.1998,347.6806,323.0327,327.4113,338.5492,337.8168,294.2612,286.4902,259.5151,250.453,251.0277,253.1599,243.9554,230.5009,226.8682,213.171,202.3451,192.0762,187.7275,182.3409,172.2336,174.1045,153.0481,141.3073,143.5498,124.6214,121.6168,126.9035,135.6225,126.3116,119.7361,121.9519,125.5004,134.4277,131.7508,117.8748,102.835,87.5427,87.2265,96.5871,112.7063,105.2574,99.5206,103.6337,113.7346,117.9543,109.8795,110.1987,99.9086,104.1912,109.2936,142.2474,132.1622,141.0412,142.6595,114.3211,104.4322,113.1083,117.1347,111.1247,125.7152,125.7002,156.0642,183.8699,204.1297,202.5805,201.8632,213.1737,210.935,222.2068,229.1571,268.3323,319.4598,370.378,444.6349,453.7215,433.7668,474.599,483.7332,470.2624,480.618,501.9103,485.727,444.4607,516.1503,589.1149,632.3839,650.338,716.7632,827.8839,877.2099,950.6361,946.2906,999.4897,1075.3211,1130.9395,1093.2978,1020.5789,1056.7495,1097.6056,1087.4592,1105.4131,1126.1669,1102.1934,1110.4644,1161.6117,1169.5785,1212.5903,1287.1793,1301.3018,1307.1625,1303.9832,1305.4712,1258.4946,1242.0721,1328.4657,1341.7787,1371.9959,1405.5559,1489.7196,1535.2028,1551.5643,1607.4795,1553.8506,1475.3715,1452.1659,1513.8187,1479.5771,1460.8523,1516.7339,1535.7088,1528.1427,1522.2331,1597.3159,1595.2358,1609.7414,1618.5553,1662.1792,1807.8093,1700.2954,1635.5477,1625.6325,1530.5829,1545.5766,1586.2844,1636.8327,1641.6111,1664.6452,1630.7041,1575.9398,1585.5676,1483.6202,1501.5,1480.9911,1513.076,1497.1895,1616.8271,1659.4502,1752.8255,1786.6937,1816.4755,1854.1918,1926.7087,1841.5994,1761.1449,1684.5601,1679.8507,1581.3434,1614.8814,1637.7373,1651.7676,1686.1843,1682.5133,1738.0041,1752.9101,1802.0977,1823.4702,1875.4755,1751.5941,1628.8842,1668.767,1668.0599,1734.4141,1735.0651,1740.3451,1802.199,1858.4519,1884.6761,1844.8002,1701.6549,1722.0479,1793.9884,1746.2439,1740.7713,1631.617,1591.6833,1587.7306,1689.9932,1724.4053,1696.19,1757.0675,1643.7983,1546.4992,1448.8365,1464.6193,1375.9818,1238.2474,1274.3621,1243.4007,1249.8213,1336.7113,1318.1142,1252.9559,1299.7513,1233.2601,1205.6798,1163.8744,1188.4432,1258.0555,1283.837,1291.7018,1220.4909,1213.6234,1176.416,1190.493,1208.9975,1217.4725,1185.1221,1132.4477,1053.8564,1025.2823,992.0682,980.4586,993.2534,974.4143,958.9597,957.6227,987.272,1022.4219,1067.5763,1062.3721,984.6226,1024.7354,970.6267,948.5413,999.2524,1006.0584,959.4356,1020.2698,1002.4739,962.3107,863.7938,890.2838,854.1983,869.6454,908.1851,877.2388,877.8115,785.4168,840.8186,748.5997,702.4865,654.2779,609.6614,563.5198,569.6277,608.4708,651.9354,627.8107,657.4892,625.1355,618.2386,609.2595,535.5218,464.8111,392.9824,408.9325
2017,12,593.5098,602.8778,593.1264,558.6234,566.0812,555.9627,514.8407,472.4887,474.4085,470.308,434.3282,412.8063,445.7193,457.3907,422.0992,395.1154,370.8142,377.7129,371.811,338.2446,328.1966,312.3155,321.465,297.7302,275.0365,280.6692,285.747,282.9377,257.8401,239.3027,226.7818,207.3182,163.7336,174.1621,184.3679,199.9454,179.8949,154.0314,150.0133,141.358,154.2001,146.4692,155.4225,167.0131,158.1131,144.0647,130.171,113.5011,102.7915,84.4793,85.7423,78.714,73.7051,89.1411,117.2139,122.6562,130.9782,148.6083,155.4786,114.9004,103.172,88.2043,123.9344,155.8561,180.7782,214.2791,201.4352,172.7567,153.2976,130.9398,143.7895,143.8939,164.9654,180.7558,216.9558,250.8941,238.8403,240.5958,251.2134,268.768,299.6645,317.1667,351.5191,342.033,385.2152,399.3393,376.3073,397.3348,460.8591,495.1547,516.8131,569.3379,534.2122,517.0269,548.2659,604.6787,617.4885,756.6392,776.4705,718.4731,809.3707,881.6785,876.3817,912.4031,999.6684,1115.1659,1098.0559,1231.9619,1341.2217,1376.7612,1314.2116,1284.1209,1326.4834,1375.3417,1428.1206,1542.524,1537.1856,1618.1265,1576.6133,1624.7528,1744.8917,1715.0522,1769.1233,1794.6668,1699.3707,1684.5524,1748.4273,1851.8212,1846.8288,1844.6511,1899.2042,1919.9373,1866.1158,1909.6065,1991.32,2043.4928,1985.9819,2097.7911,2166.3279,2139.8021,2091.6622,2093.3004,2061.3564,2045.8744,2141.4988,2236.4933,2172.9013,2143.5459,2113.2484,2178.7452,2171.6595,2223.3552,2215.1309,2165.2715,2156.6071,2218.5166,2224.868,2301.5033,2257.1789,2302.1708,2212.006,2182.2197,2174.8297,2316.2162,2293.5867,2345.6802,2235.4148,2248.2971,2152.3532,2156.7592,2181.0135,2245.905,2296.8554,2312.0167,2242.0378,2247.8646,2187.5518,2107.5255,2214.1606,2285.5656,2189.092,2327.8601,2305.5148,2301.1536,2332.5954,2343.6609,2400.598,2341.0881,2303.4758,2231.3969,2234.2928,2277.5825,2383.0662,2366.9804,2283.1984,2271.6827,2330.5994,2425.2438,2381.4512,2333.7873,2340.1526,2359.4565,2436.8748,2456.9286,2398.1174,2508.3291,2437.9415,2300.8404,2270.6405,2207.0345,2327.3757,2276.1939,2249.465,2204.0954,2171.6912,2147.3809,1997.1251,1907.3514,1821.9039,1757.2715,1708.9306,1745.601,1789.3164,1731.5178,1706.9067,1646.7613,1650.3493,1638.1097,1525.4203,1548.8675,1600.1502,1595.1388,1514.7651,1454.2007,1542.9925,1484.9359,1489.4789,1512.7501,1455.7421,1378.2875,1415.5835,1397.1244,1409.2048,1341.164,1312.211,1337.7234,1322.5048,1374.5291,1401.1101,1421.5778,1355.9159,1355.7037,1311.9138,1298.2873,1364.5706,1276.6247,1192.8912,1126.6882,1084.0463,1058.9343,1086.3117,1088.8747,1083.7773,1121.3386,1137.7761,1073.4713,1107.9526,1102.0552,1025.526,954.0582,840.8062,855.9863,848.5393,811.1272,753.5461,742.2058,775.7021,787.4014,799.3838,778.3832,746.1832,696.9206,659.359,639.3474,628.2612,605.5294,540.1617,544.9891
2018,1,829.0651,822.3851,785.0747,678.0016,642.418,622.4854,627.2754,599.3623,565.4036,537.4738,536.6022,515.147,531.22,527.8958,519.7043,522.3619,534.5202,519.6526,521.3821,484.8431,461.3405,432.7197,411.0611,419.4254,413.4983,412.5192,371.9608,361.756,389.983,373.2658,377.2381,356.72,344.2555,313.1528,294.1243,266.5174,242.7716,240.1591,241.4772,239.6307,235.0823,227.3903,203.709,209.1674,197.7764,210.8351,226.942,250.1238,229.8916,206.2646,199.5787,181.1808,176.7491,158.8708,146.9327,135.5552,131.9637,127.612,122.9613,122.8997,118.9591,112.3019,130.6842,145.5402,161.6163,157.4454,170.7904,161.6887,206.9945,208.7231,206.3517,214.8268,209.605,203.765,210.4186,225.8625,251.3973,280.5125,292.3639,418.9646,382.2345,398.8433,354.3274,389.1994,427.2963,419.2474,439.6402,478.0603,502.827,484.1204,477.1437,512.5225,519.5795,601.0444,598.7718,679.8902,781.2117,891.0911,960.174,993.1162,1013.7178,994.9586,1066.8027,1116.2093,1173.2614,1202.1738,1352.7814,1322.8567,1289.2418,1312.4638,1416.782,1558.7446,1686.1755,1699.6089,1704.4595,1690.4662,1652.7377,1735.7696,1748.5306,1737.1324,1797.9018,1771.9141,1772.7187,1749.1999,1844.1405,1965.9849,1954.4998,1909.1721,2006.7051,2142.3241,2209.227,2232.1726,2160.0199,2132.6765,2063.5987,2094.1541,2101.7557,2090.0752,2118.8806,2155.4209,2123.585,2174.1891,2127.6502,2262.6361,2263.3174,2264.3327,2341.2523,2525.4071,2579.8274,2554.0012,2472.8862,2444.2637,2480.0924,2464.7637,2495.7876,2525.6865,2522.0343,2414.8928,2449.355,2440.0791,2328.7549,2283.9169,2314.9338,2353.5529,2446.1918,2492.5888,2482.0054,2523.0549,2456.2403,2396.5698,2336.2761,2278.8069,2200.1983,2240.79,2217.8792,2225.0717,2176.9419,2251.1185,2223.7403,2224.9518,2427.4856,2607.2038,2562.2555,2497.6296,2426.2787,2458.2571,2488.5951,2544.0547,2578.188,2475.3146,2500.2197,2475.0158,2508.7743,2579.0355,2584.6127,2652.6761,2753.1461,2853.4239,2864.0183,2828.6239,2750.4331,2729.4504,2789.7832,2857.1942,2837.8892,2774.0136,2808.3324,2776.7605,2697.3666,2653.1468,2731.7774,2709.8831,2531.3958,2460.8623,2473.5845,2389.5779,2345.6395,2267.9504,2263.412,2222.0637,2222.2378,2199.2056,2156.0096,2172.1083,2141.3515,2196.869,2103.724,1998.2266,1850.9203,1785.535,1745.4727,1860.5957,1921.0734,2066.895,1973.3997,1912.4606,1825.8151,1768.7044,1760.3196,1766.6452,1701.4273,1738.6176,1772.0719,1682.6416,1706.7728,1722.5925,1642.8574,1656.196,1581.9521,1616.1188,1655.9587,1568.6565,1584.6907,1544.0286,1487.1263,1485.0769,1472.3768,1411.6133,1401.3223,1329.5409,1279.8123,1262.6434,1288.7962,1206.7131,1162.8569,1269.1816,1283.2449,1250.6406,1196.1368,1153.0935,1105.2768,1057.8253,1030.6527,1002.4374,890.6546,834.6566,877.917,900.8384,903.4656,910.8992,931.0007,929.0582,912.7175,849.4786,768.6453,724.2699,730.3124,805.1581
2018,2,860.9181,822.1088,828.3601,776.4258,767.9805,781.9758,723.768,700.9087,692.2987,653.5771,661.3076,635.2064,621.8928,572.8563,566.5006,576.333,570.6094,544.153,503.0032,477.868,452.4541,447.9226,439.1797,429.0499,415.5537,414.9361,432.4595,398.8709,395.8513,382.0486,349.8225,326.1032,312.6158,325.8078,289.9043,280.9067,255.8782,261.034,248.0087,242.9613,260.3139,223.2516,197.7771,194.5111,201.894,197.8839,199.5207,209.4974,197.9701,186.091,177.2266,164.6815,178.705,160.2943,153.3663,134.4228,131.6591,127.0719,117.3156,105.8354,127.2777,130.2409,139.2389,129.4564,151.6208,166.4226,168.598,179.7198,205.6903,187.8629,191.1399,186.6982,202.8882,198.7724,234.3456,242.9651,287.3308,272.7784,251.9195,266.4152,272.8126,308.4763,349.2265,358.2407,378.2125,448.2468,527.1847,588.9894,581.7412,558.3463,597.8507,639.6027,678.1876,684.6697,764.5328,852.8753,879.7157,936.6559,954.9469,1045.5067,1071.8153,1109.4863,1171.6248,1225.88,1206.7482,1235.6803,1275.541,1255.2784,1373.6947,1435.7605,1515.3184,1563.57,1465.5695,1437.7787,1384.8828,1350.0171,1399.7628,1484.6762,1558.1216,1558.1285,1570.4083,1697.5773,1802.1593,1836.4046,1838.0433,1915.1103,1989.9319,1994.0533,1894.1689,1827.9562,1746.4281,1828.1501,1798.9162,1982.1835,1997.3985,2050.1988,1983.8657,2003.4991,1941.8071,1981.402,1972.6175,2022.2698,2011.3119,2019.5674,1996.3705,2016.7784,2088.6953,2166.3901,2206.0887,2218.3986,2182.0892,2169.2685,2145.3888,2226.9129,2352.7317,2424.2116,2447.2819,2318.1849,2386.8935,2362.7918,2294.4916,2261.538,2182.7851,2172.2399,2122.95,2119.154,2161.2617,2231.5796,2146.624,2062.9465,2135.8915,2170.416,2127.7433,2096.2796,2090.1888,2002.2773,2009.4986,2051.9549,2072.9066,2130.4904,2199.9234,2185.5195,2093.6713,2096.2873,2094.9462,2182.6581,2241.3226,2278.6554,2232.3558,2256.5252,2281.0292,2339.2671,2283.1849,2231.4831,2291.346,2262.9554,2294.2622,2383.7599,2393.6144,2338.7991,2254.1572,2330.4783,2356.8251,2435.2584,2491.2458,2504.2779,2549.8987,2577.829,2391.765,2406.8799,2382.8114,2403.0193,2405.2767,2321.7331,2328.9071,2280.7875,2201.3948,2144.1009,2172.1839,2185.4798,2179.4872,2127.6193,2041.9333,2043.103,2021.4464,1917.669,1837.2248,1863.5288,1799.5049,1841.2881,1891.3198,1866.1019,1916.9049,1944.1602,1843.9456,1810.0907,1829.6202,1767.9675,1661.8886,1642.5726,1614.8087,1589.0726,1533.239,1546.738,1496.528,1514.0233,1564.3797,1571.9973,1555.3328,1505.8443,1456.9826,1451.6301,1518.0486,1504.4885,1371.3829,1338.7176,1356.7321,1311.7655,1331.2611,1358.1311,1283.8161,1320.8238,1306.2078,1307.3438,1256.3203,1231.0439,1201.7943,1189.1587,1071.3607,1015.3663,960.7212,973.9804,946.1713,964.37,965.133,988.5955,1059.8661,1091.1448,1125.0574,1123.8664,1152.4716,1166.789,1094.2352,1033.2293,957.4764,821.3802,734.1548,775.5475
2018,3,1217.9332,1207.9144,1165.0478,1132.8691,1128.3225,1053.8267,1027.3783,989.824,926.8182,846.6059,840.7539,815.3823,819.4642,788.8577,755.6467,761.347,769.7316,717.4656,677.9986,641.6167,619.9171,581.5427,542.0838,524.3994,503.9555,471.7601,462.8105,465.3349,468.4036,479.2181,455.3153,421.7021,366.8665,334.9624,331.7605,336.4843,324.993,331.3995,311.793,284.9586,265.2863,268.6262,240.6869,220.2359,220.1356,219.1222,218.9163,209.8291,207.4316,204.2531,212.2071,195.7583,227.0393,224.0499,215.2619,199.307,208.5106,215.7945,191.4197,178.0304,164.3129,200.9779,216.6058,235.2362,255.9297,244.0894,263.1966,255.4962,287.6031,308.6268,333.9584,338.949,343.2649,354.5222,334.5896,348.4134,327.6275,388.0714,411.3255,451.492,443.8155,441.3571,480.0988,522.0143,582.5367,612.9463,625.7782,693.7802,721.5875,711.5902,679.6806,708.3116,715.1837,829.0393,823.809,841.1017,865.4348,963.3315,1007.8397,1064.668,1098.4796,1235.4366,1242.4856,1390.1514,1455.8012,1522.3524,1579.0951,1625.6244,1637.0176,1602.2508,1556.7447,1543.8382,1702.2147,1723.403,1687.2875,1778.5902,1765.7768,1685.6934,1762.9539,1802.1822,1835.9908,1800.5344,1739.2881,1943.3841,2018.8897,2039.5529,1983.3609,2013.1001,1937.7733,1922.3237,1987.3022,2025.2509,2032.3285,2066.7991,2078.1367,2055.9649,2064.2593,2135.8006,2232.8483,2274.4945,2282.6691,2300.4869,2260.1741,2270.7905,2353.4347,2288.7629,2413.2269,2466.9052,2478.5019,2393.3801,2474.805,2531.7431,2530.7701,2491.8987,2368.8629,2213.7427,2198.0836,2244.9782,2353.8802,2479.9168,2554.9456,2585.5449,2571.2283,2422.2902,2288.4039,2375.6241,2429.6708,2325.1963,2246.992,2294.5026,2343.9651,2317.6501,2366.2253,2468.0672,2466.0723,2484.295,2527.9937,2712.9231,2686.1041,2629.9509,2628.9499,2666.7661,2661.7812,2554.7089,2675.7941,2740.3633,2804.3015,2877.5913,2845.2055,2767.1122,2733.4307,2656.1525,2650.8639,2781.5649,2774.79,2813.4815,2837.4365,2994.0454,2918.3389,3047.049,2969.3281,2912.8428,2877.2574,2918.5439,2925.5263,2867.7223,2884.5068,2883.1176,3046.5943,3026.1182,3019.8315,2983.2888,2918.285,2834.7865,2809.034,2778.2907,2692.2211,2647.3013,2701.0637,2756.1564,2706.9085,2790.142,2769.427,2779.0045,2694.9142,2646.0145,2557.6807,2499.6526,2437.0833,2397.6394,2403.2592,2410.1981,2321.5514,2375.5386,2389.9002,2324.5297,2239.5185,2229.5095,2224.5422,2232.9828,2211.1425,2127.6839,2130.4243,2171.4701,2152.8245,2114.176,2067.4137,2022.8071,2084.5576,2049.4687,2023.4393,2085.8875,2107.9442,2111.3104,2124.5878,2000.2972,2008.0003,1980.2775,2011.9222,2039.7554,1985.5582,1951.7804,1802.0805,1727.943,1712.2734,1682.7996,1635.7951,1597.4637,1582.4877,1592.1686,1550.119,1532.2079,1488.114,1422.7999,1384.224,1343.3193,1362.7997,1425.3468,1533.7881,1527.903,1552.8235,1500.6164,1401.3841,1298.3568,1231.1243,1129.9351,1077.4253,1125.0687
2018,4,1405.366,1359.9616,1283.4043,1230.496,1201.9046,1169.6942,1127.5892,1062.3198,969.2425,880.3914,833.5601,846.0884,839.5215,814.0392,792.3175,766.2613,723.6456,703.8985,669.0215,669.3084,651.9822,607.6915,623.9856,602.671,580.6336,556.3584,504.2772,506.0926,486.125,455.9572,482.2399,456.2562,430.5002,388.9403,376.2136,347.7507,330.0552,320.4123,319.0641,297.3212,283.0917,271.2613,260.3093,261.705,266.1378,265.1072,251.4236,253.5132,241.4427,219.9946,228.5626,226.2942,227.5841,214.0572,204.9348,200.9803,211.435,197.788,181.1051,183.9863,182.0096,205.6295,195.3488,218.8063,233.1755,226.8977,232.5679,244.1948,271.5962,306.7569,307.7435,321.3431,315.5232,328.8208,353.2317,390.2022,430.0065,520.7408,568.779,587.3025,570.048,584.4096,628.4483,699.6555,696.7036,645.4001,711.0228,703.6665,686.1284,675.957,685.3585,735.96,761.622,783.1579,735.7784,771.3256,872.8044,1010.4239,1128.1026,1203.7184,1327.7665,1418.7654,1477.2845,1500.1405,1429.7491,1464.7149,1527.7841,1650.0086,1607.2865,1607.4143,1594.6405,1677.9558,1717.2767,1719.8026,1704.5854,1670.5407,1670.1194,1736.5057,1840.6797,1891.8833,2042.4887,2066.38,1979.7794,1929.3024,1880.356,1992.0492,2058.9117,2125.4597,2069.7501,2133.571,2146.9793,2142.4397,2039.813,2039.5056,1992.3514,1957.5199,2004.1747,1946.4582,2012.8885,2080.2921,2192.1692,2283.4238,2249.1679,2364.1069,2251.7825,2175.7349,2247.1233,2349.2443,2367.7629,2348.9783,2403.9178,2315.0203,2299.5186,2314.7359,2232.698,2134.937,2186.3839,2250.8033,2241.6552,2345.9911,2451.0602,2537.8766,2501.8687,2463.3387,2392.258,2366.9338,2495.3322,2436.9798,2415.0544,2441.5337,2477.0127,2515.6437,2576.2079,2574.0533,2614.6291,2575.1537,2474.3191,2529.6197,2682.3891,2758.2174,2819.4794,2767.5654,2707.7781,2773.0019,2811.8522,2837.7032,2763.0639,2723.265,2769.6552,2813.927,2919.5501,2907.6784,2958.9567,3035.4606,3101.6488,3119.8459,3213.9103,3279.9989,3460.0133,3472.3115,3425.9917,3380.5675,3240.2593,3163.8959,3280.2237,3441.1584,3581.1659,3600.6889,3538.5868,3495.3648,3441.6226,3359.0778,3338.9885,3295.9032,3263.6424,3113.3814,3107.5162,3067.9674,3186.0281,3241.4853,3207.8358,3103.3607,3018.3152,3135.8686,3108.3879,3143.5149,3188.1897,3031.1239,3015.4162,2942.6947,3023.2581,2974.8102,3041.2447,2990.525,2926.7549,2909.9502,2827.4329,2693.7007,2647.3991,2573.7721,2615.0559,2732.4704,2699.0149,2675.7641,2601.3143,2524.732,2602.0853,2690.9226,2585.2577,2475.2455,2363.1369,2327.6179,2428.4361,2501.0256,2549.9075,2637.0854,2624.6514,2626.1898,2579.3974,2518.5638,2464.4591,2401.5988,2403.8116,2290.689,2129.7506,2094.154,2082.5676,2144.0217,2096.9575,2064.9234,2006.0127,1852.951,1780.7517,1713.7052,1697.0533,1696.1525,1692.2999,1679.8957,1693.492,1673.6964,1671.2558,1625.0147,1546.3165,1473.6333,1418.6599,1343.6552,1282.6844,1314.1706
2018,5,1030.841,977.6432,971.0492,897.4749,835.0079,817.3301,799.8911,774.9035,754.6345,723.7433,676.5547,607.0568,620.3702,573.4701,559.5172,543.4154,538.4911,521.5635,528.9555,495.8726,494.4752,463.8915,431.9597,396.5436,386.231,365.591,366.0299,350.8283,337.4856,324.01,337.7214,315.7256,328.0708,310.1878,287.2376,253.4785,234.4666,248.6728,255.0803,237.3881,232.2341,231.212,220.3503,203.7104,196.4995,205.8167,200.3917,187.6718,182.7686,175.7092,147.8713,140.5913,151.7134,141.3315,131.643,121.8049,134.9365,129.7564,131.4489,128.0231,147.4932,156.313,165.0849,183.4243,186.4672,210.1153,221.0323,230.0855,198.5268,209.554,215.6302,230.7353,262.7861,290.6064,318.3064,353.8998,393.9757,454.4508,499.0757,526.1573,537.6577,528.4332,548.5465,579.8106,599.5698,623.7308,597.4518,579.3212,555.3447,578.0688,587.7041,576.3964,595.6347,602.831,681.7631,771.0912,817.8761,856.2257,874.1171,828.8814,899.3298,950.0881,988.8323,1059.4107,1071.656,1135.4642,1139.9059,1122.6588,1175.5431,1243.7908,1233.5941,1294.9609,1362.3638,1325.4324,1364.6073,1355.496,1341.6619,1376.7225,1359.4913,1317.0098,1356.1881,1357.3496,1301.7147,1275.2385,1313.9375,1327.8139,1341.7144,1369.6844,1336.0556,1420.3853,1386.8561,1391.1684,1400.3403,1418.0325,1511.2219,1520.1442,1513.2961,1535.4709,1589.655,1637.8716,1655.9616,1690.9986,1725.3057,1743.0928,1641.9208,1637.9968,1645.1254,1624.6751,1650.6467,1651.7996,1633.8657,1724.1469,1647.9041,1715.61,1641.4859,1728.7813,1766.2977,1719.7146,1700.1483,1650.1811,1689.9408,1745.9129,1758.9345,1824.3563,1829.0123,1827.6342,1820.1493,1772.5439,1742.0913,1778.0107,1759.6684,1782.595,1794.4129,1743.6973,1794.5998,1905.8756,1952.0925,1899.8422,1801.9998,1837.6095,1881.2682,1973.0235,2068.2611,2041.2416,1976.8269,2060.6151,2136.8318,2209.3079,2305.4503,2263.2048,2261.0979,2373.3127,2470.2784,2360.719,2286.9561,2318.3629,2192.2469,2162.089,2321.7742,2419.5499,2540.1161,2452.8607,2361.5294,2293.5392,2363.0769,2313.9524,2444.7081,2408.12,2385.7923,2407.0236,2468.222,2462.9795,2380.2863,2383.8485,2379.0787,2331.3264,2293.1993,2325.4598,2343.1691,2361.4864,2329.0455,2350.9695,2286.0149,2308.2212,2276.8661,2207.4307,2178.892,2110.4685,2089.0718,2042.3178,2093.6709,2084.6444,2076.2097,2132.7229,2150.1846,2139.1853,2039.5507,1989.0873,2018.0795,1955.515,1997.616,2034.6611,2087.5979,2077.7572,2002.3935,2015.6921,2075.3873,2056.8247,2067.0601,2045.9865,1997.9379,2012.427,2010.9581,2083.1293,2070.3845,1962.2909,1975.002,1962.507,1953.9971,1938.8933,1888.3935,1881.0871,1854.8526,1821.7007,1777.0764,1724.3674,1746.0974,1688.8931,1650.2131,1655.5138,1656.7379,1628.7333,1599.1229,1501.7587,1421.5786,1344.9359,1294.2421,1274.3557,1314.5628,1319.5002,1256.8422,1207.9809,1118.198,1061.1571,1021.0091,978.2002,938.7226,970.4406
