state,datetime,p_gwangam,p_oryun,p_songpa,p_sincheon,p_hong,p_seong
0,2015-10-20 22:19:59,0.859,5.3,5.33,5.2,4.467,5.16
0,2015-10-20 22:21:00,0.859,5.3,5.33,5.2,4.467,5.16
0,2015-10-20 22:22:00,0.859,5.3,5.33,5.2,4.467,5.16
0,2015-10-20 22:23:00,0.859,5.3,5.33,5.2,4.467,5.16
0,2015-10-20 22:24:00,0.859,5.3,5.33,5.2,4.467,5.16
0,2015-10-20 22:25:00,0.859,5.3,5.33,5.2,4.467,5.16
0,2015-10-20 22:26:00,0.859,5.3,5.33,5.2,4.467,5.16
0,2015-10-20 22:27:00,0.859,5.3,5.33,5.2,4.467,5.16
0,2015-10-20 22:28:00,0.859,5.3,5.33,5.2,4.467,5.16
0,2015-10-20 22:29:00,0.859,5.3,5.33,5.2,4.467,5.16
0,2015-10-20 22:30:00,0.859,5.3,5.33,5.2,4.467,5.16
0,2015-10-20 22:31:00,0.859,5.3,5.33,5.2,4.467,5.16
0,2015-10-20 22:32:00,0.859,5.3,5.33,5.2,4.467,5.16
0,2015-10-20 22:33:00,0.859,5.3,5.33,5.2,4.467,5.16
0,2015-10-20 22:34:00,0.859,5.3,5.33,5.2,4.467,5.16
0,2015-10-20 22:35:00,0.859,5.3,5.33,5.2,4.467,5.16
0,2015-10-20 22:36:00,0.859,5.3,5.33,5.2,4.467,5.16
0,2015-10-20 22:37:00,0.859,5.3,5.33,5.2,4.467,5.16
0,2015-10-20 22:38:00,0.859,5.3,5.33,5.2,4.467,5.16
0,2015-10-20 22:39:00,0.859,5.3,5.33,5.2,4.467,5.16
0,2015-10-20 22:40:00,0.859,5.3,5.33,5.2,4.467,5.16
0,2015-10-20 22:41:00,0.859,5.3,5.33,5.2,4.467,5.16
0,2015-10-20 22:42:00,0.859,5.3,5.33,5.2,4.467,5.16
0,2015-10-20 22:43:00,0.859,5.3,5.33,5.2,4.467,5.16
0,2015-10-20 22:44:00,0.859,5.3,5.33,5.2,4.467,5.16
0,2015-10-20 22:45:00,0.859,5.3,5.33,5.2,4.467,5.16
0,2015-10-20 22:46:00,0.859,5.3,5.33,5.2,4.467,5.16
0,2015-10-20 22:47:00,0.859,5.3,5.33,5.2,4.467,5.16
0,2015-10-20 22:48:00,0.859,5.3,5.33,5.2,4.467,5.16
0,2015-10-20 22:49:00,0.859,5.3,5.33,5.2,4.467,5.16
0,2015-10-20 22:50:00,0.859,5.3,5.33,5.2,4.467,5.16
0,2015-10-20 22:51:00,0.859,5.3,5.33,5.2,4.467,5.16
0,2015-10-20 22:52:00,0.859,5.3,5.33,5.2,4.467,5.16
0,2015-10-20 22:53:00,0.859,5.3,5.33,5.2,4.467,5.16
0,2015-10-20 22:54:00,0.859,5.3,5.33,5.2,4.467,5.16
0,2015-10-20 22:55:00,0.859,5.3,5.33,5.2,4.467,5.16
0,2015-10-20 22:56:00,0.859,5.3,5.33,5.2,4.467,5.16
0,2015-10-20 22:57:00,0.859,5.3,5.33,5.2,4.467,5.16
0,2015-10-20 22:58:00,0.859,5.3,5.33,5.2,4.467,5.16
0,2015-10-20 22:59:00,0.859,5.3,5.33,5.2,4.467,5.16
0,2015-10-20 23:00:00,0.859,5.3,5.33,5.2,4.467,5.16
0,2015-10-20 23:01:00,0.859,5.3,5.33,5.2,4.467,5.16
0,2015-10-20 23:02:00,0.859,5.3,5.33,5.2,4.467,5.16
0,2015-10-20 23:03:00,0.859,5.3,5.33,5.2,4.467,5.16
0,2015-10-20 23:04:00,0.859,5.3,5.33,5.2,4.467,5.16
0,2015-10-20 23:05:00,0.859,5.3,5.33,5.2,4.467,5.16
0,2015-10-20 23:06:00,0.859,5.3,5.33,5.2,4.467,5.16
0,2015-10-20 23:07:00,0.859,5.3,5.33,5.2,4.467,5.16
0,2015-10-20 23:08:00,0.859,5.3,5.33,5.2,4.467,5.16
0,2015-10-20 23:09:00,0.859,5.3,5.33,5.2,4.467,5.16
0,2015-10-20 23:10:00,0.859,5.3,5.33,5.2,4.467,5.16
0,2015-10-20 23:11:00,0.859,5.3,5.33,5.2,4.467,5.16
0,2015-10-20 23:12:00,0.859,5.3,5.33,5.2,4.467,5.16
0,2015-10-20 23:13:00,0.859,5.3,5.33,5.2,4.467,5.16
0,2015-10-20 23:14:00,0.859,5.3,5.33,5.2,4.467,5.16
0,2015-10-20 23:15:00,0.859,5.3,5.33,5.2,4.467,5.16
0,2015-10-20 23:16:00,0.859,5.3,5.33,5.2,4.467,5.16
0,2015-10-20 23:17:00,0.859,5.3,5.33,5.2,4.467,5.16
0,2015-10-20 23:18:00,0.859,5.3,5.33,5.2,4.467,5.16
0,2015-10-20 23:19:00,0.859,5.3,5.33,5.2,4.467,5.16
0,2015-10-20 23:20:00,0.859,5.3,5.33,5.2,4.467,5.16
0,2015-10-20 23:21:00,0.859,5.3,5.33,5.2,4.467,5.16
0,2015-10-20 23:22:00,0.859,5.3,5.33,5.2,4.467,5.16
0,2015-10-20 23:23:00,0.859,5.3,5.33,5.2,4.467,5.16
0,2015-10-20 23:24:00,0.859,5.3,5.33,5.2,4.467,5.16
0,2015-10-20 23:25:00,0.859,5.3,5.33,5.2,4.467,5.16
0,2015-10-20 23:26:00,0.859,5.3,5.33,5.2,4.467,5.16
0,2015-10-20 23:27:00,0.859,5.3,5.33,5.2,4.467,5.16
0,2015-10-20 23:28:00,0.859,5.3,5.33,5.2,4.467,5.16
0,2015-10-20 23:29:00,0.859,5.3,5.33,5.2,4.467,5.16
0,2015-10-20 23:30:00,0.859,5.3,5.33,5.2,4.467,5.16
0,2015-10-20 23:31:00,0.859,5.3,5.33,5.2,4.467,5.16
0,2015-10-20 23:32:00,0.859,5.3,5.33,5.2,4.467,5.16
0,2015-10-20 23:33:00,0.859,5.3,5.33,5.2,4.467,5.16
0,2015-10-20 23:34:00,0.859,5.3,5.33,5.2,4.467,5.16
0,2015-10-20 23:35:00,0.859,5.3,5.33,5.2,4.467,5.16
0,2015-10-20 23:36:00,0.859,5.3,5.33,5.2,4.467,5.16
0,2015-10-20 23:37:00,0.859,5.3,5.33,5.2,4.467,5.16
0,2015-10-20 23:38:00,0.859,5.3,5.33,5.2,4.467,5.16
0,2015-10-20 23:39:00,0.859,5.3,5.33,5.2,4.467,5.16
0,2015-10-20 23:40:00,0.859,5.3,5.33,5.2,4.467,5.16
0,2015-10-20 23:41:00,0.859,5.3,5.33,5.2,4.467,5.16
0,2015-10-20 23:42:00,0.859,5.3,5.33,5.2,4.467,5.16
0,2015-10-20 23:43:00,0.859,5.3,5.33,5.2,4.467,5.16
0,2015-10-20 23:44:00,0.859,5.3,5.33,5.2,4.467,5.16
0,2015-10-20 23:45:00,0.859,5.3,5.33,5.2,4.467,5.16
0,2015-10-20 23:46:00,0.859,5.3,5.33,5.2,4.467,5.16
0,2015-10-20 23:47:00,0.859,5.3,5.33,5.2,4.467,5.16
0,2015-10-20 23:48:00,0.859,5.3,5.33,5.2,4.467,5.16
0,2015-10-20 23:49:00,0.859,5.3,5.33,5.2,4.467,5.16
0,2015-10-20 23:50:00,0.859,5.3,5.33,5.2,4.467,5.16
0,2015-10-20 23:51:00,0.859,5.3,5.33,5.2,4.467,5.16
0,2015-10-20 23:52:00,0.859,5.3,5.33,5.2,4.467,5.16
0,2015-10-20 23:53:00,0.859,5.3,5.33,5.2,4.467,5.16
0,2015-10-20 23:54:00,0.859,5.3,5.33,5.2,4.467,5.16
0,2015-10-20 23:55:00,0.859,5.3,5.33,5.2,4.467,5.16
0,2015-10-20 23:56:00,0.859,5.3,5.33,5.2,4.467,5.16
0,2015-10-20 23:57:00,0.859,5.3,5.33,5.2,4.467,5.16
0,2015-10-20 23:58:00,0.859,5.3,5.33,5.2,4.467,5.16
0,2015-10-20 23:59:00,0.859,5.3,5.33,5.2,4.467,5.16
0,2015-10-21 00:00:00,0.859,5.3,5.33,5.2,4.467,5.16
0,2015-10-21 00:01:00,0.848,5.28,5.318,5.188,4.463,5.16
0,2015-10-21 00:02:00,0.837,5.28,5.315,5.195,4.456,5.14
0,2015-10-21 00:03:00,0.833,5.27,5.307,5.177,4.449,5.14
0,2015-10-21 00:04:00,0.826,5.26,5.293,5.17,4.43,5.12
0,2015-10-21 00:05:00,0.826,5.26,5.295,5.17,4.441,5.13
0,2015-10-21 00:06:00,0.819,5.27,5.3,5.162,4.452,5.16
0,2015-10-21 00:07:00,0.819,5.27,5.298,5.165,4.441,5.14
0,2015-10-21 00:08:00,0.815,5.26,5.3,5.175,4.452,5.14
0,2015-10-21 00:09:00,0.819,5.26,5.298,5.168,4.449,5.14
0,2015-10-21 00:10:00,0.822,5.27,5.298,5.168,4.456,5.14
0,2015-10-21 00:11:00,0.822,5.26,5.302,5.175,4.449,5.14
0,2015-10-21 00:12:00,0.822,5.26,5.3,5.175,4.452,5.15
0,2015-10-21 00:13:00,0.822,5.26,5.305,5.173,4.452,5.14
0,2015-10-21 00:14:00,0.819,5.26,5.302,5.175,4.449,5.15
0,2015-10-21 00:15:00,0.822,5.26,5.302,5.175,4.449,5.14
0,2015-10-21 00:16:00,0.822,5.26,5.3,5.173,4.452,5.15
0,2015-10-21 00:17:00,0.819,5.26,5.3,5.175,4.449,5.14
0,2015-10-21 00:18:00,0.822,5.26,5.305,5.175,4.452,5.14
0,2015-10-21 00:19:00,0.819,5.26,5.302,5.173,4.452,5.14
0,2015-10-21 00:20:00,0.822,5.26,5.302,5.177,4.452,5.14
0,2015-10-21 00:21:00,0.826,5.26,5.302,5.175,4.456,5.14
0,2015-10-21 00:22:00,0.822,5.26,5.298,5.177,4.452,5.15
0,2015-10-21 00:23:00,0.822,5.27,5.302,5.177,4.452,5.15
0,2015-10-21 00:24:00,0.822,5.26,5.302,5.175,4.452,5.15
0,2015-10-21 00:25:00,0.822,5.26,5.298,5.173,4.452,5.14
0,2015-10-21 00:26:00,0.822,5.26,5.3,5.177,4.456,5.15
0,2015-10-21 00:27:00,0.822,5.26,5.3,5.175,4.456,5.15
0,2015-10-21 00:28:00,0.822,5.26,5.3,5.173,4.452,5.15
0,2015-10-21 00:29:00,0.822,5.26,5.3,5.177,4.449,5.15
0,2015-10-21 00:30:00,0.822,5.26,5.302,5.17,4.452,5.14
0,2015-10-21 00:31:00,0.822,5.26,5.302,5.177,4.456,5.14
0,2015-10-21 00:32:00,0.822,5.26,5.3,5.175,4.456,5.14
0,2015-10-21 00:33:00,0.822,5.26,5.305,5.173,4.452,5.14
0,2015-10-21 00:34:00,0.819,5.26,5.305,5.177,4.449,5.15
0,2015-10-21 00:35:00,0.819,5.26,5.302,5.175,4.452,5.14
0,2015-10-21 00:36:00,0.819,5.26,5.298,5.173,4.452,5.14
0,2015-10-21 00:37:00,0.822,5.26,5.302,5.175,4.452,5.14
0,2015-10-21 00:38:00,0.822,5.26,5.298,5.177,4.452,5.14
0,2015-10-21 00:39:00,0.819,5.26,5.3,5.173,4.452,5.15
0,2015-10-21 00:40:00,0.822,5.26,5.302,5.175,4.456,5.15
0,2015-10-21 00:41:00,0.822,5.26,5.31,5.175,4.456,5.14
0,2015-10-21 00:42:00,0.822,5.27,5.305,5.177,4.456,5.15
0,2015-10-21 00:43:00,0.822,5.27,5.302,5.177,4.456,5.15
0,2015-10-21 00:44:00,0.826,5.26,5.307,5.177,4.456,5.15
0,2015-10-21 00:45:00,0.822,5.27,5.305,5.177,4.456,5.15
0,2015-10-21 00:46:00,0.822,5.27,5.305,5.175,4.452,5.14
0,2015-10-21 00:47:00,0.822,5.26,5.302,5.175,4.456,5.15
0,2015-10-21 00:48:00,0.826,5.27,5.302,5.18,4.456,5.14
0,2015-10-21 00:49:00,0.822,5.26,5.305,5.175,4.456,5.15
0,2015-10-21 00:50:00,0.819,5.26,5.293,5.165,4.449,5.15
0,2015-10-21 00:51:00,0.815,5.26,5.298,5.165,4.449,5.14
0,2015-10-21 00:52:00,0.811,5.26,5.295,5.162,4.445,5.14
0,2015-10-21 00:53:00,0.811,5.26,5.293,5.165,4.445,5.14
0,2015-10-21 00:54:00,0.815,5.25,5.293,5.15,4.43,5.13
0,2015-10-21 00:55:00,0.826,5.27,5.31,5.177,4.452,5.15
0,2015-10-21 00:56:00,0.822,5.27,5.305,5.175,4.452,5.14
0,2015-10-21 00:57:00,0.848,5.28,5.32,5.195,4.463,5.15
0,2015-10-21 00:58:00,0.855,5.29,5.327,5.207,4.482,5.17
0,2015-10-21 00:59:00,0.863,5.3,5.343,5.2,4.478,5.17
0,2015-10-21 01:00:00,0.863,5.32,5.345,5.218,4.489,5.18
0,2015-10-21 01:01:00,0.874,5.31,5.352,5.22,4.493,5.18
0,2015-10-21 01:02:00,0.859,5.3,5.332,5.207,4.482,5.17
0,2015-10-21 01:03:00,0.859,5.3,5.338,5.21,4.485,5.17
0,2015-10-21 01:04:00,0.852,5.3,5.335,5.202,4.474,5.17
0,2015-10-21 01:05:00,0.848,5.29,5.325,5.198,4.474,5.17
0,2015-10-21 01:06:00,0.848,5.29,5.327,5.2,4.474,5.17
0,2015-10-21 01:07:00,0.848,5.29,5.32,5.195,4.474,5.17
0,2015-10-21 01:08:00,0.848,5.12,5.157,5.037,4.441,5.12
0,2015-10-21 01:09:00,0.694,5.11,5.14,4.955,4.342,5.05
0,2015-10-21 01:10:00,0.632,5.09,5.15,5.008,4.324,5.03
0,2015-10-21 01:11:00,0.573,5.01,5.035,4.923,4.258,4.95
0,2015-10-21 01:12:00,0.551,4.99,5.023,4.892,4.229,4.91
0,2015-10-21 01:13:00,0.511,4.95,5.005,4.858,4.192,4.89
0,2015-10-21 01:14:00,0.485,4.94,4.972,4.858,4.181,4.88
0,2015-10-21 01:15:00,0.463,4.93,4.948,4.823,4.178,4.88
0,2015-10-21 01:16:00,0.555,5.01,5.025,4.925,4.218,4.92
0,2015-10-21 01:17:00,0.632,5.09,5.137,5.02,4.342,5.05
0,2015-10-21 01:18:00,0.636,5.11,5.023,4.872,4.57,5.28
0,2015-10-21 01:19:00,0.709,5.22,5.245,5.1,4.408,5.14
0,2015-10-21 01:20:00,0.734,5.3,5.38,5.282,4.474,5.19
0,2015-10-21 01:21:00,0.745,5.21,5.22,5.093,4.467,5.16
0,2015-10-21 01:22:00,0.767,5.3,5.345,5.23,4.474,5.18
0,2015-10-21 01:23:00,0.8,5.29,5.378,5.265,4.489,5.18
0,2015-10-21 01:24:00,0.804,5.26,5.287,5.165,4.5,5.2
0,2015-10-21 01:25:00,0.83,5.33,5.405,5.28,4.511,5.21
0,2015-10-21 01:26:00,0.833,5.31,5.345,5.218,4.526,5.24
0,2015-10-21 01:27:00,0.841,5.32,5.38,5.258,4.529,5.24
0,2015-10-21 01:28:00,0.848,5.34,5.412,5.28,4.544,5.24
0,2015-10-21 01:29:00,0.877,5.34,5.398,5.28,4.548,5.25
0,2015-10-21 01:30:00,0.877,5.34,5.423,5.293,4.566,5.26
0,2015-10-21 01:31:00,0.885,5.36,5.423,5.293,4.57,5.26
0,2015-10-21 01:32:00,0.892,5.36,5.435,5.305,4.581,5.27
0,2015-10-21 01:33:00,0.896,5.36,5.432,5.318,4.592,5.29
0,2015-10-21 01:34:00,0.888,5.36,5.423,5.293,4.562,5.26
0,2015-10-21 01:35:00,0.881,5.35,5.423,5.293,4.573,5.26
0,2015-10-21 01:36:00,0.877,5.34,5.39,5.278,4.57,5.26
0,2015-10-21 01:37:00,0.87,5.34,5.4,5.282,4.555,5.26
0,2015-10-21 01:38:00,0.87,5.35,5.385,5.262,4.562,5.28
0,2015-10-21 01:39:00,0.866,5.34,5.385,5.265,4.54,5.24
0,2015-10-21 01:40:00,0.859,5.34,5.41,5.265,4.551,5.26
0,2015-10-21 01:41:00,0.848,5.33,5.37,5.25,4.54,5.24
0,2015-10-21 01:42:00,0.848,5.32,5.378,5.247,4.544,5.26
0,2015-10-21 01:43:00,0.837,5.32,5.385,5.262,4.533,5.21
0,2015-10-21 01:44:00,0.837,5.32,5.375,5.242,4.537,5.25
0,2015-10-21 01:45:00,0.848,5.32,5.378,5.26,4.515,5.2
0,2015-10-21 01:46:00,0.852,5.32,5.385,5.258,4.537,5.24
0,2015-10-21 01:47:00,0.844,5.33,5.378,5.265,4.54,5.26
0,2015-10-21 01:48:00,0.859,5.34,5.398,5.278,4.548,5.24
0,2015-10-21 01:49:00,0.859,5.33,5.395,5.262,4.529,5.23
0,2015-10-21 01:50:00,0.859,5.34,5.405,5.285,4.57,5.28
0,2015-10-21 01:51:00,0.87,5.34,5.392,5.265,4.533,5.23
0,2015-10-21 01:52:00,0.881,5.35,5.407,5.293,4.577,5.29
0,2015-10-21 01:53:00,0.892,5.37,5.425,5.302,4.573,5.26
0,2015-10-21 01:54:00,0.896,5.37,5.425,5.305,4.577,5.28
0,2015-10-21 01:55:00,0.91,5.45,5.485,5.352,4.592,5.32
0,2015-10-21 01:56:00,1.027,5.49,5.555,5.44,4.716,5.41
0,2015-10-21 01:57:00,1.093,5.55,5.585,5.468,4.672,5.37
0,2015-10-21 01:58:00,1.115,5.58,5.635,5.505,4.782,5.48
0,2015-10-21 01:59:00,1.126,5.58,5.637,5.503,4.756,5.45
0,2015-10-21 02:00:00,1.079,5.54,5.6,5.48,4.734,5.43
0,2015-10-21 02:01:00,1.079,5.55,5.595,5.463,4.723,5.42
0,2015-10-21 02:02:00,1.09,5.57,5.625,5.497,4.76,5.45
0,2015-10-21 02:03:00,1.101,5.55,5.61,5.483,4.734,5.43
0,2015-10-21 02:04:00,1.112,5.58,5.635,5.5,4.764,5.46
0,2015-10-21 02:05:00,1.119,5.58,5.613,5.49,4.734,5.43
0,2015-10-21 02:06:00,1.126,5.59,5.637,5.508,4.745,5.44
0,2015-10-21 02:07:00,1.13,5.59,5.635,5.505,4.72,5.41
0,2015-10-21 02:08:00,1.134,5.58,5.622,5.488,4.72,5.4
0,2015-10-21 02:09:00,1.035,5.51,5.543,5.425,4.705,5.4
0,2015-10-21 02:10:00,0.969,5.42,5.463,5.338,4.57,5.25
0,2015-10-21 02:11:00,0.936,5.41,5.475,5.34,4.61,5.29
0,2015-10-21 02:12:00,0.91,5.38,5.425,5.293,4.54,5.24
0,2015-10-21 02:13:00,0.896,5.36,5.418,5.282,4.544,5.24
0,2015-10-21 02:14:00,0.885,5.34,5.4,5.265,4.526,5.22
0,2015-10-21 02:15:00,0.874,5.33,5.39,5.262,4.515,5.21
0,2015-10-21 02:16:00,0.87,5.33,5.378,5.253,4.511,5.2
0,2015-10-21 02:17:00,0.848,5.32,5.367,5.242,4.504,5.2
0,2015-10-21 02:18:00,0.848,5.3,5.358,5.23,4.485,5.18
0,2015-10-21 02:19:00,0.83,5.29,5.358,5.23,4.485,5.17
0,2015-10-21 02:20:00,0.83,5.29,5.345,5.22,4.474,5.17
0,2015-10-21 02:21:00,0.826,5.29,5.343,5.218,4.474,5.17
0,2015-10-21 02:22:00,0.819,5.28,5.345,5.215,4.471,5.17
0,2015-10-21 02:23:00,0.819,5.28,5.335,5.213,4.474,5.16
0,2015-10-21 02:24:00,0.819,5.28,5.34,5.21,4.474,5.16
0,2015-10-21 02:25:00,0.815,5.28,5.34,5.205,4.463,5.16
0,2015-10-21 02:26:00,0.819,5.28,5.338,5.202,4.471,5.18
0,2015-10-21 02:27:00,0.819,5.29,5.325,5.198,4.452,5.14
0,2015-10-21 02:28:00,0.815,5.28,5.332,5.21,4.467,5.15
0,2015-10-21 02:29:00,0.815,5.28,5.335,5.202,4.463,5.16
0,2015-10-21 02:30:00,0.811,5.28,5.332,5.207,4.463,5.16
0,2015-10-21 02:31:00,0.811,5.28,5.338,5.207,4.463,5.16
0,2015-10-21 02:32:00,0.811,5.28,5.33,5.21,4.463,5.16
0,2015-10-21 02:33:00,0.811,5.28,5.335,5.2,4.463,5.16
0,2015-10-21 02:34:00,0.815,5.28,5.338,5.21,4.463,5.15
0,2015-10-21 02:35:00,0.815,5.28,5.335,5.202,4.467,5.16
0,2015-10-21 02:36:00,0.815,5.28,5.335,5.213,4.467,5.16
0,2015-10-21 02:37:00,0.815,5.28,5.335,5.21,4.463,5.16
0,2015-10-21 02:38:00,0.815,5.28,5.332,5.21,4.463,5.16
0,2015-10-21 02:39:00,0.815,5.28,5.338,5.21,4.467,5.16
0,2015-10-21 02:40:00,0.815,5.28,5.332,5.207,4.467,5.15
0,2015-10-21 02:41:00,0.815,5.28,5.332,5.227,4.482,5.17
0,2015-10-21 02:42:00,0.815,5.28,5.335,5.202,4.445,5.13
0,2015-10-21 02:43:00,0.811,5.28,5.338,5.202,4.467,5.15
0,2015-10-21 02:44:00,0.819,5.28,5.332,5.207,4.463,5.15
0,2015-10-21 02:45:00,0.819,5.28,5.338,5.227,4.485,5.17
0,2015-10-21 02:46:00,0.819,5.29,5.345,5.215,4.471,5.16
0,2015-10-21 02:47:00,0.822,5.28,5.332,5.198,4.46,5.15
0,2015-10-21 02:48:00,0.819,5.28,5.338,5.21,4.467,5.14
0,2015-10-21 02:49:00,0.819,5.29,5.352,5.215,4.493,5.18
0,2015-10-21 02:50:00,0.819,5.28,5.335,5.21,4.449,5.14
0,2015-10-21 02:51:00,0.819,5.29,5.332,5.205,4.478,5.16
0,2015-10-21 02:52:00,0.822,5.28,5.343,5.213,4.467,5.16
0,2015-10-21 02:53:00,0.819,5.28,5.335,5.21,4.467,5.16
0,2015-10-21 02:54:00,0.819,5.28,5.343,5.213,4.467,5.16
0,2015-10-21 02:55:00,0.826,5.28,5.34,5.207,4.471,5.16
0,2015-10-21 02:56:00,0.837,5.3,5.35,5.222,4.482,5.16
0,2015-10-21 02:57:00,0.855,5.31,5.36,5.245,4.493,5.18
0,2015-10-21 02:58:00,0.885,5.35,5.398,5.258,4.507,5.19
0,2015-10-21 02:59:00,0.903,5.37,5.412,5.287,4.533,5.22
0,2015-10-21 03:00:00,0.94,5.39,5.45,5.313,4.555,5.24
0,2015-10-21 03:01:00,0.962,5.42,5.46,5.335,4.573,5.26
0,2015-10-21 03:02:00,0.987,5.44,5.492,5.367,4.61,5.28
0,2015-10-21 03:03:00,0.998,5.46,5.497,5.37,4.592,5.29
0,2015-10-21 03:04:00,1.013,5.47,5.508,5.387,4.617,5.3
0,2015-10-21 03:05:00,1.02,5.48,5.52,5.39,4.625,5.31
0,2015-10-21 03:06:00,1.02,5.48,5.523,5.392,4.625,5.31
0,2015-10-21 03:07:00,1.027,5.48,5.53,5.398,4.654,5.34
0,2015-10-21 03:08:00,1.027,5.49,5.535,5.398,4.636,5.32
0,2015-10-21 03:09:00,1.035,5.49,5.535,5.41,4.647,5.33
0,2015-10-21 03:10:00,1.035,5.49,5.535,5.398,4.632,5.32
0,2015-10-21 03:11:00,1.016,5.48,5.52,5.4,4.617,5.31
0,2015-10-21 03:12:00,0.925,5.25,5.305,5.185,4.511,5.21
0,2015-10-21 03:13:00,0.811,5.36,5.415,5.282,4.482,5.18
0,2015-10-21 03:14:00,0.808,5.28,5.347,5.218,4.485,5.18
0,2015-10-21 03:15:00,0.819,5.27,5.315,5.195,4.423,5.13
0,2015-10-21 03:16:00,0.804,5.27,5.332,5.198,4.46,5.14
0,2015-10-21 03:17:00,0.782,5.24,5.302,5.165,4.427,5.12
0,2015-10-21 03:18:00,0.775,5.25,5.298,5.177,4.43,5.11
0,2015-10-21 03:19:00,0.76,5.23,5.278,5.15,4.405,5.09
0,2015-10-21 03:20:00,0.76,5.22,5.265,5.14,4.405,5.09
0,2015-10-21 03:21:00,0.742,5.2,5.262,5.128,4.394,5.08
0,2015-10-21 03:22:00,0.705,5.18,5.24,5.102,4.379,5.08
0,2015-10-21 03:23:00,0.701,5.17,5.227,5.105,4.364,5.06
0,2015-10-21 03:24:00,0.683,5.16,5.215,5.088,4.357,5.05
0,2015-10-21 03:25:00,0.701,5.15,5.21,5.077,4.346,5.03
0,2015-10-21 03:26:00,0.764,5.25,5.31,5.177,4.43,5.12
0,2015-10-21 03:27:00,0.771,5.24,5.295,5.165,4.423,5.1
0,2015-10-21 03:28:00,0.808,5.28,5.332,5.21,4.463,5.16
0,2015-10-21 03:29:00,0.837,5.3,5.343,5.227,4.463,5.14
0,2015-10-21 03:30:00,0.852,5.32,5.37,5.245,4.507,5.2
0,2015-10-21 03:31:00,0.874,5.33,5.385,5.258,4.507,5.19
0,2015-10-21 03:32:00,0.877,5.34,5.387,5.265,4.518,5.21
0,2015-10-21 03:33:00,0.885,5.34,5.4,5.273,4.518,5.21
0,2015-10-21 03:34:00,0.888,5.36,5.4,5.27,4.529,5.21
0,2015-10-21 03:35:00,0.888,5.34,5.387,5.258,4.504,5.18
0,2015-10-21 03:36:00,0.892,5.36,5.4,5.29,4.544,5.22
0,2015-10-21 03:37:00,0.888,5.36,5.423,5.29,4.548,5.24
0,2015-10-21 03:38:00,0.896,5.36,5.405,5.29,4.551,5.22
0,2015-10-21 03:39:00,0.892,5.35,5.398,5.255,4.493,5.18
0,2015-10-21 03:40:00,0.888,5.35,5.398,5.278,4.529,5.23
0,2015-10-21 03:41:00,0.892,5.36,5.415,5.293,4.548,5.24
0,2015-10-21 03:42:00,0.892,5.36,5.403,5.27,4.533,5.22
0,2015-10-21 03:43:00,0.896,5.36,5.41,5.28,4.522,5.21
0,2015-10-21 03:44:00,0.896,5.36,5.392,5.27,4.515,5.2
0,2015-10-21 03:45:00,0.892,5.36,5.403,5.27,4.526,5.21
0,2015-10-21 03:46:00,0.888,5.35,5.398,5.28,4.533,5.22
0,2015-10-21 03:47:00,0.892,5.36,5.405,5.27,4.526,5.21
0,2015-10-21 03:48:00,0.888,5.36,5.4,5.273,4.526,5.21
0,2015-10-21 03:49:00,0.892,5.36,5.403,5.28,4.526,5.21
0,2015-10-21 03:50:00,0.892,5.36,5.403,5.28,4.526,5.21
0,2015-10-21 03:51:00,0.892,5.36,5.395,5.273,4.511,5.2
0,2015-10-21 03:52:00,0.888,5.36,5.398,5.265,4.526,5.21
0,2015-10-21 03:53:00,0.907,5.37,5.418,5.28,4.526,5.21
0,2015-10-21 03:54:00,0.899,5.36,5.407,5.282,4.529,5.22
0,2015-10-21 03:55:00,0.914,5.37,5.418,5.282,4.533,5.22
0,2015-10-21 03:56:00,0.914,5.39,5.435,5.313,4.562,5.25
0,2015-10-21 03:57:00,0.918,5.38,5.423,5.282,4.526,5.22
0,2015-10-21 03:58:00,0.918,5.37,5.425,5.293,4.548,5.23
0,2015-10-21 03:59:00,0.921,5.38,5.425,5.298,4.54,5.23
0,2015-10-21 04:00:00,0.921,5.38,5.425,5.293,4.54,5.24
0,2015-10-21 04:01:00,0.921,5.38,5.425,5.298,4.54,5.23
0,2015-10-21 04:02:00,0.918,5.38,5.43,5.298,4.54,5.23
0,2015-10-21 04:03:00,0.921,5.38,5.425,5.298,4.54,5.24
0,2015-10-21 04:04:00,0.921,5.42,5.472,5.343,4.544,5.23
0,2015-10-21 04:05:00,0.925,5.38,5.438,5.315,4.555,5.24
0,2015-10-21 04:06:00,0.925,5.37,5.425,5.293,4.548,5.23
0,2015-10-21 04:07:00,0.925,5.4,5.443,5.318,4.548,5.24
0,2015-10-21 04:08:00,0.925,5.39,5.435,5.298,4.544,5.24
0,2015-10-21 04:09:00,0.929,5.39,5.435,5.313,4.548,5.23
0,2015-10-21 04:10:00,0.929,5.39,5.435,5.3,4.548,5.24
0,2015-10-21 04:11:00,0.929,5.38,5.43,5.302,4.548,5.23
0,2015-10-21 04:12:00,0.929,5.39,5.44,5.307,4.548,5.24
0,2015-10-21 04:13:00,0.925,5.39,5.44,5.307,4.548,5.23
0,2015-10-21 04:14:00,0.929,5.39,5.435,5.31,4.548,5.23
0,2015-10-21 04:15:00,0.925,5.39,5.438,5.31,4.548,5.23
0,2015-10-21 04:16:00,0.925,5.39,5.432,5.302,4.548,5.24
0,2015-10-21 04:17:00,0.925,5.39,5.435,5.307,4.548,5.23
0,2015-10-21 04:18:00,0.925,5.39,5.435,5.3,4.548,5.23
0,2015-10-21 04:19:00,0.925,5.39,5.435,5.305,4.548,5.23
0,2015-10-21 04:20:00,0.925,5.39,5.438,5.307,4.551,5.24
0,2015-10-21 04:21:00,0.921,5.38,5.435,5.302,4.544,5.23
0,2015-10-21 04:22:00,0.921,5.39,5.432,5.305,4.555,5.24
0,2015-10-21 04:23:00,0.925,5.39,5.438,5.307,4.544,5.24
0,2015-10-21 04:24:00,0.925,5.39,5.432,5.305,4.551,5.24
0,2015-10-21 04:25:00,0.929,5.39,5.438,5.313,4.551,5.24
0,2015-10-21 04:26:00,0.929,5.39,5.438,5.315,4.555,5.25
0,2015-10-21 04:27:00,0.929,5.39,5.44,5.315,4.555,5.24
0,2015-10-21 04:28:00,0.929,5.39,5.438,5.315,4.544,5.23
0,2015-10-21 04:29:00,0.929,5.39,5.438,5.315,4.551,5.24
0,2015-10-21 04:30:00,0.929,5.39,5.44,5.31,4.551,5.24
0,2015-10-21 04:31:00,0.929,5.39,5.435,5.315,4.551,5.24
0,2015-10-21 04:32:00,0.929,5.39,5.44,5.31,4.551,5.24
0,2015-10-21 04:33:00,0.929,5.39,5.438,5.31,4.551,5.24
0,2015-10-21 04:34:00,0.929,5.39,5.438,5.31,4.551,5.24
0,2015-10-21 04:35:00,0.929,5.39,5.438,5.305,4.551,5.23
0,2015-10-21 04:36:00,0.929,5.39,5.438,5.313,4.544,5.23
0,2015-10-21 04:37:00,0.925,5.39,5.435,5.3,4.548,5.24
0,2015-10-21 04:38:00,0.925,5.39,5.435,5.302,4.548,5.23
0,2015-10-21 04:39:00,0.929,5.39,5.435,5.307,4.548,5.24
0,2015-10-21 04:40:00,0.925,5.39,5.435,5.307,4.548,5.23
0,2015-10-21 04:41:00,0.925,5.39,5.435,5.305,4.544,5.23
0,2015-10-21 04:42:00,0.921,5.38,5.427,5.302,4.544,5.24
0,2015-10-21 04:43:00,0.918,5.38,5.435,5.293,4.533,5.22
0,2015-10-21 04:44:00,0.918,5.38,5.425,5.298,4.54,5.22
0,2015-10-21 04:45:00,0.918,5.38,5.425,5.295,4.537,5.22
0,2015-10-21 04:46:00,0.914,5.38,5.43,5.302,4.54,5.22
0,2015-10-21 04:47:00,0.914,5.37,5.423,5.293,4.537,5.22
0,2015-10-21 04:48:00,0.914,5.38,5.425,5.298,4.537,5.22
0,2015-10-21 04:49:00,0.914,5.37,5.423,5.293,4.533,5.21
0,2015-10-21 04:50:00,0.91,5.37,5.425,5.29,4.533,5.22
0,2015-10-21 04:51:00,0.914,5.37,5.425,5.293,4.533,5.22
0,2015-10-21 04:52:00,0.91,5.37,5.425,5.293,4.533,5.22
0,2015-10-21 04:53:00,0.91,5.37,5.425,5.295,4.548,5.24
0,2015-10-21 04:54:00,0.914,5.37,5.418,5.285,4.522,5.2
0,2015-10-21 04:55:00,0.91,5.37,5.42,5.298,4.537,5.23
0,2015-10-21 04:56:00,0.91,5.37,5.425,5.293,4.533,5.22
0,2015-10-21 04:57:00,0.91,5.37,5.425,5.293,4.533,5.22
0,2015-10-21 04:58:00,0.914,5.37,5.42,5.293,4.533,5.22
0,2015-10-21 04:59:00,0.914,5.37,5.42,5.293,4.533,5.21
0,2015-10-21 05:00:00,0.914,5.37,5.423,5.293,4.537,5.22
0,2015-10-21 05:01:00,0.914,5.37,5.423,5.293,4.529,5.22
0,2015-10-21 05:02:00,0.914,5.37,5.423,5.293,4.533,5.22
0,2015-10-21 05:03:00,0.91,5.37,5.423,5.293,4.529,5.21
0,2015-10-21 05:04:00,0.91,5.37,5.418,5.29,4.533,5.22
0,2015-10-21 05:05:00,0.91,5.37,5.423,5.29,4.533,5.22
0,2015-10-21 05:06:00,0.91,5.37,5.42,5.293,4.529,5.22
0,2015-10-21 05:07:00,0.91,5.37,5.423,5.298,4.533,5.22
0,2015-10-21 05:08:00,0.914,5.37,5.423,5.29,4.529,5.22
0,2015-10-21 05:09:00,0.91,5.37,5.423,5.293,4.533,5.21
0,2015-10-21 05:10:00,0.91,5.37,5.42,5.29,4.529,5.22
0,2015-10-21 05:11:00,0.91,5.37,5.423,5.29,4.533,5.22
0,2015-10-21 05:12:00,0.91,5.37,5.423,5.293,4.529,5.22
0,2015-10-21 05:13:00,0.91,5.37,5.425,5.287,4.533,5.22
0,2015-10-21 05:14:00,0.91,5.37,5.423,5.293,4.533,5.22
0,2015-10-21 05:15:00,0.907,5.37,5.423,5.29,4.529,5.22
0,2015-10-21 05:16:00,0.91,5.37,5.42,5.293,4.529,5.22
0,2015-10-21 05:17:00,0.907,5.37,5.42,5.293,4.529,5.22
0,2015-10-21 05:18:00,0.907,5.37,5.415,5.29,4.529,5.21
0,2015-10-21 05:19:00,0.91,5.37,5.42,5.29,4.529,5.21
0,2015-10-21 05:20:00,0.907,5.37,5.412,5.29,4.529,5.21
0,2015-10-21 05:21:00,0.907,5.37,5.42,5.293,4.529,5.21
0,2015-10-21 05:22:00,0.91,5.37,5.418,5.287,4.529,5.21
0,2015-10-21 05:23:00,0.914,5.37,5.42,5.29,4.533,5.21
0,2015-10-21 05:24:00,0.914,5.37,5.418,5.29,4.529,5.22
0,2015-10-21 05:25:00,0.914,5.37,5.42,5.298,4.551,5.24
0,2015-10-21 05:26:00,0.918,5.39,5.435,5.32,4.57,5.26
0,2015-10-21 05:27:00,0.918,5.38,5.425,5.302,4.551,5.24
0,2015-10-21 05:28:00,0.921,5.38,5.43,5.313,4.559,5.25
0,2015-10-21 05:29:00,0.925,5.39,5.445,5.315,4.577,5.28
0,2015-10-21 05:30:00,0.929,5.4,5.457,5.32,4.588,5.28
0,2015-10-21 05:31:00,0.932,5.4,5.452,5.325,4.588,5.28
0,2015-10-21 05:32:00,0.932,5.4,5.457,5.34,4.599,5.33
0,2015-10-21 05:33:00,0.951,5.45,5.517,5.405,4.734,5.46
0,2015-10-21 05:34:00,0.951,5.45,5.517,5.398,4.665,5.36
0,2015-10-21 05:35:00,0.98,5.46,5.53,5.41,4.698,5.4
0,2015-10-21 05:36:00,0.998,5.47,5.543,5.42,4.69,5.4
0,2015-10-21 05:37:00,0.998,5.48,5.532,5.42,4.698,5.4
0,2015-10-21 05:38:00,1.013,5.51,5.56,5.445,4.734,5.44
0,2015-10-21 05:39:00,1.02,5.49,5.563,5.445,4.738,5.44
0,2015-10-21 05:40:00,1.024,5.51,5.575,5.468,4.764,5.47
0,2015-10-21 05:41:00,1.038,5.51,5.585,5.472,4.76,5.49
0,2015-10-21 05:42:00,1.042,5.53,5.585,5.472,4.775,5.49
0,2015-10-21 05:43:00,1.046,5.53,5.597,5.475,4.771,5.49
0,2015-10-21 05:44:00,1.057,5.53,5.6,5.49,4.789,5.5
0,2015-10-21 05:45:00,1.064,5.54,5.61,5.492,4.786,5.5
0,2015-10-21 05:46:00,1.064,5.54,5.61,5.497,4.789,5.49
0,2015-10-21 05:47:00,1.068,5.55,5.613,5.497,4.793,5.51
0,2015-10-21 05:48:00,1.068,5.55,5.613,5.497,4.793,5.51
0,2015-10-21 05:49:00,1.071,5.55,5.617,5.505,4.793,5.51
0,2015-10-21 05:50:00,1.002,5.49,5.56,5.44,4.771,5.48
0,2015-10-21 05:51:00,0.998,5.48,5.537,5.427,4.72,5.43
0,2015-10-21 05:52:00,0.973,5.46,5.54,5.435,4.734,5.44
0,2015-10-21 05:53:00,0.965,5.45,5.517,5.403,4.701,5.41
0,2015-10-21 05:54:00,0.958,5.51,5.595,5.503,4.896,5.64
0,2015-10-21 05:55:00,0.984,5.48,5.563,5.452,4.786,5.49
0,2015-10-21 05:56:00,0.98,5.48,5.563,5.457,4.804,5.53
0,2015-10-21 05:57:00,1.002,5.49,5.577,5.472,4.797,5.52
0,2015-10-21 05:58:00,1.005,5.51,5.59,5.485,4.819,5.49
0,2015-10-21 05:59:00,0.995,5.47,5.523,5.41,4.672,5.39
0,2015-10-21 06:00:00,0.995,5.47,5.54,5.435,4.745,5.45
0,2015-10-21 06:01:00,0.984,5.47,5.535,5.438,4.734,5.45
0,2015-10-21 06:02:00,0.973,5.46,5.537,5.423,4.731,5.46
0,2015-10-21 06:03:00,0.973,5.46,5.532,5.423,4.731,5.51
0,2015-10-21 06:04:00,0.987,5.49,5.58,5.475,4.888,5.62
0,2015-10-21 06:05:00,0.991,5.49,5.568,5.463,4.786,5.51
0,2015-10-21 06:06:00,0.995,5.51,5.585,5.488,4.822,5.54
0,2015-10-21 06:07:00,1.016,5.51,5.597,5.488,4.822,5.55
0,2015-10-21 06:08:00,1.02,5.52,5.595,5.492,4.826,5.55
0,2015-10-21 06:09:00,1.027,5.53,5.608,5.505,4.833,5.56
0,2015-10-21 06:10:00,1.035,5.53,5.605,5.503,4.841,5.57
0,2015-10-21 06:11:00,1.031,5.53,5.608,5.505,4.837,5.56
0,2015-10-21 06:12:00,1.035,5.53,5.61,5.505,4.83,5.56
0,2015-10-21 06:13:00,1.031,5.53,5.602,5.505,4.83,5.56
0,2015-10-21 06:14:00,1.038,5.53,5.61,5.503,4.841,5.56
0,2015-10-21 06:15:00,1.035,5.53,5.597,5.488,4.819,5.54
0,2015-10-21 06:16:00,1.027,5.53,5.615,5.515,4.848,5.6
0,2015-10-21 06:17:00,1.035,5.53,5.617,5.508,4.848,5.58
0,2015-10-21 06:18:00,1.035,5.53,5.613,5.505,4.826,5.55
0,2015-10-21 06:19:00,1.035,5.53,5.608,5.505,4.833,5.56
0,2015-10-21 06:20:00,1.035,5.53,5.613,5.505,4.837,5.56
0,2015-10-21 06:21:00,1.035,5.53,5.61,5.505,4.837,5.56
0,2015-10-21 06:22:00,1.035,5.53,5.613,5.505,4.837,5.56
0,2015-10-21 06:23:00,1.035,5.53,5.61,5.503,4.848,5.57
0,2015-10-21 06:24:00,1.035,5.53,5.613,5.508,4.841,5.57
0,2015-10-21 06:25:00,1.035,5.51,5.597,5.492,4.822,5.49
0,2015-10-21 06:26:00,1.024,5.5,5.575,5.452,4.731,5.43
0,2015-10-21 06:27:00,1.016,5.51,5.58,5.472,4.8,5.51
0,2015-10-21 06:28:00,0.995,5.49,5.56,5.44,4.749,5.46
0,2015-10-21 06:29:00,0.995,5.48,5.56,5.448,4.756,5.47
0,2015-10-21 06:30:00,0.984,5.48,5.55,5.438,4.753,5.47
0,2015-10-21 06:31:00,0.98,5.47,5.548,5.427,4.749,5.46
0,2015-10-21 06:32:00,0.98,5.47,5.552,5.443,4.767,5.49
0,2015-10-21 06:33:00,0.976,5.47,5.537,5.435,4.749,5.47
0,2015-10-21 06:34:00,0.976,5.46,5.53,5.418,4.731,5.45
0,2015-10-21 06:35:00,0.976,5.47,5.545,5.432,4.745,5.47
0,2015-10-21 06:36:00,0.973,5.48,5.55,5.425,4.76,5.48
0,2015-10-21 06:37:00,0.976,5.47,5.543,5.432,4.749,5.47
0,2015-10-21 06:38:00,0.976,5.47,5.523,5.41,4.731,5.45
0,2015-10-21 06:39:00,0.976,5.47,5.537,5.427,4.738,5.46
0,2015-10-21 06:40:00,0.976,5.47,5.54,5.425,4.723,5.44
0,2015-10-21 06:41:00,0.969,5.46,5.53,5.42,4.731,5.45
0,2015-10-21 06:42:00,0.969,5.46,5.532,5.425,4.76,5.47
0,2015-10-21 06:43:00,0.973,5.47,5.537,5.44,4.76,5.47
0,2015-10-21 06:44:00,0.969,5.47,5.543,5.427,4.731,5.44
0,2015-10-21 06:45:00,0.973,5.47,5.535,5.425,4.749,5.47
0,2015-10-21 06:46:00,0.973,5.47,5.54,5.435,4.745,5.46
0,2015-10-21 06:47:00,0.973,5.47,5.55,5.443,4.767,5.48
0,2015-10-21 06:48:00,0.973,5.47,5.537,5.43,4.753,5.47
0,2015-10-21 06:49:00,0.976,5.46,5.54,5.438,4.738,5.44
0,2015-10-21 06:50:00,0.973,5.47,5.523,5.418,4.734,5.45
0,2015-10-21 06:51:00,0.969,5.46,5.535,5.425,4.738,5.46
0,2015-10-21 06:52:00,0.965,5.46,5.532,5.435,4.756,5.47
0,2015-10-21 06:53:00,0.947,5.44,5.52,5.41,4.734,5.46
0,2015-10-21 06:54:00,0.943,5.42,5.495,5.385,4.701,5.43
0,2015-10-21 06:55:00,0.903,5.4,5.48,5.372,4.705,5.43
0,2015-10-21 06:56:00,0.892,5.39,5.465,5.345,4.668,5.39
0,2015-10-21 06:57:00,0.833,5.34,5.42,5.31,4.665,5.38
0,2015-10-21 06:58:00,0.808,5.3,5.378,5.275,4.614,5.33
0,2015-10-21 06:59:00,0.764,5.28,5.365,5.253,4.599,5.32
0,2015-10-21 07:00:00,0.734,5.23,5.305,5.2,4.518,5.23
0,2015-10-21 07:01:00,0.694,5.2,5.293,5.188,4.526,5.24
0,2015-10-21 07:02:00,0.683,5.18,5.265,5.148,4.489,5.21
0,2015-10-21 07:03:00,0.734,5.23,5.307,5.19,4.482,5.2
0,2015-10-21 07:04:00,0.716,5.2,5.278,5.173,4.504,5.22
0,2015-10-21 07:05:00,0.72,5.2,5.267,5.145,4.452,5.16
0,2015-10-21 07:06:00,0.705,5.2,5.275,5.155,4.471,5.19
0,2015-10-21 07:07:00,0.705,5.2,5.265,5.16,4.46,5.16
0,2015-10-21 07:08:00,0.705,5.18,5.265,5.148,4.467,5.18
0,2015-10-21 07:09:00,0.679,5.17,5.253,5.142,4.456,5.16
0,2015-10-21 07:10:00,0.676,5.16,5.238,5.113,4.43,5.14
0,2015-10-21 07:11:00,0.841,5.32,5.38,5.258,4.485,5.19
0,2015-10-21 07:12:00,0.76,5.26,5.343,5.233,4.584,5.27
0,2015-10-21 07:13:00,0.811,5.29,5.352,5.242,4.515,5.23
0,2015-10-21 07:14:00,0.822,5.32,5.383,5.28,4.61,5.32
0,2015-10-21 07:15:00,0.815,5.31,5.378,5.265,4.566,5.26
0,2015-10-21 07:16:00,0.837,5.32,5.398,5.278,4.584,5.3
0,2015-10-21 07:17:00,0.841,5.34,5.4,5.29,4.577,5.28
0,2015-10-21 07:18:00,0.855,5.34,5.4,5.293,4.603,5.32
0,2015-10-21 07:19:00,0.855,5.36,5.425,5.302,4.61,5.3
0,2015-10-21 07:20:00,0.866,5.35,5.412,5.302,4.595,5.31
0,2015-10-21 07:21:00,0.863,5.36,5.425,5.315,4.628,5.33
0,2015-10-21 07:22:00,0.87,5.36,5.423,5.293,4.595,5.3
0,2015-10-21 07:23:00,0.874,5.37,5.435,5.318,4.628,5.33
0,2015-10-21 07:24:00,0.877,5.36,5.43,5.315,4.614,5.33
0,2015-10-21 07:25:00,0.874,5.34,5.41,5.305,4.599,5.31
0,2015-10-21 07:26:00,0.874,5.36,5.425,5.315,4.614,5.33
0,2015-10-21 07:27:00,0.874,5.36,5.425,5.313,4.617,5.32
0,2015-10-21 07:28:00,0.866,5.35,5.403,5.298,4.595,5.3
0,2015-10-21 07:29:00,0.866,5.35,5.418,5.302,4.603,5.32
0,2015-10-21 07:30:00,0.866,5.36,5.423,5.305,4.592,5.3
0,2015-10-21 07:31:00,0.863,5.34,5.415,5.295,4.599,5.32
0,2015-10-21 07:32:00,0.859,5.36,5.425,5.315,4.625,5.33
0,2015-10-21 07:33:00,0.863,5.34,5.4,5.29,4.584,5.29
0,2015-10-21 07:34:00,0.863,5.34,5.435,5.315,4.621,5.33
0,2015-10-21 07:35:00,0.863,5.35,5.42,5.305,4.61,5.3
0,2015-10-21 07:36:00,0.863,5.35,5.415,5.298,4.599,5.31
0,2015-10-21 07:37:00,0.859,5.35,5.423,5.302,4.625,5.32
0,2015-10-21 07:38:00,0.866,5.36,5.423,5.302,4.592,5.29
0,2015-10-21 07:39:00,0.863,5.35,5.41,5.293,4.599,5.3
0,2015-10-21 07:40:00,0.863,5.35,5.423,5.3,4.621,5.33
0,2015-10-21 07:41:00,0.863,5.34,5.415,5.295,4.584,5.3
0,2015-10-21 07:42:00,0.859,5.35,5.42,5.31,4.625,5.34
0,2015-10-21 07:43:00,0.863,5.34,5.418,5.298,4.588,5.3
0,2015-10-21 07:44:00,0.863,5.34,5.432,5.315,4.625,5.33
0,2015-10-21 07:45:00,0.863,5.35,5.405,5.285,4.588,5.29
0,2015-10-21 07:46:00,0.863,5.35,5.418,5.295,4.614,5.32
0,2015-10-21 07:47:00,0.859,5.35,5.423,5.302,4.595,5.3
0,2015-10-21 07:48:00,0.863,5.34,5.407,5.28,4.603,5.32
0,2015-10-21 07:49:00,0.859,5.34,5.425,5.305,4.588,5.26
0,2015-10-21 07:50:00,0.855,5.33,5.387,5.265,4.548,5.26
0,2015-10-21 07:51:00,0.852,5.34,5.403,5.282,4.588,5.29
0,2015-10-21 07:52:00,0.844,5.32,5.378,5.265,4.559,5.26
0,2015-10-21 07:53:00,0.844,5.34,5.405,5.293,4.588,5.29
0,2015-10-21 07:54:00,0.844,5.32,5.4,5.262,4.54,5.24
0,2015-10-21 07:55:00,0.833,5.32,5.38,5.262,4.559,5.26
0,2015-10-21 07:56:00,0.837,5.32,5.395,5.275,4.57,5.28
0,2015-10-21 07:57:00,0.837,5.33,5.398,5.28,4.588,5.29
0,2015-10-21 07:58:00,0.837,5.32,5.4,5.278,4.566,5.26
0,2015-10-21 07:59:00,0.841,5.32,5.395,5.265,4.562,5.26
0,2015-10-21 08:00:00,0.837,5.32,5.39,5.267,4.584,5.28
0,2015-10-21 08:01:00,0.841,5.32,5.387,5.265,4.551,5.25
0,2015-10-21 08:02:00,0.837,5.32,5.385,5.275,4.57,5.26
0,2015-10-21 08:03:00,0.837,5.32,5.392,5.265,4.566,5.26
0,2015-10-21 08:04:00,0.841,5.32,5.383,5.253,4.54,5.24
0,2015-10-21 08:05:00,0.83,5.32,5.378,5.265,4.555,5.26
0,2015-10-21 08:06:00,0.83,5.32,5.387,5.275,4.573,5.27
0,2015-10-21 08:07:00,0.833,5.32,5.38,5.262,4.581,5.28
0,2015-10-21 08:08:00,0.833,5.32,5.383,5.265,4.551,5.25
0,2015-10-21 08:09:00,0.83,5.32,5.387,5.253,4.562,5.26
0,2015-10-21 08:10:00,0.833,5.32,5.4,5.28,4.577,5.28
0,2015-10-21 08:11:00,0.833,5.3,5.375,5.265,4.551,5.25
0,2015-10-21 08:12:00,0.841,5.32,5.387,5.273,4.562,5.26
0,2015-10-21 08:13:00,0.833,5.31,5.372,5.26,4.544,5.25
0,2015-10-21 08:14:00,0.83,5.32,5.398,5.275,4.562,5.25
0,2015-10-21 08:15:00,0.833,5.31,5.38,5.258,4.551,5.26
0,2015-10-21 08:16:00,0.833,5.31,5.387,5.27,4.57,5.28
0,2015-10-21 08:17:00,0.833,5.34,5.4,5.28,4.573,5.28
0,2015-10-21 08:18:00,0.837,5.32,5.392,5.265,4.555,5.26
0,2015-10-21 08:19:00,0.837,5.32,5.383,5.27,4.566,5.27
0,2015-10-21 08:20:00,0.837,5.33,5.4,5.282,4.584,5.28
0,2015-10-21 08:21:00,0.844,5.32,5.39,5.275,4.573,5.26
0,2015-10-21 08:22:00,0.844,5.32,5.385,5.265,4.551,5.25
0,2015-10-21 08:23:00,0.837,5.34,5.398,5.282,4.57,5.28
0,2015-10-21 08:24:00,0.837,5.32,5.39,5.265,4.57,5.26
0,2015-10-21 08:25:00,0.833,5.32,5.395,5.265,4.573,5.28
0,2015-10-21 08:26:00,0.837,5.32,5.39,5.28,4.581,5.29
0,2015-10-21 08:27:00,0.837,5.32,5.372,5.27,4.555,5.26
0,2015-10-21 08:28:00,0.841,5.32,5.4,5.28,4.588,5.3
0,2015-10-21 08:29:00,0.844,5.34,5.395,5.293,4.595,5.29
0,2015-10-21 08:30:00,0.844,5.33,5.395,5.28,4.588,5.33
0,2015-10-21 08:31:00,0.855,5.34,5.425,5.307,4.643,5.36
0,2015-10-21 08:32:00,0.855,5.36,5.425,5.307,4.621,5.33
0,2015-10-21 08:33:00,0.866,5.37,5.438,5.33,4.65,5.37
0,2015-10-21 08:34:00,0.877,5.37,5.435,5.323,4.639,5.36
0,2015-10-21 08:35:00,0.877,5.37,5.45,5.325,4.647,5.36
0,2015-10-21 08:36:00,0.899,5.39,5.46,5.343,4.654,5.36
0,2015-10-21 08:37:00,0.903,5.39,5.463,5.355,4.665,5.38
0,2015-10-21 08:38:00,0.91,5.4,5.472,5.355,4.668,5.39
0,2015-10-21 08:39:00,0.914,5.41,5.492,5.37,4.701,5.42
0,2015-10-21 08:40:00,0.921,5.42,5.48,5.375,4.687,5.4
0,2015-10-21 08:41:00,0.921,5.41,5.492,5.372,4.694,5.41
0,2015-10-21 08:42:00,0.925,5.41,5.488,5.375,4.694,5.41
0,2015-10-21 08:43:00,0.925,5.42,5.488,5.378,4.679,5.39
0,2015-10-21 08:44:00,0.929,5.42,5.492,5.378,4.709,5.42
0,2015-10-21 08:45:00,0.929,5.42,5.497,5.387,4.69,5.41
0,2015-10-21 08:46:00,0.929,5.42,5.495,5.378,4.698,5.41
0,2015-10-21 08:47:00,0.929,5.42,5.492,5.38,4.698,5.41
0,2015-10-21 08:48:00,0.932,5.42,5.495,5.38,4.701,5.41
0,2015-10-21 08:49:00,0.929,5.43,5.495,5.38,4.698,5.41
0,2015-10-21 08:50:00,0.929,5.42,5.49,5.38,4.698,5.41
0,2015-10-21 08:51:00,0.929,5.42,5.495,5.378,4.698,5.41
0,2015-10-21 08:52:00,0.929,5.42,5.497,5.378,4.698,5.41
0,2015-10-21 08:53:00,0.929,5.42,5.492,5.378,4.698,5.41
0,2015-10-21 08:54:00,0.929,5.43,5.495,5.385,4.698,5.42
0,2015-10-21 08:55:00,0.929,5.42,5.492,5.378,4.698,5.41
0,2015-10-21 08:56:00,0.929,5.42,5.492,5.38,4.698,5.41
0,2015-10-21 08:57:00,0.929,5.43,5.495,5.38,4.698,5.41
0,2015-10-21 08:58:00,0.929,5.42,5.492,5.378,4.698,5.41
0,2015-10-21 08:59:00,0.929,5.43,5.495,5.378,4.701,5.41
0,2015-10-21 09:00:00,0.929,5.42,5.492,5.378,4.698,5.41
0,2015-10-21 09:01:00,0.929,5.43,5.497,5.383,4.698,5.42
0,2015-10-21 09:02:00,0.932,5.43,5.497,5.385,4.701,5.41
0,2015-10-21 09:03:00,0.932,5.42,5.492,5.38,4.698,5.41
0,2015-10-21 09:04:00,0.932,5.43,5.497,5.38,4.701,5.42
0,2015-10-21 09:05:00,0.929,5.43,5.497,5.385,4.698,5.41
0,2015-10-21 09:06:00,0.932,5.43,5.497,5.385,4.701,5.41
0,2015-10-21 09:07:00,0.932,5.42,5.492,5.39,4.698,5.41
0,2015-10-21 09:08:00,0.932,5.43,5.495,5.385,4.701,5.41
0,2015-10-21 09:09:00,0.932,5.43,5.492,5.378,4.698,5.41
0,2015-10-21 09:10:00,0.929,5.42,5.497,5.383,4.698,5.41
0,2015-10-21 09:11:00,0.929,5.42,5.497,5.38,4.698,5.41
0,2015-10-21 09:12:00,0.929,5.42,5.497,5.387,4.701,5.42
0,2015-10-21 09:13:00,0.929,5.43,5.505,5.392,4.709,5.42
0,2015-10-21 09:14:00,0.929,5.43,5.495,5.38,4.705,5.43
0,2015-10-21 09:15:00,0.932,5.43,5.505,5.387,4.705,5.42
0,2015-10-21 09:16:00,0.936,5.43,5.503,5.387,4.694,5.41
0,2015-10-21 09:17:00,0.936,5.42,5.503,5.383,4.698,5.4
0,2015-10-21 09:18:00,0.932,5.43,5.497,5.385,4.705,5.42
0,2015-10-21 09:19:00,0.932,5.43,5.497,5.39,4.698,5.4
0,2015-10-21 09:20:00,0.932,5.42,5.495,5.38,4.694,5.42
0,2015-10-21 09:21:00,0.932,5.43,5.497,5.392,4.705,5.42
0,2015-10-21 09:22:00,0.932,5.43,5.497,5.38,4.69,5.4
0,2015-10-21 09:23:00,0.932,5.43,5.497,5.395,4.698,5.42
0,2015-10-21 09:24:00,0.929,5.43,5.503,5.38,4.705,5.43
0,2015-10-21 09:25:00,0.932,5.42,5.5,5.38,4.698,5.4
0,2015-10-21 09:26:00,0.929,5.43,5.505,5.4,4.727,5.44
0,2015-10-21 09:27:00,0.936,5.43,5.503,5.39,4.698,5.41
0,2015-10-21 09:28:00,0.936,5.42,5.495,5.378,4.687,5.41
0,2015-10-21 09:29:00,0.936,5.43,5.508,5.39,4.712,5.42
0,2015-10-21 09:30:00,0.936,5.42,5.497,5.385,4.694,5.39
0,2015-10-21 09:31:00,0.932,5.42,5.492,5.387,4.701,5.4
0,2015-10-21 09:32:00,0.932,5.43,5.495,5.387,4.712,5.43
0,2015-10-21 09:33:00,0.932,5.42,5.485,5.378,4.676,5.39
0,2015-10-21 09:34:00,0.932,5.39,5.443,5.345,4.65,5.36
0,2015-10-21 09:35:00,0.921,5.41,5.485,5.352,4.661,5.37
0,2015-10-21 09:36:00,0.925,5.41,5.488,5.372,4.672,5.38
0,2015-10-21 09:37:00,0.921,5.41,5.477,5.36,4.668,5.37
0,2015-10-21 09:38:00,0.914,5.4,5.475,5.36,4.665,5.38
0,2015-10-21 09:39:00,0.918,5.4,5.47,5.358,4.665,5.37
0,2015-10-21 09:40:00,0.91,5.4,5.472,5.355,4.665,5.37
0,2015-10-21 09:41:00,0.91,5.4,5.47,5.35,4.661,5.37
0,2015-10-21 09:42:00,0.899,5.4,5.465,5.35,4.65,5.36
0,2015-10-21 09:43:00,0.903,5.38,5.45,5.332,4.65,5.36
0,2015-10-21 09:44:00,0.896,5.38,5.445,5.33,4.636,5.34
0,2015-10-21 09:45:00,0.892,5.38,5.452,5.34,4.643,5.35
0,2015-10-21 09:46:00,0.888,5.38,5.45,5.338,4.639,5.35
0,2015-10-21 09:47:00,0.888,5.38,5.457,5.332,4.643,5.35
0,2015-10-21 09:48:00,0.888,5.38,5.45,5.327,4.639,5.35
0,2015-10-21 09:49:00,0.888,5.38,5.457,5.332,4.632,5.34
0,2015-10-21 09:50:00,0.888,5.37,5.438,5.315,4.617,5.33
0,2015-10-21 09:51:00,0.888,5.37,5.435,5.327,4.625,5.33
0,2015-10-21 09:52:00,0.888,5.38,5.44,5.332,4.628,5.34
0,2015-10-21 09:53:00,0.877,5.36,5.435,5.318,4.617,5.33
0,2015-10-21 09:54:00,0.877,5.37,5.438,5.32,4.621,5.32
0,2015-10-21 09:55:00,0.881,5.38,5.443,5.325,4.65,5.34
0,2015-10-21 09:56:00,0.881,5.37,5.438,5.323,4.625,5.33
0,2015-10-21 09:57:00,0.888,5.39,5.46,5.343,4.661,5.36
0,2015-10-21 09:58:00,0.888,5.38,5.438,5.33,4.636,5.35
0,2015-10-21 09:59:00,0.888,5.38,5.45,5.335,4.643,5.34
0,2015-10-21 10:00:00,0.888,5.38,5.452,5.332,4.643,5.36
0,2015-10-21 10:01:00,0.888,5.38,5.452,5.332,4.643,5.35
0,2015-10-21 10:02:00,0.892,5.38,5.457,5.335,4.647,5.35
0,2015-10-21 10:03:00,0.892,5.38,5.45,5.338,4.647,5.35
0,2015-10-21 10:04:00,0.892,5.38,5.45,5.338,4.647,5.35
0,2015-10-21 10:05:00,0.892,5.38,5.452,5.338,4.647,5.36
0,2015-10-21 10:06:00,0.892,5.39,5.457,5.335,4.647,5.36
0,2015-10-21 10:07:00,0.892,5.38,5.452,5.338,4.647,5.36
0,2015-10-21 10:08:00,0.892,5.38,5.455,5.332,4.647,5.36
0,2015-10-21 10:09:00,0.892,5.38,5.452,5.338,4.647,5.36
0,2015-10-21 10:10:00,0.892,5.38,5.452,5.343,4.647,5.36
0,2015-10-21 10:11:00,0.896,5.38,5.452,5.335,4.65,5.35
0,2015-10-21 10:12:00,0.892,5.39,5.46,5.34,4.647,5.36
0,2015-10-21 10:13:00,0.899,5.39,5.46,5.343,4.65,5.36
0,2015-10-21 10:14:00,0.903,5.39,5.46,5.343,4.654,5.37
0,2015-10-21 10:15:00,0.903,5.39,5.463,5.352,4.654,5.37
0,2015-10-21 10:16:00,0.907,5.4,5.472,5.355,4.661,5.36
0,2015-10-21 10:17:00,0.914,5.4,5.472,5.355,4.661,5.37
0,2015-10-21 10:18:00,0.914,5.4,5.47,5.355,4.665,5.37
0,2015-10-21 10:19:00,0.921,5.4,5.475,5.36,4.665,5.37
0,2015-10-21 10:20:00,0.914,5.4,5.475,5.358,4.668,5.37
0,2015-10-21 10:21:00,0.921,5.41,5.485,5.37,4.668,5.38
0,2015-10-21 10:22:00,0.932,5.42,5.492,5.372,4.679,5.38
0,2015-10-21 10:23:00,0.929,5.42,5.497,5.375,4.679,5.39
0,2015-10-21 10:24:00,0.943,5.43,5.497,5.38,4.687,5.39
0,2015-10-21 10:25:00,0.943,5.43,5.5,5.385,4.687,5.39
0,2015-10-21 10:26:00,0.936,5.43,5.497,5.375,4.679,5.4
0,2015-10-21 10:27:00,0.932,5.42,5.492,5.372,4.679,5.39
0,2015-10-21 10:28:00,0.932,5.42,5.485,5.372,4.676,5.39
0,2015-10-21 10:29:00,0.929,5.41,5.49,5.372,4.672,5.38
0,2015-10-21 10:30:00,0.925,5.42,5.483,5.367,4.672,5.38
0,2015-10-21 10:31:00,0.925,5.41,5.485,5.365,4.672,5.38
0,2015-10-21 10:32:00,0.925,5.41,5.483,5.365,4.668,5.38
0,2015-10-21 10:33:00,0.925,5.41,5.485,5.365,4.668,5.38
0,2015-10-21 10:34:00,0.921,5.41,5.483,5.365,4.679,5.38
0,2015-10-21 10:35:00,0.921,5.41,5.48,5.37,4.672,5.38
0,2015-10-21 10:36:00,0.925,5.41,5.48,5.372,4.676,5.38
0,2015-10-21 10:37:00,0.925,5.41,5.483,5.37,4.676,5.39
0,2015-10-21 10:38:00,0.929,5.42,5.488,5.372,4.676,5.39
0,2015-10-21 10:39:00,0.925,5.43,5.503,5.392,4.701,5.41
0,2015-10-21 10:40:00,0.932,5.42,5.492,5.378,4.69,5.41
0,2015-10-21 10:41:00,0.932,5.43,5.505,5.39,4.705,5.42
0,2015-10-21 10:42:00,0.936,5.43,5.505,5.387,4.698,5.41
0,2015-10-21 10:43:00,0.936,5.43,5.505,5.39,4.701,5.41
0,2015-10-21 10:44:00,0.947,5.44,5.508,5.4,4.701,5.42
0,2015-10-21 10:45:00,0.954,5.45,5.517,5.412,4.727,5.43
0,2015-10-21 10:46:00,0.958,5.46,5.53,5.415,4.709,5.42
0,2015-10-21 10:47:00,0.969,5.47,5.535,5.438,4.753,5.47
0,2015-10-21 10:48:00,0.973,5.46,5.532,5.423,4.723,5.43
0,2015-10-21 10:49:00,0.991,5.48,5.557,5.438,4.734,5.45
0,2015-10-21 10:50:00,1.002,5.48,5.557,5.435,4.753,5.48
0,2015-10-21 10:51:00,1.005,5.48,5.557,5.435,4.738,5.45
0,2015-10-21 10:52:00,1.013,5.5,5.585,5.472,4.775,5.49
0,2015-10-21 10:53:00,0.973,5.47,5.548,5.432,4.749,5.47
0,2015-10-21 10:54:00,0.943,5.43,5.53,5.412,4.72,5.44
0,2015-10-21 10:55:00,0.951,5.43,5.52,5.4,4.723,5.45
0,2015-10-21 10:56:00,0.925,5.42,5.48,5.372,4.679,5.39
0,2015-10-21 10:57:00,0.921,5.4,5.49,5.372,4.679,5.4
0,2015-10-21 10:58:00,0.899,5.4,5.475,5.372,4.701,5.41
0,2015-10-21 10:59:00,0.899,5.39,5.455,5.343,4.658,5.36
0,2015-10-21 11:00:00,0.888,5.38,5.468,5.347,4.676,5.38
0,2015-10-21 11:01:00,0.877,5.37,5.448,5.33,4.647,5.36
0,2015-10-21 11:02:00,0.877,5.37,5.45,5.335,4.65,5.37
0,2015-10-21 11:03:00,0.877,5.38,5.448,5.332,4.661,5.36
0,2015-10-21 11:04:00,0.874,5.37,5.432,5.318,4.643,5.36
0,2015-10-21 11:05:00,0.87,5.36,5.438,5.327,4.647,5.37
0,2015-10-21 11:06:00,0.87,5.36,5.445,5.33,4.632,5.34
0,2015-10-21 11:07:00,0.866,5.36,5.435,5.327,4.636,5.35
0,2015-10-21 11:08:00,0.866,5.36,5.438,5.32,4.654,5.37
0,2015-10-21 11:09:00,0.866,5.36,5.425,5.32,4.639,5.36
0,2015-10-21 11:10:00,0.87,5.36,5.45,5.32,4.65,5.37
0,2015-10-21 11:11:00,0.87,5.36,5.452,5.345,4.665,5.38
0,2015-10-21 11:12:00,0.87,5.36,5.435,5.327,4.639,5.36
0,2015-10-21 11:13:00,0.87,5.36,5.44,5.327,4.65,5.38
0,2015-10-21 11:14:00,0.855,5.36,5.438,5.323,4.639,5.35
0,2015-10-21 11:15:00,0.855,5.34,5.41,5.298,4.628,5.34
0,2015-10-21 11:16:00,0.848,5.33,5.412,5.302,4.628,5.34
0,2015-10-21 11:17:00,0.83,5.32,5.39,5.28,4.603,5.32
0,2015-10-21 11:18:00,0.819,5.32,5.403,5.29,4.61,5.32
0,2015-10-21 11:19:00,0.815,5.31,5.39,5.28,4.599,5.32
0,2015-10-21 11:20:00,0.808,5.31,5.392,5.278,4.603,5.33
0,2015-10-21 11:21:00,0.811,5.32,5.4,5.287,4.61,5.32
0,2015-10-21 11:22:00,0.808,5.3,5.39,5.273,4.584,5.3
0,2015-10-21 11:23:00,0.808,5.3,5.385,5.275,4.595,5.32
0,2015-10-21 11:24:00,0.808,5.3,5.372,5.27,4.581,5.29
0,2015-10-21 11:25:00,0.804,5.3,5.375,5.258,4.581,5.29
0,2015-10-21 11:26:00,0.8,5.3,5.372,5.265,4.581,5.3
0,2015-10-21 11:27:00,0.797,5.3,5.372,5.262,4.577,5.28
0,2015-10-21 11:28:00,0.797,5.29,5.36,5.24,4.54,5.25
0,2015-10-21 11:29:00,0.797,5.28,5.355,5.233,4.544,5.25
0,2015-10-21 11:30:00,0.786,5.28,5.345,5.235,4.54,5.24
0,2015-10-21 11:31:00,0.782,5.28,5.345,5.227,4.529,5.24
0,2015-10-21 11:32:00,0.778,5.27,5.343,5.227,4.537,5.24
0,2015-10-21 11:33:00,0.778,5.28,5.35,5.23,4.537,5.24
0,2015-10-21 11:34:00,0.782,5.28,5.355,5.233,4.54,5.26
0,2015-10-21 11:35:00,0.797,5.29,5.38,5.265,4.57,5.28
0,2015-10-21 11:36:00,0.808,5.3,5.38,5.26,4.57,5.29
0,2015-10-21 11:37:00,0.822,5.32,5.378,5.26,4.577,5.28
0,2015-10-21 11:38:00,0.822,5.32,5.385,5.27,4.57,5.28
0,2015-10-21 11:39:00,0.826,5.32,5.392,5.273,4.581,5.29
0,2015-10-21 11:40:00,0.826,5.32,5.39,5.273,4.577,5.28
0,2015-10-21 11:41:00,0.826,5.32,5.39,5.273,4.581,5.29
0,2015-10-21 11:42:00,0.83,5.32,5.392,5.275,4.577,5.29
0,2015-10-21 11:43:00,0.83,5.32,5.392,5.273,4.581,5.29
0,2015-10-21 11:44:00,0.83,5.32,5.395,5.278,4.577,5.28
0,2015-10-21 11:45:00,0.83,5.32,5.39,5.28,4.581,5.29
0,2015-10-21 11:46:00,0.83,5.32,5.4,5.275,4.588,5.29
0,2015-10-21 11:47:00,0.833,5.32,5.4,5.275,4.54,5.24
0,2015-10-21 11:48:00,0.822,5.28,5.343,5.215,4.478,5.18
0,2015-10-21 11:49:00,0.811,5.29,5.367,5.245,4.526,5.24
0,2015-10-21 11:50:00,0.8,5.28,5.355,5.22,4.507,5.21
0,2015-10-21 11:51:00,0.789,5.28,5.345,5.22,4.507,5.21
0,2015-10-21 11:52:00,0.789,5.28,5.343,5.218,4.504,5.2
0,2015-10-21 11:53:00,0.789,5.27,5.332,5.205,4.493,5.2
0,2015-10-21 11:54:00,0.778,5.26,5.332,5.21,4.493,5.2
0,2015-10-21 11:55:00,0.767,5.26,5.32,5.193,4.489,5.18
0,2015-10-21 11:56:00,0.764,5.24,5.31,5.19,4.474,5.17
0,2015-10-21 11:57:00,0.756,5.24,5.313,5.182,4.467,5.18
0,2015-10-21 11:58:00,0.756,5.24,5.3,5.185,4.463,5.16
0,2015-10-21 11:59:00,0.753,5.24,5.295,5.175,4.46,5.16
0,2015-10-21 12:00:00,0.745,5.23,5.298,5.17,4.452,5.15
0,2015-10-21 12:01:00,0.745,5.23,5.29,5.165,4.449,5.14
0,2015-10-21 12:02:00,0.745,5.23,5.293,5.17,4.449,5.15
0,2015-10-21 12:03:00,0.742,5.22,5.293,5.162,4.449,5.14
0,2015-10-21 12:04:00,0.742,5.22,5.282,5.16,4.445,5.14
0,2015-10-21 12:05:00,0.738,5.22,5.293,5.165,4.449,5.14
0,2015-10-21 12:06:00,0.738,5.22,5.282,5.162,4.445,5.15
0,2015-10-21 12:07:00,0.738,5.22,5.285,5.16,4.449,5.15
0,2015-10-21 12:08:00,0.738,5.22,5.282,5.162,4.452,5.16
0,2015-10-21 12:09:00,0.738,5.22,5.293,5.17,4.452,5.16
0,2015-10-21 12:10:00,0.738,5.22,5.29,5.165,4.456,5.16
0,2015-10-21 12:11:00,0.738,5.23,5.29,5.17,4.456,5.17
0,2015-10-21 12:12:00,0.738,5.24,5.315,5.198,4.504,5.22
0,2015-10-21 12:13:00,0.745,5.25,5.323,5.218,4.54,5.23
0,2015-10-21 12:14:00,0.756,5.24,5.302,5.18,4.438,5.13
0,2015-10-21 12:15:00,0.756,5.26,5.323,5.213,4.518,5.23
0,2015-10-21 12:16:00,0.767,5.26,5.302,5.177,4.467,5.17
0,2015-10-21 12:17:00,0.778,5.26,5.335,5.21,4.5,5.21
0,2015-10-21 12:18:00,0.778,5.27,5.335,5.213,4.504,5.21
0,2015-10-21 12:19:00,0.8,5.29,5.352,5.235,4.522,5.23
0,2015-10-21 12:20:00,0.808,5.3,5.365,5.255,4.544,5.26
0,2015-10-21 12:21:00,0.833,5.32,5.387,5.275,4.54,5.24
0,2015-10-21 12:22:00,0.841,5.32,5.387,5.273,4.555,5.26
0,2015-10-21 12:23:00,0.87,5.35,5.423,5.29,4.595,5.3
0,2015-10-21 12:24:00,0.874,5.37,5.44,5.305,4.595,5.3
0,2015-10-21 12:25:00,0.881,5.36,5.425,5.315,4.595,5.28
0,2015-10-21 12:26:00,0.896,5.38,5.44,5.318,4.595,5.3
0,2015-10-21 12:27:00,0.892,5.37,5.438,5.315,4.617,5.32
0,2015-10-21 12:28:00,0.907,5.39,5.46,5.332,4.614,5.32
0,2015-10-21 12:29:00,0.907,5.39,5.45,5.335,4.614,5.32
0,2015-10-21 12:30:00,0.907,5.39,5.452,5.332,4.595,5.3
0,2015-10-21 12:31:00,0.907,5.39,5.452,5.327,4.625,5.33
0,2015-10-21 12:32:00,0.91,5.4,5.472,5.352,4.621,5.34
0,2015-10-21 12:33:00,0.925,5.41,5.475,5.345,4.632,5.34
0,2015-10-21 12:34:00,0.94,5.42,5.472,5.355,4.61,5.31
0,2015-10-21 12:35:00,0.94,5.42,5.477,5.367,4.665,5.37
0,2015-10-21 12:36:00,0.951,5.43,5.492,5.37,4.647,5.36
0,2015-10-21 12:37:00,0.954,5.43,5.497,5.378,4.658,5.36
0,2015-10-21 12:38:00,0.962,5.44,5.503,5.38,4.658,5.36
0,2015-10-21 12:39:00,0.962,5.44,5.495,5.375,4.636,5.34
0,2015-10-21 12:40:00,0.958,5.43,5.52,5.4,4.676,5.39
0,2015-10-21 12:41:00,0.962,5.44,5.505,5.383,4.661,5.37
0,2015-10-21 12:42:00,0.962,5.44,5.505,5.375,4.661,5.37
0,2015-10-21 12:43:00,0.965,5.44,5.505,5.385,4.65,5.34
0,2015-10-21 12:44:00,0.965,5.44,5.503,5.372,4.647,5.36
0,2015-10-21 12:45:00,0.962,5.45,5.503,5.387,4.679,5.39
0,2015-10-21 12:46:00,0.965,5.44,5.503,5.39,4.658,5.36
0,2015-10-21 12:47:00,0.962,5.44,5.497,5.38,4.661,5.36
0,2015-10-21 12:48:00,0.965,5.44,5.508,5.372,4.639,5.34
0,2015-10-21 12:49:00,0.962,5.44,5.5,5.367,4.65,5.37
0,2015-10-21 12:50:00,0.962,5.44,5.505,5.383,4.665,5.37
0,2015-10-21 12:51:00,0.965,5.44,5.505,5.387,4.658,5.36
0,2015-10-21 12:52:00,0.962,5.44,5.503,5.383,4.661,5.36
0,2015-10-21 12:53:00,0.962,5.43,5.483,5.36,4.636,5.34
0,2015-10-21 12:54:00,0.958,5.43,5.497,5.372,4.65,5.35
0,2015-10-21 12:55:00,0.954,5.43,5.497,5.372,4.665,5.37
0,2015-10-21 12:56:00,0.951,5.43,5.495,5.372,4.65,5.36
0,2015-10-21 12:57:00,0.929,5.41,5.48,5.358,4.643,5.34
0,2015-10-21 12:58:00,0.929,5.41,5.48,5.355,4.643,5.34
0,2015-10-21 12:59:00,0.918,5.39,5.46,5.338,4.606,5.29
0,2015-10-21 13:00:00,0.918,5.41,5.472,5.355,4.636,5.34
0,2015-10-21 13:01:00,0.907,5.37,5.435,5.325,4.617,5.32
0,2015-10-21 13:02:00,0.874,5.37,5.438,5.323,4.658,5.37
0,2015-10-21 13:03:00,0.881,5.35,5.42,5.3,4.581,5.29
0,2015-10-21 13:04:00,0.863,5.36,5.435,5.318,4.621,5.33
0,2015-10-21 13:05:00,0.863,5.36,5.425,5.305,4.592,5.3
0,2015-10-21 13:06:00,0.877,5.36,5.41,5.287,4.54,5.24
0,2015-10-21 13:07:00,0.87,5.36,5.423,5.298,4.562,5.27
0,2015-10-21 13:08:00,0.87,5.35,5.407,5.287,4.57,5.28
0,2015-10-21 13:09:00,0.87,5.37,5.435,5.313,4.581,5.3
0,2015-10-21 13:10:00,0.892,5.37,5.443,5.327,4.606,5.32
0,2015-10-21 13:11:00,0.903,5.38,5.44,5.32,4.603,5.3
0,2015-10-21 13:12:00,0.914,5.39,5.452,5.335,4.595,5.3
0,2015-10-21 13:13:00,0.914,5.39,5.452,5.33,4.617,5.32
0,2015-10-21 13:14:00,0.921,5.4,5.46,5.343,4.639,5.34
0,2015-10-21 13:15:00,0.925,5.41,5.46,5.352,4.621,5.32
0,2015-10-21 13:16:00,0.925,5.4,5.465,5.355,4.621,5.32
0,2015-10-21 13:17:00,0.925,5.4,5.468,5.343,4.614,5.32
0,2015-10-21 13:18:00,0.925,5.42,5.485,5.37,4.643,5.34
0,2015-10-21 13:19:00,0.925,5.41,5.47,5.352,4.628,5.33
0,2015-10-21 13:20:00,0.929,5.4,5.47,5.345,4.628,5.33
0,2015-10-21 13:21:00,0.929,5.4,5.463,5.347,4.617,5.32
0,2015-10-21 13:22:00,0.925,5.41,5.465,5.358,4.643,5.34
0,2015-10-21 13:23:00,0.929,5.41,5.472,5.345,4.628,5.33
0,2015-10-21 13:24:00,0.925,5.41,5.472,5.345,4.628,5.33
0,2015-10-21 13:25:00,0.932,5.41,5.47,5.343,4.603,5.31
0,2015-10-21 13:26:00,0.925,5.4,5.463,5.343,4.628,5.34
0,2015-10-21 13:27:00,0.929,5.41,5.477,5.355,4.632,5.34
0,2015-10-21 13:28:00,0.929,5.41,5.472,5.355,4.628,5.34
0,2015-10-21 13:29:00,0.929,5.39,5.452,5.325,4.603,5.3
0,2015-10-21 13:30:00,0.921,5.4,5.457,5.345,4.614,5.32
0,2015-10-21 13:31:00,0.918,5.4,5.463,5.343,4.632,5.34
0,2015-10-21 13:32:00,0.885,5.37,5.435,5.318,4.61,5.31
0,2015-10-21 13:33:00,0.877,5.36,5.423,5.302,4.588,5.29
0,2015-10-21 13:34:00,0.859,5.34,5.4,5.293,4.562,5.27
0,2015-10-21 13:35:00,0.848,5.34,5.4,5.28,4.57,5.28
0,2015-10-21 13:36:00,0.848,5.34,5.398,5.287,4.57,5.28
0,2015-10-21 13:37:00,0.848,5.3,5.37,5.24,4.533,5.25
0,2015-10-21 13:38:00,0.804,5.28,5.343,5.227,4.515,5.22
0,2015-10-21 13:39:00,0.797,5.28,5.345,5.225,4.515,5.22
0,2015-10-21 13:40:00,0.8,5.3,5.367,5.238,4.529,5.23
0,2015-10-21 13:41:00,0.797,5.28,5.355,5.233,4.522,5.23
0,2015-10-21 13:42:00,0.797,5.28,5.352,5.23,4.504,5.21
0,2015-10-21 13:43:00,0.797,5.28,5.343,5.23,4.515,5.22
0,2015-10-21 13:44:00,0.793,5.28,5.35,5.227,4.511,5.22
0,2015-10-21 13:45:00,0.793,5.28,5.355,5.235,4.522,5.25
0,2015-10-21 13:46:00,0.797,5.28,5.355,5.235,4.529,5.24
0,2015-10-21 13:47:00,0.797,5.28,5.355,5.23,4.522,5.22
0,2015-10-21 13:48:00,0.797,5.28,5.332,5.22,4.5,5.21
0,2015-10-21 13:49:00,0.797,5.28,5.345,5.233,4.515,5.21
0,2015-10-21 13:50:00,0.797,5.28,5.352,5.222,4.511,5.22
0,2015-10-21 13:51:00,0.793,5.28,5.355,5.24,4.537,5.24
0,2015-10-21 13:52:00,0.797,5.29,5.345,5.227,4.515,5.2
0,2015-10-21 13:53:00,0.804,5.28,5.345,5.227,4.511,5.21
0,2015-10-21 13:54:00,0.804,5.29,5.355,5.245,4.537,5.24
0,2015-10-21 13:55:00,0.808,5.29,5.355,5.245,4.526,5.25
0,2015-10-21 13:56:00,0.815,5.3,5.372,5.258,4.544,5.24
0,2015-10-21 13:57:00,0.819,5.32,5.423,5.262,4.61,5.31
0,2015-10-21 13:58:00,0.826,5.32,5.372,5.26,4.548,5.26
0,2015-10-21 13:59:00,0.826,5.33,5.41,5.29,4.61,5.33
0,2015-10-21 14:00:00,0.841,5.33,5.398,5.29,4.581,5.3
0,2015-10-21 14:01:00,0.837,5.33,5.4,5.285,4.588,5.29
0,2015-10-21 14:02:00,0.844,5.34,5.405,5.293,4.588,5.3
0,2015-10-21 14:03:00,0.844,5.34,5.405,5.29,4.566,5.28
0,2015-10-21 14:04:00,0.844,5.36,5.423,5.315,4.606,5.32
0,2015-10-21 14:05:00,0.874,5.37,5.44,5.31,4.617,5.33
0,2015-10-21 14:06:00,0.877,5.37,5.435,5.327,4.625,5.36
0,2015-10-21 14:07:00,0.892,5.39,5.47,5.34,4.643,5.36
0,2015-10-21 14:08:00,0.903,5.4,5.46,5.345,4.643,5.36
0,2015-10-21 14:09:00,0.907,5.4,5.46,5.352,4.65,5.37
0,2015-10-21 14:10:00,0.91,5.4,5.472,5.355,4.65,5.37
0,2015-10-21 14:11:00,0.914,5.4,5.472,5.358,4.654,5.37
0,2015-10-21 14:12:00,0.914,5.4,5.472,5.365,4.658,5.37
0,2015-10-21 14:13:00,0.918,5.41,5.46,5.343,4.632,5.34
0,2015-10-21 14:14:00,0.914,5.42,5.497,5.38,4.672,5.39
0,2015-10-21 14:15:00,0.918,5.41,5.477,5.36,4.661,5.37
0,2015-10-21 14:16:00,0.914,5.4,5.47,5.358,4.654,5.37
0,2015-10-21 14:17:00,0.918,5.41,5.48,5.358,4.661,5.37
0,2015-10-21 14:18:00,0.918,5.41,5.477,5.363,4.658,5.37
0,2015-10-21 14:19:00,0.918,5.41,5.477,5.358,4.658,5.37
0,2015-10-21 14:20:00,0.918,5.41,5.475,5.363,4.658,5.37
0,2015-10-21 14:21:00,0.918,5.41,5.475,5.358,4.661,5.37
0,2015-10-21 14:22:00,0.918,5.41,5.475,5.36,4.658,5.37
0,2015-10-21 14:23:00,0.918,5.41,5.475,5.363,4.658,5.38
0,2015-10-21 14:24:00,0.903,5.4,5.465,5.35,4.647,5.36
0,2015-10-21 14:25:00,0.903,5.39,5.463,5.352,4.647,5.36
0,2015-10-21 14:26:00,0.892,5.39,5.455,5.343,4.639,5.36
0,2015-10-21 14:27:00,0.892,5.38,5.455,5.338,4.636,5.36
0,2015-10-21 14:28:00,0.892,5.39,5.452,5.338,4.636,5.36
0,2015-10-21 14:29:00,0.892,5.38,5.443,5.338,4.632,5.34
0,2015-10-21 14:30:00,0.888,5.37,5.425,5.323,4.61,5.32
0,2015-10-21 14:31:00,0.881,5.37,5.44,5.325,4.621,5.35
0,2015-10-21 14:32:00,0.885,5.39,5.45,5.335,4.636,5.36
0,2015-10-21 14:33:00,0.885,5.38,5.438,5.325,4.628,5.34
0,2015-10-21 14:34:00,0.885,5.38,5.45,5.335,4.632,5.34
0,2015-10-21 14:35:00,0.885,5.38,5.452,5.332,4.632,5.34
0,2015-10-21 14:36:00,0.885,5.38,5.45,5.33,4.632,5.34
0,2015-10-21 14:37:00,0.888,5.38,5.445,5.33,4.632,5.34
0,2015-10-21 14:38:00,0.885,5.38,5.45,5.332,4.632,5.34
0,2015-10-21 14:39:00,0.888,5.38,5.448,5.335,4.632,5.35
0,2015-10-21 14:40:00,0.885,5.35,5.415,5.298,4.584,5.3
0,2015-10-21 14:41:00,0.855,5.35,5.423,5.305,4.628,5.36
0,2015-10-21 14:42:00,0.844,5.34,5.41,5.293,4.592,5.31
0,2015-10-21 14:43:00,0.844,5.34,5.41,5.3,4.603,5.31
0,2015-10-21 14:44:00,0.844,5.34,5.42,5.295,4.599,5.32
0,2015-10-21 14:45:00,0.855,5.35,5.42,5.305,4.606,5.3
0,2015-10-21 14:46:00,0.874,5.36,5.415,5.3,4.592,5.3
0,2015-10-21 14:47:00,0.881,5.37,5.435,5.323,4.636,5.36
0,2015-10-21 14:48:00,0.896,5.38,5.44,5.325,4.617,5.34
0,2015-10-21 14:49:00,0.899,5.4,5.477,5.355,4.658,5.38
0,2015-10-21 14:50:00,0.91,5.4,5.465,5.352,4.636,5.3
0,2015-10-21 14:51:00,0.888,5.36,5.432,5.307,4.588,5.29
0,2015-10-21 14:52:00,0.892,5.37,5.427,5.307,4.595,5.31
0,2015-10-21 14:53:00,0.877,5.37,5.455,5.338,4.617,5.33
0,2015-10-21 14:54:00,0.877,5.36,5.435,5.307,4.628,5.34
0,2015-10-21 14:55:00,0.877,5.37,5.43,5.31,4.603,5.32
0,2015-10-21 14:56:00,0.874,5.37,5.435,5.318,4.606,5.32
0,2015-10-21 14:57:00,0.877,5.37,5.432,5.32,4.606,5.32
0,2015-10-21 14:58:00,0.877,5.35,5.407,5.3,4.584,5.3
0,2015-10-21 14:59:00,0.877,5.36,5.425,5.313,4.595,5.31
0,2015-10-21 15:00:00,0.874,5.37,5.432,5.318,4.61,5.32
0,2015-10-21 15:01:00,0.877,5.36,5.427,5.307,4.603,5.31
0,2015-10-21 15:02:00,0.877,5.36,5.427,5.318,4.606,5.32
0,2015-10-21 15:03:00,0.877,5.37,5.432,5.315,4.606,5.32
0,2015-10-21 15:04:00,0.877,5.36,5.435,5.313,4.606,5.31
0,2015-10-21 15:05:00,0.877,5.36,5.42,5.29,4.581,5.28
0,2015-10-21 15:06:00,0.874,5.38,5.435,5.32,4.61,5.32
0,2015-10-21 15:07:00,0.874,5.36,5.43,5.323,4.617,5.32
0,2015-10-21 15:08:00,0.874,5.36,5.427,5.31,4.606,5.32
0,2015-10-21 15:09:00,0.874,5.36,5.427,5.313,4.606,5.32
0,2015-10-21 15:10:00,0.874,5.36,5.43,5.315,4.606,5.32
0,2015-10-21 15:11:00,0.874,5.36,5.425,5.313,4.606,5.32
0,2015-10-21 15:12:00,0.874,5.36,5.425,5.313,4.603,5.32
0,2015-10-21 15:13:00,0.877,5.36,5.425,5.315,4.606,5.32
0,2015-10-21 15:14:00,0.877,5.37,5.427,5.313,4.606,5.32
0,2015-10-21 15:15:00,0.877,5.37,5.435,5.32,4.61,5.33
0,2015-10-21 15:16:00,0.877,5.37,5.432,5.32,4.614,5.32
0,2015-10-21 15:17:00,0.888,5.38,5.45,5.332,4.617,5.33
0,2015-10-21 15:18:00,0.918,5.41,5.475,5.355,4.639,5.36
0,2015-10-21 15:19:00,0.94,5.42,5.485,5.38,4.661,5.37
0,2015-10-21 15:20:00,0.962,5.45,5.512,5.392,4.676,5.39
0,2015-10-21 15:21:00,0.973,5.46,5.523,5.403,4.687,5.4
0,2015-10-21 15:22:00,0.973,5.46,5.52,5.405,4.69,5.4
0,2015-10-21 15:23:00,0.976,5.46,5.523,5.405,4.698,5.4
0,2015-10-21 15:24:00,0.991,5.47,5.535,5.425,4.709,5.42
0,2015-10-21 15:25:00,0.987,5.5,5.597,5.497,4.8,5.53
0,2015-10-21 15:26:00,1.013,5.51,5.57,5.457,4.767,5.47
0,2015-10-21 15:27:00,1.016,5.5,5.573,5.463,4.764,5.49
0,2015-10-21 15:28:00,1.027,5.52,5.597,5.475,4.771,5.49
0,2015-10-21 15:29:00,1.035,5.53,5.597,5.477,4.778,5.49
0,2015-10-21 15:30:00,1.038,5.53,5.593,5.485,4.778,5.5
0,2015-10-21 15:31:00,1.046,5.53,5.6,5.488,4.786,5.51
0,2015-10-21 15:32:00,1.042,5.53,5.597,5.495,4.786,5.51
0,2015-10-21 15:33:00,1.046,5.53,5.613,5.497,4.793,5.51
0,2015-10-21 15:34:00,1.071,5.56,5.63,5.515,4.808,5.53
0,2015-10-21 15:35:00,1.075,5.57,5.625,5.517,4.8,5.53
0,2015-10-21 15:36:00,1.06,5.57,5.653,5.528,4.841,5.57
0,2015-10-21 15:37:00,0.932,5.43,5.497,5.378,4.676,5.39
0,2015-10-21 15:38:00,0.991,5.49,5.552,5.438,4.723,5.44
0,2015-10-21 15:39:00,0.921,5.41,5.485,5.37,4.672,5.39
0,2015-10-21 15:40:00,0.925,5.41,5.472,5.358,4.676,5.39
0,2015-10-21 15:41:00,0.881,5.38,5.45,5.332,4.643,5.36
0,2015-10-21 15:42:00,0.859,5.36,5.435,5.318,4.632,5.35
0,2015-10-21 15:43:00,0.819,5.32,5.39,5.282,4.603,5.33
0,2015-10-21 15:44:00,0.808,5.31,5.378,5.27,4.581,5.3
0,2015-10-21 15:45:00,0.786,5.29,5.365,5.245,4.566,5.29
0,2015-10-21 15:46:00,0.771,5.28,5.352,5.233,4.551,5.28
0,2015-10-21 15:47:00,0.764,5.26,5.34,5.235,4.548,5.27
0,2015-10-21 15:48:00,0.738,5.24,5.315,5.2,4.522,5.24
0,2015-10-21 15:49:00,0.731,5.24,5.31,5.202,4.522,5.24
0,2015-10-21 15:50:00,0.712,5.21,5.29,5.182,4.493,5.21
0,2015-10-21 15:51:00,0.701,5.2,5.278,5.17,4.493,5.21
0,2015-10-21 15:52:00,0.694,5.2,5.28,5.16,4.504,5.23
0,2015-10-21 15:53:00,0.775,5.26,5.325,5.213,4.507,5.23
0,2015-10-21 15:54:00,0.775,5.28,5.355,5.247,4.562,5.28
0,2015-10-21 15:55:00,0.797,5.29,5.355,5.25,4.551,5.28
0,2015-10-21 15:56:00,0.808,5.3,5.39,5.285,4.599,5.32
0,2015-10-21 15:57:00,0.819,5.31,5.387,5.273,4.584,5.31
0,2015-10-21 15:58:00,0.83,5.32,5.398,5.29,4.592,5.32
0,2015-10-21 15:59:00,0.841,5.34,5.407,5.293,4.603,5.32
0,2015-10-21 16:00:00,0.841,5.34,5.41,5.3,4.61,5.33
0,2015-10-21 16:01:00,0.852,5.34,5.42,5.302,4.61,5.34
0,2015-10-21 16:02:00,0.863,5.37,5.443,5.345,4.654,5.37
0,2015-10-21 16:03:00,0.863,5.36,5.425,5.31,4.614,5.34
0,2015-10-21 16:04:00,0.87,5.37,5.438,5.325,4.632,5.36
0,2015-10-21 16:05:00,0.874,5.37,5.438,5.33,4.636,5.36
0,2015-10-21 16:06:00,0.874,5.38,5.452,5.345,4.654,5.39
0,2015-10-21 16:07:00,0.877,5.36,5.427,5.318,4.625,5.35
0,2015-10-21 16:08:00,0.877,5.37,5.44,5.332,4.636,5.36
0,2015-10-21 16:09:00,0.881,5.38,5.45,5.332,4.643,5.37
0,2015-10-21 16:10:00,0.877,5.37,5.445,5.332,4.639,5.36
0,2015-10-21 16:11:00,0.881,5.37,5.452,5.338,4.643,5.36
0,2015-10-21 16:12:00,0.881,5.38,5.452,5.338,4.643,5.37
0,2015-10-21 16:13:00,0.881,5.39,5.465,5.355,4.661,5.38
0,2015-10-21 16:14:00,0.885,5.38,5.46,5.343,4.665,5.4
0,2015-10-21 16:15:00,0.885,5.39,5.46,5.345,4.643,5.37
0,2015-10-21 16:16:00,0.888,5.38,5.443,5.325,4.639,5.36
0,2015-10-21 16:17:00,0.885,5.38,5.457,5.345,4.65,5.37
0,2015-10-21 16:18:00,0.888,5.39,5.452,5.345,4.65,5.37
0,2015-10-21 16:19:00,0.885,5.4,5.472,5.36,4.672,5.4
0,2015-10-21 16:20:00,0.888,5.37,5.443,5.323,4.639,5.36
0,2015-10-21 16:21:00,0.885,5.38,5.45,5.343,4.65,5.37
0,2015-10-21 16:22:00,0.888,5.39,5.457,5.345,4.65,5.37
0,2015-10-21 16:23:00,0.888,5.39,5.455,5.343,4.65,5.37
0,2015-10-21 16:24:00,0.885,5.38,5.457,5.345,4.65,5.37
0,2015-10-21 16:25:00,0.888,5.39,5.46,5.352,4.654,5.38
0,2015-10-21 16:26:00,0.885,5.38,5.452,5.338,4.65,5.37
0,2015-10-21 16:27:00,0.885,5.38,5.457,5.345,4.65,5.37
0,2015-10-21 16:28:00,0.885,5.38,5.452,5.345,4.65,5.37
0,2015-10-21 16:29:00,0.881,5.38,5.45,5.343,4.65,5.37
0,2015-10-21 16:30:00,0.881,5.38,5.452,5.338,4.65,5.37
0,2015-10-21 16:31:00,0.881,5.38,5.452,5.343,4.647,5.37
0,2015-10-21 16:32:00,0.877,5.37,5.443,5.338,4.647,5.37
0,2015-10-21 16:33:00,0.877,5.38,5.443,5.335,4.647,5.36
0,2015-10-21 16:34:00,0.877,5.37,5.45,5.338,4.643,5.37
0,2015-10-21 16:35:00,0.877,5.38,5.457,5.338,4.65,5.37
0,2015-10-21 16:36:00,0.877,5.37,5.448,5.335,4.636,5.36
0,2015-10-21 16:37:00,0.877,5.37,5.445,5.335,4.643,5.37
0,2015-10-21 16:38:00,0.877,5.37,5.438,5.332,4.639,5.36
0,2015-10-21 16:39:00,0.877,5.38,5.452,5.338,4.665,5.38
0,2015-10-21 16:40:00,0.877,5.37,5.44,5.332,4.621,5.34
0,2015-10-21 16:41:00,0.877,5.37,5.432,5.298,4.573,5.28
0,2015-10-21 16:42:00,0.866,5.34,5.403,5.28,4.559,5.25
0,2015-10-21 16:43:00,0.855,5.34,5.405,5.29,4.577,5.3
0,2015-10-21 16:44:00,0.844,5.33,5.392,5.278,4.57,5.28
0,2015-10-21 16:45:00,0.833,5.32,5.395,5.28,4.562,5.28
0,2015-10-21 16:46:00,0.822,5.32,5.38,5.267,4.559,5.28
0,2015-10-21 16:47:00,0.822,5.32,5.385,5.265,4.551,5.26
0,2015-10-21 16:48:00,0.811,5.32,5.4,5.302,4.647,5.37
0,2015-10-21 16:49:00,0.826,5.32,5.39,5.265,4.566,5.29
0,2015-10-21 16:50:00,0.822,5.32,5.392,5.28,4.588,5.31
0,2015-10-21 16:51:00,0.837,5.33,5.403,5.29,4.595,5.31
0,2015-10-21 16:52:00,0.837,5.34,5.405,5.293,4.599,5.32
0,2015-10-21 16:53:00,0.848,5.34,5.418,5.305,4.606,5.32
0,2015-10-21 16:54:00,0.855,5.36,5.423,5.315,4.61,5.33
0,2015-10-21 16:55:00,0.855,5.35,5.423,5.31,4.61,5.33
0,2015-10-21 16:56:00,0.859,5.35,5.425,5.31,4.61,5.33
0,2015-10-21 16:57:00,0.859,5.35,5.425,5.315,4.614,5.33
0,2015-10-21 16:58:00,0.859,5.37,5.435,5.327,4.65,5.36
0,2015-10-21 16:59:00,0.881,5.37,5.448,5.332,4.628,5.34
0,2015-10-21 17:00:00,0.885,5.38,5.455,5.345,4.65,5.37
0,2015-10-21 17:01:00,0.899,5.43,5.495,5.4,4.756,5.53
0,2015-10-21 17:02:00,0.918,5.43,5.515,5.423,4.734,5.47
0,2015-10-21 17:03:00,0.929,5.43,5.505,5.405,4.716,5.43
0,2015-10-21 17:04:00,0.94,5.44,5.52,5.418,4.76,5.49
0,2015-10-21 17:05:00,0.943,5.44,5.517,5.405,4.723,5.45
0,2015-10-21 17:06:00,0.943,5.44,5.515,5.418,4.742,5.46
0,2015-10-21 17:07:00,0.947,5.45,5.525,5.418,4.742,5.48
0,2015-10-21 17:08:00,0.951,5.45,5.535,5.423,4.753,5.48
0,2015-10-21 17:09:00,0.951,5.45,5.528,5.423,4.723,5.45
0,2015-10-21 17:10:00,0.962,5.46,5.543,5.435,4.76,5.49
0,2015-10-21 17:11:00,0.965,5.47,5.54,5.435,4.753,5.48
0,2015-10-21 17:12:00,0.973,5.47,5.548,5.445,4.778,5.51
0,2015-10-21 17:13:00,0.976,5.47,5.537,5.435,4.756,5.48
0,2015-10-21 17:14:00,0.976,5.47,5.552,5.44,4.764,5.49
0,2015-10-21 17:15:00,0.969,5.47,5.56,5.45,4.778,5.5
0,2015-10-21 17:16:00,0.965,5.47,5.535,5.425,4.745,5.47
0,2015-10-21 17:17:00,0.958,5.44,5.525,5.423,4.742,5.47
0,2015-10-21 17:18:00,0.954,5.46,5.53,5.425,4.742,5.47
0,2015-10-21 17:19:00,0.951,5.45,5.532,5.425,4.742,5.47
0,2015-10-21 17:20:00,0.951,5.45,5.54,5.435,4.767,5.5
0,2015-10-21 17:21:00,0.954,5.45,5.523,5.42,4.742,5.46
0,2015-10-21 17:22:00,0.951,5.47,5.535,5.427,4.753,5.49
0,2015-10-21 17:23:00,0.954,5.45,5.525,5.418,4.738,5.46
0,2015-10-21 17:24:00,0.954,5.47,5.537,5.425,4.753,5.47
0,2015-10-21 17:25:00,0.969,5.47,5.56,5.452,4.782,5.52
0,2015-10-21 17:26:00,0.973,5.47,5.548,5.438,4.745,5.47
0,2015-10-21 17:27:00,0.98,5.47,5.55,5.448,4.782,5.51
0,2015-10-21 17:28:00,0.991,5.48,5.56,5.452,4.76,5.49
0,2015-10-21 17:29:00,1.016,5.51,5.605,5.497,4.819,5.55
0,2015-10-21 17:30:00,1.016,5.52,5.595,5.483,4.786,5.52
0,2015-10-21 17:31:00,1.042,5.53,5.605,5.505,4.822,5.55
0,2015-10-21 17:32:00,1.042,5.55,5.622,5.517,4.841,5.58
0,2015-10-21 17:33:00,1.046,5.52,5.6,5.492,4.808,5.54
0,2015-10-21 17:34:00,1.046,5.55,5.635,5.53,4.844,5.57
0,2015-10-21 17:35:00,1.02,5.53,5.602,5.492,4.819,5.53
0,2015-10-21 17:36:00,0.932,5.43,5.492,5.378,4.698,5.4
0,2015-10-21 17:37:00,0.921,5.41,5.48,5.367,4.683,5.4
0,2015-10-21 17:38:00,0.874,5.37,5.45,5.33,4.658,5.39
0,2015-10-21 17:39:00,0.852,5.34,5.423,5.302,4.617,5.34
0,2015-10-21 17:40:00,0.833,5.33,5.42,5.305,4.617,5.34
0,2015-10-21 17:41:00,0.819,5.32,5.39,5.285,4.595,5.32
0,2015-10-21 17:42:00,0.808,5.31,5.39,5.273,4.584,5.31
0,2015-10-21 17:43:00,0.804,5.3,5.378,5.262,4.581,5.3
0,2015-10-21 17:44:00,0.793,5.3,5.37,5.262,4.577,5.3
0,2015-10-21 17:45:00,0.786,5.28,5.36,5.25,4.57,5.3
0,2015-10-21 17:46:00,0.782,5.28,5.358,5.247,4.566,5.29
0,2015-10-21 17:47:00,0.775,5.28,5.355,5.24,4.562,5.28
0,2015-10-21 17:48:00,0.771,5.28,5.347,5.24,4.559,5.29
0,2015-10-21 17:49:00,0.771,5.28,5.352,5.238,4.559,5.28
0,2015-10-21 17:50:00,0.756,5.22,5.262,5.133,4.43,5.13
0,2015-10-21 17:51:00,0.731,5.22,5.273,5.153,4.438,5.15
0,2015-10-21 17:52:00,0.72,5.21,5.28,5.16,4.449,5.15
0,2015-10-21 17:53:00,0.698,5.18,5.255,5.148,4.438,5.16
0,2015-10-21 17:54:00,0.687,5.18,5.245,5.137,4.434,5.15
0,2015-10-21 17:55:00,0.676,5.17,5.242,5.122,4.419,5.14
0,2015-10-21 17:56:00,0.676,5.17,5.24,5.122,4.419,5.12
0,2015-10-21 17:57:00,0.668,5.16,5.233,5.117,4.412,5.12
0,2015-10-21 17:58:00,0.665,5.16,5.233,5.108,4.408,5.12
0,2015-10-21 17:59:00,0.668,5.23,5.29,5.168,4.445,5.15
0,2015-10-21 18:00:00,0.742,5.24,5.302,5.185,4.482,5.2
0,2015-10-21 18:01:00,0.756,5.25,5.315,5.195,4.471,5.17
0,2015-10-21 18:02:00,0.767,5.26,5.327,5.207,4.496,5.2
0,2015-10-21 18:03:00,0.771,5.26,5.325,5.2,4.493,5.22
0,2015-10-21 18:04:00,0.778,5.28,5.338,5.218,4.515,5.22
0,2015-10-21 18:05:00,0.782,5.27,5.338,5.218,4.482,5.2
0,2015-10-21 18:06:00,0.782,5.28,5.332,5.21,4.507,5.21
0,2015-10-21 18:07:00,0.786,5.27,5.343,5.218,4.504,5.22
0,2015-10-21 18:08:00,0.786,5.27,5.338,5.215,4.504,5.22
0,2015-10-21 18:09:00,0.786,5.28,5.345,5.23,4.529,5.23
0,2015-10-21 18:10:00,0.789,5.28,5.332,5.215,4.489,5.2
0,2015-10-21 18:11:00,0.789,5.28,5.338,5.218,4.507,5.21
0,2015-10-21 18:12:00,0.793,5.28,5.345,5.23,4.511,5.22
0,2015-10-21 18:13:00,0.789,5.28,5.345,5.227,4.511,5.22
0,2015-10-21 18:14:00,0.793,5.29,5.358,5.24,4.559,5.28
0,2015-10-21 18:15:00,0.8,5.28,5.355,5.233,4.518,5.24
0,2015-10-21 18:16:00,0.804,5.28,5.355,5.24,4.529,5.24
0,2015-10-21 18:17:00,0.804,5.29,5.355,5.23,4.5,5.21
0,2015-10-21 18:18:00,0.797,5.28,5.355,5.227,4.518,5.22
0,2015-10-21 18:19:00,0.797,5.29,5.345,5.227,4.511,5.23
0,2015-10-21 18:20:00,0.767,5.25,5.32,5.205,4.496,5.2
0,2015-10-21 18:21:00,0.756,5.26,5.31,5.2,4.489,5.2
0,2015-10-21 18:22:00,0.745,5.24,5.315,5.182,4.474,5.18
0,2015-10-21 18:23:00,0.734,5.23,5.295,5.177,4.467,5.18
0,2015-10-21 18:24:00,0.734,5.23,5.293,5.177,4.463,5.18
0,2015-10-21 18:25:00,0.731,5.22,5.282,5.17,4.46,5.17
0,2015-10-21 18:26:00,0.731,5.22,5.293,5.168,4.46,5.17
0,2015-10-21 18:27:00,0.727,5.22,5.282,5.17,4.46,5.17
0,2015-10-21 18:28:00,0.727,5.22,5.282,5.157,4.452,5.16
0,2015-10-21 18:29:00,0.727,5.22,5.28,5.168,4.456,5.16
0,2015-10-21 18:30:00,0.723,5.21,5.28,5.16,4.456,5.16
0,2015-10-21 18:31:00,0.723,5.21,5.28,5.16,4.456,5.16
0,2015-10-21 18:32:00,0.723,5.22,5.28,5.165,4.452,5.16
0,2015-10-21 18:33:00,0.72,5.21,5.278,5.16,4.452,5.16
0,2015-10-21 18:34:00,0.723,5.21,5.28,5.16,4.452,5.16
0,2015-10-21 18:35:00,0.723,5.21,5.278,5.16,4.445,5.16
0,2015-10-21 18:36:00,0.723,5.21,5.282,5.168,4.474,5.17
0,2015-10-21 18:37:00,0.723,5.21,5.275,5.157,4.438,5.14
0,2015-10-21 18:38:00,0.72,5.21,5.278,5.157,4.452,5.15
0,2015-10-21 18:39:00,0.72,5.22,5.29,5.17,4.478,5.18
0,2015-10-21 18:40:00,0.723,5.21,5.278,5.153,4.43,5.14
0,2015-10-21 18:41:00,0.723,5.21,5.273,5.165,4.456,5.16
0,2015-10-21 18:42:00,0.723,5.22,5.28,5.16,4.449,5.16
0,2015-10-21 18:43:00,0.709,5.21,5.28,5.15,4.449,5.16
0,2015-10-21 18:44:00,0.712,5.2,5.265,5.15,4.441,5.15
0,2015-10-21 18:45:00,0.705,5.2,5.265,5.148,4.438,5.15
0,2015-10-21 18:46:00,0.705,5.2,5.28,5.162,4.46,5.16
0,2015-10-21 18:47:00,0.709,5.19,5.267,5.135,4.427,5.13
0,2015-10-21 18:48:00,0.712,5.2,5.265,5.148,4.445,5.16
0,2015-10-21 18:49:00,0.712,5.2,5.273,5.153,4.441,5.14
0,2015-10-21 18:50:00,0.712,5.2,5.265,5.15,4.441,5.15
0,2015-10-21 18:51:00,0.712,5.2,5.278,5.157,4.445,5.15
0,2015-10-21 18:52:00,0.716,5.2,5.265,5.15,4.445,5.15
0,2015-10-21 18:53:00,0.716,5.2,5.267,5.155,4.441,5.15
0,2015-10-21 18:54:00,0.712,5.2,5.278,5.16,4.456,5.16
0,2015-10-21 18:55:00,0.712,5.21,5.265,5.157,4.445,5.15
0,2015-10-21 18:56:00,0.712,5.19,5.267,5.15,4.427,5.14
0,2015-10-21 18:57:00,0.709,5.2,5.262,5.148,4.441,5.15
0,2015-10-21 18:58:00,0.709,5.2,5.275,5.165,4.463,5.17
0,2015-10-21 18:59:00,0.709,5.2,5.255,5.14,4.423,5.14
0,2015-10-21 19:00:00,0.705,5.2,5.262,5.15,4.441,5.15
0,2015-10-21 19:01:00,0.705,5.2,5.262,5.142,4.438,5.14
0,2015-10-21 19:02:00,0.705,5.2,5.265,5.14,4.434,5.15
0,2015-10-21 19:03:00,0.709,5.2,5.265,5.15,4.438,5.14
0,2015-10-21 19:04:00,0.705,5.2,5.265,5.148,4.438,5.14
0,2015-10-21 19:05:00,0.701,5.2,5.265,5.153,4.449,5.16
0,2015-10-21 19:06:00,0.701,5.18,5.253,5.137,4.427,5.13
0,2015-10-21 19:07:00,0.694,5.19,5.26,5.133,4.434,5.14
0,2015-10-21 19:08:00,0.698,5.18,5.253,5.133,4.427,5.13
0,2015-10-21 19:09:00,0.694,5.18,5.242,5.122,4.423,5.13
0,2015-10-21 19:10:00,0.683,5.17,5.24,5.122,4.416,5.13
0,2015-10-21 19:11:00,0.668,5.16,5.23,5.108,4.408,5.13
0,2015-10-21 19:12:00,0.665,5.16,5.22,5.105,4.401,5.11
0,2015-10-21 19:13:00,0.654,5.15,5.222,5.105,4.401,5.11
0,2015-10-21 19:14:00,0.654,5.13,5.202,5.08,4.39,5.1
0,2015-10-21 19:15:00,0.643,5.14,5.2,5.088,4.386,5.1
0,2015-10-21 19:16:00,0.643,5.13,5.2,5.085,4.383,5.09
0,2015-10-21 19:17:00,0.636,5.13,5.205,5.08,4.383,5.09
0,2015-10-21 19:18:00,0.639,5.13,5.2,5.08,4.379,5.09
0,2015-10-21 19:19:00,0.643,5.13,5.202,5.085,4.386,5.09
0,2015-10-21 19:20:00,0.636,5.14,5.205,5.085,4.379,5.09
0,2015-10-21 19:21:00,0.636,5.13,5.195,5.08,4.379,5.08
0,2015-10-21 19:22:00,0.636,5.13,5.2,5.077,4.379,5.08
0,2015-10-21 19:23:00,0.636,5.12,5.198,5.08,4.379,5.09
0,2015-10-21 19:24:00,0.636,5.13,5.198,5.08,4.379,5.09
0,2015-10-21 19:25:00,0.767,5.25,5.307,5.195,4.43,5.14
0,2015-10-21 19:26:00,0.764,5.26,5.325,5.2,4.504,5.22
0,2015-10-21 19:27:00,0.764,5.28,5.35,5.222,4.489,5.2
0,2015-10-21 19:28:00,0.822,5.3,5.372,5.245,4.537,5.24
0,2015-10-21 19:29:00,0.833,5.32,5.375,5.255,4.529,5.24
0,2015-10-21 19:30:00,0.848,5.33,5.403,5.278,4.57,5.28
0,2015-10-21 19:31:00,0.855,5.34,5.39,5.26,4.54,5.25
0,2015-10-21 19:32:00,0.874,5.36,5.42,5.305,4.584,5.29
0,2015-10-21 19:33:00,0.885,5.36,5.425,5.305,4.577,5.28
0,2015-10-21 19:34:00,0.888,5.39,5.452,5.345,4.668,5.4
0,2015-10-21 19:35:00,0.907,5.4,5.46,5.345,4.639,5.36
0,2015-10-21 19:36:00,0.914,5.4,5.472,5.367,4.661,5.37
0,2015-10-21 19:37:00,0.94,5.42,5.497,5.383,4.665,5.37
0,2015-10-21 19:38:00,0.947,5.43,5.497,5.378,4.679,5.39
0,2015-10-21 19:39:00,0.962,5.44,5.505,5.398,4.683,5.4
0,2015-10-21 19:40:00,0.965,5.45,5.515,5.398,4.69,5.4
0,2015-10-21 19:41:00,0.969,5.45,5.52,5.403,4.694,5.4
0,2015-10-21 19:42:00,0.969,5.45,5.52,5.4,4.694,5.4
0,2015-10-21 19:43:00,0.969,5.45,5.523,5.403,4.698,5.41
0,2015-10-21 19:44:00,0.973,5.45,5.523,5.407,4.694,5.41
0,2015-10-21 19:45:00,0.973,5.46,5.523,5.405,4.694,5.41
0,2015-10-21 19:46:00,0.973,5.46,5.523,5.405,4.698,5.41
0,2015-10-21 19:47:00,0.958,5.46,5.52,5.41,4.72,5.44
0,2015-10-21 19:48:00,0.892,5.39,5.457,5.343,4.639,5.36
0,2015-10-21 19:49:00,0.896,5.38,5.46,5.343,4.628,5.33
0,2015-10-21 19:50:00,0.863,5.36,5.427,5.318,4.617,5.33
0,2015-10-21 19:51:00,0.848,5.34,5.415,5.307,4.603,5.32
0,2015-10-21 19:52:00,0.841,5.33,5.403,5.28,4.581,5.29
0,2015-10-21 19:53:00,0.83,5.33,5.398,5.28,4.581,5.29
0,2015-10-21 19:54:00,0.819,5.31,5.372,5.253,4.544,5.25
0,2015-10-21 19:55:00,0.815,5.3,5.372,5.28,4.584,5.29
0,2015-10-21 19:56:00,0.811,5.31,5.378,5.265,4.566,5.28
0,2015-10-21 19:57:00,0.811,5.31,5.378,5.262,4.566,5.28
0,2015-10-21 19:58:00,0.811,5.3,5.372,5.262,4.562,5.28
0,2015-10-21 19:59:00,0.826,5.32,5.39,5.275,4.577,5.29
0,2015-10-21 20:00:00,0.83,5.3,5.372,5.253,4.551,5.27
0,2015-10-21 20:01:00,0.83,5.32,5.4,5.275,4.592,5.31
0,2015-10-21 20:02:00,0.837,5.33,5.398,5.28,4.584,5.3
0,2015-10-21 20:03:00,0.837,5.33,5.395,5.278,4.584,5.29
0,2015-10-21 20:04:00,0.848,5.34,5.4,5.282,4.584,5.29
0,2015-10-21 20:05:00,0.855,5.34,5.418,5.3,4.599,5.31
0,2015-10-21 20:06:00,0.863,5.34,5.4,5.282,4.577,5.3
0,2015-10-21 20:07:00,0.863,5.35,5.425,5.3,4.595,5.34
0,2015-10-21 20:08:00,0.863,5.36,5.425,5.305,4.61,5.32
0,2015-10-21 20:09:00,0.848,5.34,5.412,5.293,4.592,5.31
0,2015-10-21 20:10:00,0.844,5.34,5.412,5.298,4.599,5.31
0,2015-10-21 20:11:00,0.819,5.32,5.39,5.265,4.573,5.29
0,2015-10-21 20:12:00,0.808,5.31,5.378,5.265,4.566,5.28
0,2015-10-21 20:13:00,0.793,5.3,5.365,5.242,4.555,5.28
0,2015-10-21 20:14:00,0.786,5.26,5.332,5.215,4.522,5.24
0,2015-10-21 20:15:00,0.767,5.26,5.33,5.215,4.526,5.25
0,2015-10-21 20:16:00,0.764,5.26,5.332,5.22,4.529,5.25
0,2015-10-21 20:17:00,0.756,5.25,5.32,5.213,4.518,5.24
0,2015-10-21 20:18:00,0.756,5.25,5.32,5.213,4.518,5.24
0,2015-10-21 20:19:00,0.756,5.24,5.302,5.185,4.493,5.2
0,2015-10-21 20:20:00,0.756,5.24,5.315,5.2,4.504,5.21
0,2015-10-21 20:21:00,0.749,5.25,5.32,5.2,4.529,5.24
0,2015-10-21 20:22:00,0.753,5.24,5.315,5.2,4.507,5.22
0,2015-10-21 20:23:00,0.753,5.24,5.318,5.2,4.511,5.23
0,2015-10-21 20:24:00,0.753,5.24,5.302,5.182,4.493,5.2
0,2015-10-21 20:25:00,0.753,5.24,5.313,5.193,4.504,5.21
0,2015-10-21 20:26:00,0.745,5.26,5.323,5.213,4.526,5.24
0,2015-10-21 20:27:00,0.749,5.24,5.323,5.198,4.515,5.23
0,2015-10-21 20:28:00,0.749,5.24,5.313,5.2,4.507,5.21
0,2015-10-21 20:29:00,0.742,5.23,5.307,5.195,4.496,5.21
0,2015-10-21 20:30:00,0.738,5.25,5.325,5.21,4.522,5.23
0,2015-10-21 20:31:00,0.742,5.24,5.307,5.195,4.504,5.22
0,2015-10-21 20:32:00,0.738,5.24,5.305,5.193,4.504,5.21
0,2015-10-21 20:33:00,0.738,5.23,5.3,5.185,4.478,5.2
0,2015-10-21 20:34:00,0.734,5.23,5.295,5.182,4.515,5.23
0,2015-10-21 20:35:00,0.734,5.23,5.302,5.195,4.504,5.22
0,2015-10-21 20:36:00,0.738,5.23,5.302,5.195,4.5,5.2
0,2015-10-21 20:37:00,0.738,5.29,5.4,5.293,4.603,5.32
0,2015-10-21 20:38:00,0.753,5.26,5.355,5.24,4.599,5.32
0,2015-10-21 20:39:00,0.76,5.26,5.345,5.235,4.562,5.28
0,2015-10-21 20:40:00,0.767,5.27,5.345,5.235,4.566,5.29
0,2015-10-21 20:41:00,0.771,5.29,5.36,5.278,4.603,5.33
0,2015-10-21 20:42:00,0.778,5.28,5.36,5.253,4.581,5.31
0,2015-10-21 20:43:00,0.786,5.28,5.372,5.26,4.595,5.32
0,2015-10-21 20:44:00,0.797,5.3,5.37,5.275,4.599,5.32
0,2015-10-21 20:45:00,0.797,5.3,5.383,5.275,4.606,5.34
0,2015-10-21 20:46:00,0.808,5.31,5.387,5.278,4.61,5.34
0,2015-10-21 20:47:00,0.811,5.31,5.395,5.287,4.614,5.34
0,2015-10-21 20:48:00,0.815,5.32,5.395,5.285,4.617,5.34
0,2015-10-21 20:49:00,0.815,5.32,5.4,5.29,4.621,5.34
0,2015-10-21 20:50:00,0.819,5.32,5.403,5.293,4.621,5.34
0,2015-10-21 20:51:00,0.819,5.32,5.403,5.293,4.621,5.34
0,2015-10-21 20:52:00,0.819,5.32,5.4,5.287,4.621,5.34
0,2015-10-21 20:53:00,0.819,5.32,5.398,5.29,4.625,5.35
0,2015-10-21 20:54:00,0.819,5.32,5.4,5.293,4.625,5.35
0,2015-10-21 20:55:00,0.819,5.32,5.405,5.295,4.621,5.34
0,2015-10-21 20:56:00,0.819,5.32,5.4,5.295,4.621,5.35
0,2015-10-21 20:57:00,0.819,5.32,5.4,5.287,4.621,5.34
0,2015-10-21 20:58:00,0.819,5.32,5.4,5.293,4.621,5.34
0,2015-10-21 20:59:00,0.819,5.32,5.4,5.293,4.621,5.34
0,2015-10-21 21:00:00,0.819,5.32,5.4,5.298,4.628,5.36
0,2015-10-21 21:01:00,0.819,5.32,5.4,5.293,4.621,5.34
0,2015-10-21 21:02:00,0.819,5.32,5.403,5.295,4.625,5.35
0,2015-10-21 21:03:00,0.822,5.33,5.407,5.298,4.639,5.36
0,2015-10-21 21:04:00,0.822,5.32,5.407,5.302,4.632,5.36
0,2015-10-21 21:05:00,0.822,5.33,5.405,5.3,4.632,5.36
0,2015-10-21 21:06:00,0.826,5.33,5.418,5.31,4.625,5.34
0,2015-10-21 21:07:00,0.822,5.33,5.41,5.295,4.625,5.34
0,2015-10-21 21:08:00,0.822,5.32,5.405,5.295,4.628,5.36
0,2015-10-21 21:09:00,0.819,5.32,5.405,5.29,4.628,5.35
0,2015-10-21 21:10:00,0.819,5.33,5.407,5.305,4.636,5.36
0,2015-10-21 21:11:00,0.822,5.32,5.405,5.298,4.628,5.36
0,2015-10-21 21:12:00,0.822,5.32,5.405,5.295,4.632,5.36
0,2015-10-21 21:13:00,0.822,5.32,5.395,5.293,4.61,5.33
0,2015-10-21 21:14:00,0.822,5.34,5.42,5.31,4.65,5.37
0,2015-10-21 21:15:00,0.826,5.33,5.407,5.298,4.628,5.36
0,2015-10-21 21:16:00,0.826,5.33,5.41,5.313,4.632,5.36
0,2015-10-21 21:17:00,0.841,5.35,5.425,5.32,4.65,5.37
0,2015-10-21 21:18:00,0.855,5.35,5.435,5.323,4.65,5.38
0,2015-10-21 21:19:00,0.859,5.37,5.448,5.338,4.672,5.4
0,2015-10-21 21:20:00,0.874,5.38,5.46,5.35,4.672,5.4
0,2015-10-21 21:21:00,0.885,5.39,5.46,5.35,4.683,5.4
0,2015-10-21 21:22:00,0.885,5.39,5.463,5.355,4.683,5.41
0,2015-10-21 21:23:00,0.885,5.4,5.472,5.36,4.687,5.41
0,2015-10-21 21:24:00,0.896,5.4,5.48,5.372,4.698,5.42
0,2015-10-21 21:25:00,0.899,5.4,5.483,5.37,4.698,5.42
0,2015-10-21 21:26:00,0.903,5.41,5.485,5.375,4.701,5.43
0,2015-10-21 21:27:00,0.907,5.41,5.488,5.372,4.701,5.43
0,2015-10-21 21:28:00,0.907,5.41,5.483,5.372,4.705,5.43
0,2015-10-21 21:29:00,0.91,5.41,5.49,5.385,4.705,5.43
0,2015-10-21 21:30:00,0.91,5.41,5.492,5.375,4.709,5.43
0,2015-10-21 21:31:00,0.91,5.41,5.485,5.378,4.705,5.43
0,2015-10-21 21:32:00,0.91,5.41,5.495,5.38,4.709,5.43
0,2015-10-21 21:33:00,0.91,5.41,5.492,5.385,4.709,5.43
0,2015-10-21 21:34:00,0.91,5.41,5.49,5.38,4.705,5.43
0,2015-10-21 21:35:00,0.91,5.42,5.492,5.383,4.709,5.43
0,2015-10-21 21:36:00,0.91,5.41,5.49,5.38,4.705,5.43
0,2015-10-21 21:37:00,0.914,5.41,5.49,5.38,4.709,5.43
0,2015-10-21 21:38:00,0.91,5.41,5.488,5.378,4.705,5.43
0,2015-10-21 21:39:00,0.91,5.41,5.49,5.375,4.709,5.43
0,2015-10-21 21:40:00,0.91,5.41,5.492,5.378,4.709,5.43
0,2015-10-21 21:41:00,0.91,5.41,5.492,5.375,4.709,5.43
0,2015-10-21 21:42:00,0.914,5.42,5.492,5.378,4.709,5.43
0,2015-10-21 21:43:00,0.91,5.42,5.49,5.383,4.709,5.43
0,2015-10-21 21:44:00,0.914,5.41,5.492,5.378,4.709,5.43
0,2015-10-21 21:45:00,0.914,5.42,5.49,5.387,4.709,5.43
0,2015-10-21 21:46:00,0.914,5.41,5.49,5.38,4.709,5.43
0,2015-10-21 21:47:00,0.914,5.41,5.492,5.38,4.709,5.43
0,2015-10-21 21:48:00,0.914,5.41,5.49,5.38,4.709,5.43
0,2015-10-21 21:49:00,0.914,5.41,5.495,5.383,4.709,5.43
0,2015-10-21 21:50:00,0.91,5.41,5.492,5.375,4.709,5.43
0,2015-10-21 21:51:00,0.914,5.41,5.485,5.385,4.709,5.43
0,2015-10-21 21:52:00,0.914,5.41,5.49,5.385,4.709,5.43
0,2015-10-21 21:53:00,0.91,5.42,5.492,5.398,4.72,5.45
0,2015-10-21 21:54:00,0.914,5.42,5.49,5.38,4.712,5.44
0,2015-10-21 21:55:00,0.918,5.42,5.492,5.385,4.709,5.43
0,2015-10-21 21:56:00,0.921,5.42,5.495,5.387,4.716,5.44
0,2015-10-21 21:57:00,0.925,5.43,5.503,5.392,4.72,5.44
0,2015-10-21 21:58:00,0.925,5.43,5.505,5.398,4.72,5.45
0,2015-10-21 21:59:00,0.929,5.43,5.505,5.395,4.723,5.45
0,2015-10-21 22:00:00,0.929,5.43,5.505,5.383,4.709,5.43
0,2015-10-21 22:01:00,0.929,5.43,5.503,5.4,4.72,5.44
0,2015-10-21 22:02:00,0.929,5.43,5.505,5.398,4.72,5.45
0,2015-10-21 22:03:00,0.925,5.43,5.505,5.398,4.72,5.44
0,2015-10-21 22:04:00,0.929,5.43,5.505,5.395,4.72,5.45
0,2015-10-21 22:05:00,0.929,5.43,5.503,5.398,4.723,5.45
0,2015-10-21 22:06:00,0.936,5.43,5.505,5.4,4.723,5.44
0,2015-10-21 22:07:00,0.94,5.44,5.517,5.405,4.734,5.45
0,2015-10-21 22:08:00,0.947,5.44,5.517,5.412,4.731,5.46
0,2015-10-21 22:09:00,0.947,5.45,5.528,5.412,4.738,5.46
0,2015-10-21 22:10:00,0.965,5.46,5.54,5.423,4.749,5.47
0,2015-10-21 22:11:00,0.969,5.46,5.537,5.435,4.756,5.47
0,2015-10-21 22:12:00,0.98,5.49,5.565,5.457,4.786,5.51
0,2015-10-21 22:13:00,0.984,5.48,5.555,5.443,4.771,5.5
0,2015-10-21 22:14:00,0.987,5.47,5.563,5.452,4.775,5.5
0,2015-10-21 22:15:00,0.98,5.48,5.552,5.443,4.767,5.49
0,2015-10-21 22:16:00,0.973,5.46,5.532,5.423,4.745,5.47
0,2015-10-21 22:17:00,0.969,5.47,5.55,5.432,4.756,5.48
0,2015-10-21 22:18:00,0.969,5.45,5.52,5.41,4.72,5.44
0,2015-10-21 22:19:00,0.965,5.45,5.52,5.398,4.701,5.41
0,2015-10-21 22:20:00,0.958,5.45,5.517,5.4,4.705,5.42
0,2015-10-21 22:21:00,0.947,5.44,5.51,5.398,4.701,5.43
0,2015-10-21 22:22:00,0.947,5.44,5.517,5.4,4.709,5.43
0,2015-10-21 22:23:00,0.943,5.43,5.505,5.398,4.701,5.42
0,2015-10-21 22:24:00,0.94,5.43,5.505,5.387,4.701,5.42
0,2015-10-21 22:25:00,0.936,5.43,5.497,5.385,4.698,5.42
0,2015-10-21 22:26:00,0.936,5.43,5.503,5.39,4.698,5.41
0,2015-10-21 22:27:00,0.936,5.43,5.505,5.392,4.698,5.41
0,2015-10-21 22:28:00,0.936,5.43,5.505,5.39,4.698,5.41
0,2015-10-21 22:29:00,0.936,5.43,5.505,5.39,4.698,5.42
0,2015-10-21 22:30:00,0.936,5.43,5.503,5.387,4.694,5.42
0,2015-10-21 22:31:00,0.936,5.43,5.497,5.39,4.69,5.41
0,2015-10-21 22:32:00,0.936,5.43,5.495,5.378,4.69,5.4
0,2015-10-21 22:33:00,0.936,5.43,5.503,5.39,4.694,5.41
0,2015-10-21 22:34:00,0.932,5.43,5.497,5.385,4.694,5.41
0,2015-10-21 22:35:00,0.932,5.43,5.495,5.38,4.694,5.41
0,2015-10-21 22:36:00,0.932,5.44,5.515,5.4,4.712,5.43
0,2015-10-21 22:37:00,0.936,5.43,5.508,5.39,4.705,5.41
0,2015-10-21 22:38:00,0.932,5.43,5.495,5.385,4.687,5.41
0,2015-10-21 22:39:00,0.936,5.43,5.505,5.39,4.698,5.42
0,2015-10-21 22:40:00,0.932,5.43,5.495,5.385,4.694,5.41
0,2015-10-21 22:41:00,0.929,5.43,5.497,5.383,4.69,5.41
0,2015-10-21 22:42:00,0.932,5.43,5.497,5.385,4.694,5.41
0,2015-10-21 22:43:00,0.932,5.42,5.508,5.398,4.712,5.44
0,2015-10-21 22:44:00,0.936,5.43,5.497,5.372,4.683,5.41
0,2015-10-21 22:45:00,0.932,5.42,5.495,5.385,4.69,5.41
0,2015-10-21 22:46:00,0.936,5.43,5.503,5.39,4.694,5.41
0,2015-10-21 22:47:00,0.936,5.43,5.505,5.387,4.694,5.41
0,2015-10-21 22:48:00,0.932,5.43,5.503,5.385,4.694,5.41
0,2015-10-21 22:49:00,0.932,5.43,5.497,5.387,4.694,5.41
0,2015-10-21 22:50:00,0.936,5.43,5.497,5.387,4.694,5.41
0,2015-10-21 22:51:00,0.936,5.43,5.505,5.385,4.694,5.41
0,2015-10-21 22:52:00,0.947,5.44,5.512,5.4,4.72,5.44
0,2015-10-21 22:53:00,0.969,5.45,5.523,5.4,4.698,5.41
0,2015-10-21 22:54:00,0.973,5.46,5.537,5.425,4.72,5.44
0,2015-10-21 22:55:00,0.987,5.49,5.563,5.452,4.756,5.47
0,2015-10-21 22:56:00,0.995,5.48,5.557,5.448,4.753,5.48
0,2015-10-21 22:57:00,0.958,5.45,5.537,5.435,4.745,5.45
0,2015-10-21 22:58:00,0.859,5.35,5.423,5.305,4.614,5.32
0,2015-10-21 22:59:00,0.943,5.44,5.53,5.418,4.727,5.43
0,2015-10-21 23:00:00,0.903,5.4,5.475,5.355,4.69,5.4
0,2015-10-21 23:01:00,0.921,5.4,5.47,5.355,4.654,5.37
0,2015-10-21 23:02:00,0.918,5.41,5.492,5.375,4.687,5.4
0,2015-10-21 23:03:00,0.907,5.4,5.477,5.363,4.694,5.4
0,2015-10-21 23:04:00,0.91,5.41,5.48,5.372,4.683,5.4
0,2015-10-21 23:05:00,0.903,5.38,5.463,5.343,4.654,5.37
0,2015-10-21 23:06:00,0.899,5.39,5.47,5.355,4.665,5.38
0,2015-10-21 23:07:00,0.903,5.42,5.485,5.385,4.694,5.41
0,2015-10-21 23:08:00,0.907,5.4,5.475,5.358,4.676,5.4
0,2015-10-21 23:09:00,0.907,5.4,5.46,5.345,4.658,5.37
0,2015-10-21 23:10:00,0.91,5.4,5.472,5.355,4.668,5.39
0,2015-10-21 23:11:00,0.91,5.4,5.477,5.367,4.676,5.4
0,2015-10-21 23:12:00,0.91,5.41,5.477,5.37,4.687,5.4
0,2015-10-21 23:13:00,0.91,5.41,5.48,5.367,4.679,5.39
0,2015-10-21 23:14:00,0.91,5.4,5.472,5.358,4.665,5.37
0,2015-10-21 23:15:00,0.91,5.4,5.475,5.37,4.676,5.39
0,2015-10-21 23:16:00,0.91,5.4,5.49,5.37,4.694,5.42
0,2015-10-21 23:17:00,0.91,5.41,5.475,5.358,4.679,5.4
0,2015-10-21 23:18:00,0.914,5.39,5.46,5.345,4.658,5.37
0,2015-10-21 23:19:00,0.914,5.4,5.472,5.358,4.676,5.39
0,2015-10-21 23:20:00,0.91,5.41,5.463,5.36,4.661,5.39
0,2015-10-21 23:21:00,0.91,5.41,5.477,5.365,4.679,5.41
0,2015-10-21 23:22:00,0.91,5.41,5.463,5.345,4.654,5.36
0,2015-10-21 23:23:00,0.91,5.41,5.485,5.372,4.683,5.41
0,2015-10-21 23:24:00,0.91,5.41,5.483,5.372,4.665,5.32
0,2015-10-21 23:25:00,0.918,5.38,5.443,5.327,4.61,5.32
0,2015-10-21 23:26:00,0.899,5.37,5.45,5.315,4.621,5.33
0,2015-10-21 23:27:00,0.888,5.37,5.427,5.305,4.592,5.3
0,2015-10-21 23:28:00,0.888,5.37,5.438,5.313,4.606,5.31
0,2015-10-21 23:29:00,0.877,5.36,5.425,5.305,4.599,5.3
0,2015-10-21 23:30:00,0.874,5.36,5.425,5.302,4.595,5.3
0,2015-10-21 23:31:00,0.877,5.36,5.425,5.31,4.599,5.3
0,2015-10-21 23:32:00,0.877,5.36,5.425,5.315,4.603,5.31
0,2015-10-21 23:33:00,0.888,5.37,5.438,5.315,4.606,5.31
0,2015-10-21 23:34:00,0.888,5.37,5.435,5.32,4.61,5.32
0,2015-10-21 23:35:00,0.888,5.38,5.438,5.32,4.61,5.32
0,2015-10-21 23:36:00,0.892,5.38,5.438,5.323,4.614,5.32
0,2015-10-21 23:37:00,0.892,5.38,5.44,5.323,4.614,5.32
0,2015-10-21 23:38:00,0.892,5.38,5.438,5.32,4.61,5.32
0,2015-10-21 23:39:00,0.892,5.38,5.44,5.325,4.61,5.31
0,2015-10-21 23:40:00,0.892,5.37,5.438,5.318,4.61,5.32
0,2015-10-21 23:41:00,0.896,5.38,5.448,5.323,4.614,5.32
0,2015-10-21 23:42:00,0.896,5.38,5.44,5.32,4.61,5.32
0,2015-10-21 23:43:00,0.896,5.38,5.438,5.323,4.614,5.32
0,2015-10-21 23:44:00,0.892,5.38,5.443,5.323,4.61,5.32
0,2015-10-21 23:45:00,0.892,5.38,5.438,5.33,4.614,5.32
0,2015-10-21 23:46:00,0.892,5.38,5.44,5.323,4.614,5.32
0,2015-10-21 23:47:00,0.892,5.38,5.443,5.32,4.614,5.32
0,2015-10-21 23:48:00,0.896,5.38,5.443,5.325,4.617,5.32
0,2015-10-21 23:49:00,0.896,5.38,5.438,5.323,4.614,5.32
0,2015-10-21 23:50:00,0.896,5.38,5.443,5.323,4.614,5.32
0,2015-10-21 23:51:00,0.896,5.38,5.45,5.325,4.614,5.32
0,2015-10-21 23:52:00,0.896,5.38,5.44,5.323,4.614,5.32
0,2015-10-21 23:53:00,0.896,5.38,5.445,5.32,4.614,5.32
0,2015-10-21 23:54:00,0.896,5.38,5.443,5.325,4.614,5.32
0,2015-10-21 23:55:00,0.896,5.38,5.445,5.323,4.61,5.32
0,2015-10-21 23:56:00,0.896,5.38,5.44,5.32,4.617,5.32
0,2015-10-21 23:57:00,0.896,5.38,5.443,5.33,4.614,5.32
0,2015-10-21 23:58:00,0.896,5.38,5.438,5.323,4.614,5.32
0,2015-10-21 23:59:00,0.896,5.38,5.438,5.325,4.614,5.32
0,2015-10-21 00:00:00,0.881,5.34,5.403,5.29,4.665,5.38
