,current_5576,current_2409,current_2410,current_28987,current_17529,current_20245,current_18538,current_25513,current_27775
2017-11-30 00:00:00,246.0,244.25,244.0,44.666666666666664,203.0,14.666666666666664,187.0,102.0,54.0
2017-11-30 04:00:00,248.0,249.5,250.25,51.0,203.75,21.0,185.25,97.25,56.0
2017-11-30 08:00:00,315.75,319.0,318.5,51.0,266.75,21.0,236.25,136.25,65.75
2017-11-30 12:00:00,324.75,325.25,325.25,46.5,278.5,16.5,247.0,150.25,73.75
2017-11-30 16:00:00,412.0,411.0,410.75,62.5,350.5,32.5,324.0,191.75,98.0
2017-11-30 20:00:00,384.5,386.25,386.25,66.33333333333333,323.5,36.33333333333333,300.25,171.75,93.25
2017-12-01 00:00:00,268.5,252.5,252.5,41.0,209.75,11.0,190.0,111.33333333333333,61.5
2017-12-01 04:00:00,246.5,250.75,250.75,47.75,203.5,17.75,188.5,100.25,58.0
2017-12-01 08:00:00,327.5,326.75,326.75,49.0,278.25,19.0,245.5,143.0,71.75
2017-12-01 12:00:00,347.0,331.5,332.0,43.0,290.25,13.0,257.5,154.75,76.25
2017-12-01 16:00:00,409.75,408.0,408.25,61.25,350.25,31.25,323.75,194.25,99.25
2017-12-01 20:00:00,388.25,380.0,381.0,68.0,319.25,38.0,297.0,169.5,89.5
2017-12-02 00:00:00,252.75,256.75,256.5,40.0,213.25,10.0,197.25,101.66666666666667,63.75
2017-12-02 04:00:00,229.5,233.25,233.75,43.5,189.5,13.5,176.0,95.5,53.5
2017-12-02 08:00:00,318.25,320.75,321.0,54.25,268.5,24.25,251.5,142.5,72.25
2017-12-02 12:00:00,323.75,324.75,325.25,48.25,277.25,18.25,259.5,153.75,76.25
2017-12-02 16:00:00,386.5,380.0,380.0,63.5,316.0,33.5,296.75,174.0,86.25
2017-12-02 20:00:00,363.75,359.25,359.25,60.666666666666664,296.75,30.666666666666664,274.75,156.0,79.33333333333333
2017-12-03 00:00:00,253.5,251.25,251.0,45.333333333333336,205.25,15.333333333333336,188.0,102.25,52.5
2017-12-03 04:00:00,228.0,227.0,227.25,44.0,185.5,14.0,168.75,90.66666666666667,51.0
2017-12-03 08:00:00,291.75,293.5,293.5,62.333333333333336,231.5,32.333333333333336,216.75,112.75,54.5
2017-12-03 12:00:00,300.0,304.5,304.25,57.0,248.75,27.0,231.25,127.25,64.33333333333333
2017-12-03 16:00:00,368.75,368.25,368.25,69.25,299.75,39.25,282.0,152.0,79.0
2017-12-03 20:00:00,357.5,352.0,352.5,67.66666666666667,287.0,37.66666666666667,267.5,141.5,78.5
2017-12-04 00:00:00,238.0,237.0,237.0,41.0,195.25,11.0,179.25,96.75,51.0
2017-12-04 04:00:00,243.75,246.0,246.0,50.0,196.0,20.0,184.75,94.5,52.5
2017-12-04 08:00:00,320.5,319.5,319.75,55.333333333333336,270.0,25.333333333333336,238.25,140.75,70.5
2017-12-04 12:00:00,331.5,329.5,330.25,45.25,285.75,15.25,250.0,150.75,71.75
2017-12-04 16:00:00,417.0,414.75,414.5,62.75,353.5,32.75,326.75,193.25,98.75
2017-12-04 20:00:00,387.5,384.75,385.5,67.5,323.0,37.5,298.0,170.0,93.0
2017-12-05 00:00:00,272.5,252.25,251.5,43.333333333333336,209.0,13.333333333333336,188.25,105.75,55.5
2017-12-05 04:00:00,271.75,260.25,260.0,50.25,212.25,20.25,192.75,102.25,59.25
2017-12-05 08:00:00,327.0,331.25,331.5,49.333333333333336,283.25,19.333333333333336,246.0,144.5,71.75
2017-12-05 12:00:00,343.75,344.25,344.75,45.5,298.5,15.5,260.25,159.5,76.25
2017-12-05 16:00:00,419.25,422.75,422.5,63.75,363.25,33.75,332.25,197.5,99.25
2017-12-05 20:00:00,396.0,391.5,391.5,67.66666666666667,327.0,37.66666666666667,300.25,182.33333333333334,91.5
2017-12-06 00:00:00,257.5,255.0,255.25,43.5,214.25,13.5,190.25,114.0,76.0
2017-12-06 04:00:00,252.0,249.0,249.75,51.0,202.25,21.0,183.0,94.0,54.0
2017-12-06 08:00:00,344.75,337.5,338.25,56.333333333333336,282.25,26.333333333333336,244.75,143.75,76.0
2017-12-06 12:00:00,338.75,339.5,339.0,47.25,293.0,17.25,253.5,152.25,77.25
2017-12-06 16:00:00,419.25,414.75,415.25,63.25,354.0,33.25,326.75,192.25,100.0
2017-12-06 20:00:00,389.5,386.5,386.75,65.0,324.5,35.0,300.0,172.5,89.25
2017-12-07 00:00:00,259.75,251.5,251.25,43.75,211.0,13.75,190.25,107.25,60.0
2017-12-07 04:00:00,266.0,249.75,250.5,50.0,201.75,20.0,186.75,97.25,55.25
2017-12-07 08:00:00,329.75,334.0,334.0,57.0,282.25,27.0,244.5,145.25,75.25
2017-12-07 12:00:00,352.0,339.25,339.25,48.0,294.75,18.0,257.0,157.75,78.0
2017-12-07 16:00:00,412.5,414.25,413.75,63.0,350.5,33.0,324.5,193.5,97.75
2017-12-07 20:00:00,397.75,387.25,387.75,65.25,324.0,35.25,299.5,171.25,90.0
2017-12-08 00:00:00,259.5,255.75,256.0,44.0,213.75,14.0,194.5,109.75,63.75
2017-12-08 04:00:00,256.5,257.5,257.5,51.0,207.0,21.0,188.75,100.0,56.5
2017-12-08 08:00:00,335.0,336.5,337.0,53.75,286.0,23.75,249.5,149.5,76.25
2017-12-08 12:00:00,357.5,342.25,342.25,45.25,298.0,15.25,262.0,158.75,77.75
2017-12-08 16:00:00,419.0,419.25,419.75,59.75,360.0,29.75,331.5,199.5,99.5
2017-12-08 20:00:00,392.5,386.5,386.5,64.25,324.75,34.25,300.0,172.25,90.75
2017-12-09 00:00:00,297.25,257.5,258.25,44.75,214.25,14.75,197.0,110.25,65.5
2017-12-09 04:00:00,239.5,237.5,238.0,45.25,194.5,15.25,177.25,96.75,55.0
2017-12-09 08:00:00,340.75,334.25,334.5,58.75,279.25,28.75,255.75,142.0,71.5
2017-12-09 12:00:00,335.0,335.75,335.5,52.75,285.75,22.75,264.5,153.5,74.75
2017-12-09 16:00:00,383.5,383.75,383.5,65.0,320.25,35.0,296.5,173.25,87.5
2017-12-09 20:00:00,370.0,362.0,362.75,64.0,299.5,34.0,276.5,156.75,84.0
2017-12-10 00:00:00,258.75,254.25,254.0,45.5,209.75,15.5,188.75,105.0,58.75
2017-12-10 04:00:00,260.75,233.5,233.75,45.75,187.5,15.75,172.75,96.0,53.0
2017-12-10 08:00:00,302.5,303.0,302.75,65.75,238.75,35.75,219.5,115.0,58.75
2017-12-10 12:00:00,320.75,317.75,318.0,61.0,257.5,31.0,236.0,127.25,66.75
2017-12-10 16:00:00,369.5,372.5,372.0,70.0,302.0,40.0,281.75,151.5,82.25
2017-12-10 20:00:00,360.0,357.75,357.5,67.5,291.25,37.5,269.25,143.0,80.5
2017-12-11 00:00:00,246.75,243.25,243.5,43.25,201.0,13.25,181.25,96.0,56.5
2017-12-11 04:00:00,276.25,258.25,258.5,50.25,208.25,20.25,190.5,101.5,57.5
2017-12-11 08:00:00,362.75,353.25,353.25,59.25,297.25,29.25,260.25,158.75,79.75
2017-12-11 12:00:00,365.0,363.0,363.0,50.75,313.75,20.75,273.5,168.75,82.5
2017-12-11 16:00:00,443.5,442.0,441.75,65.0,377.5,35.0,345.5,206.5,106.0
2017-12-11 20:00:00,414.5,410.0,410.75,66.0,347.25,36.0,315.5,181.5,97.25
2017-12-12 00:00:00,271.25,270.0,269.75,44.5,226.75,14.5,201.5,114.25,67.75
2017-12-12 04:00:00,265.0,265.0,265.5,51.75,215.0,21.75,192.25,104.25,59.0
2017-12-12 08:00:00,351.75,355.25,355.25,57.5,303.0,27.5,258.5,152.0,74.5
2017-12-12 12:00:00,358.75,360.5,360.5,47.25,314.0,17.25,272.0,165.75,79.5
2017-12-12 16:00:00,447.25,441.5,441.75,64.25,378.25,34.25,342.75,206.0,104.5
2017-12-12 20:00:00,412.75,411.5,411.75,68.5,345.25,38.5,315.0,183.25,98.5
2017-12-13 00:00:00,289.5,271.25,271.5,47.5,226.75,17.5,200.75,114.25,68.75
2017-12-13 04:00:00,265.25,265.25,265.25,50.75,215.75,20.75,191.75,100.5,61.25
2017-12-13 08:00:00,353.5,341.5,342.5,54.75,291.5,24.75,248.5,146.25,73.5
2017-12-13 12:00:00,360.25,359.5,359.0,50.25,311.25,20.25,269.0,162.5,81.75
2017-12-13 16:00:00,452.5,449.0,450.0,66.0,384.5,36.0,349.25,212.0,108.0
2017-12-13 20:00:00,411.0,414.0,414.0,67.25,349.25,37.25,317.0,186.25,99.25
2017-12-14 00:00:00,274.75,273.75,274.0,45.0,229.5,15.0,203.0,117.0,68.25
2017-12-14 04:00:00,264.0,268.75,268.25,52.5,218.5,22.5,194.25,104.25,58.75
2017-12-14 08:00:00,356.25,353.0,353.0,57.25,303.25,27.25,258.75,156.0,78.75
2017-12-14 12:00:00,381.5,376.0,376.0,50.5,326.5,20.5,283.75,177.0,86.75
2017-12-14 16:00:00,449.25,442.5,443.25,66.25,378.25,36.25,343.25,207.5,105.0
2017-12-14 20:00:00,410.5,415.0,414.5,68.5,347.0,38.5,314.5,186.25,100.0
2017-12-15 00:00:00,270.25,271.0,271.5,47.0,226.25,17.0,200.25,114.0,65.75
2017-12-15 04:00:00,260.75,265.25,265.25,51.25,214.0,21.25,190.25,101.0,57.5
2017-12-15 08:00:00,351.5,358.25,358.25,54.75,304.0,24.75,261.5,156.5,80.5
2017-12-15 12:00:00,368.5,362.5,363.75,48.0,316.5,18.0,273.5,170.25,85.0
2017-12-15 16:00:00,442.75,433.5,434.0,63.75,373.0,33.75,337.5,201.0,101.0
2017-12-15 20:00:00,400.25,397.25,397.0,64.25,332.5,34.25,302.0,176.0,91.25
2017-12-16 00:00:00,276.0,275.0,274.5,47.0,227.75,17.0,202.0,115.0,66.0
2017-12-16 04:00:00,270.25,247.0,246.5,44.75,203.0,14.75,183.75,100.25,56.5
2017-12-16 08:00:00,345.5,347.25,346.5,58.75,290.25,28.75,265.75,146.25,75.25
2017-12-16 12:00:00,352.75,351.75,351.75,52.5,301.25,22.5,272.5,163.0,81.0
2017-12-16 16:00:00,409.25,410.25,410.75,66.0,345.0,36.0,314.75,187.0,94.25
2017-12-16 20:00:00,392.25,389.25,389.5,67.75,325.75,37.75,294.0,171.5,89.25
2017-12-17 00:00:00,279.5,280.75,281.25,47.5,234.75,17.5,207.25,119.75,69.75
2017-12-17 04:00:00,244.25,246.5,247.0,46.0,202.75,16.0,181.0,102.0,56.5
2017-12-17 08:00:00,308.75,310.75,310.5,64.5,249.5,34.5,225.75,121.5,59.0
2017-12-17 12:00:00,321.0,320.25,321.25,56.75,268.25,26.75,241.0,136.75,68.0
2017-12-17 16:00:00,405.0,406.75,407.0,75.25,333.0,45.25,303.75,170.5,90.0
2017-12-17 20:00:00,382.5,385.5,386.0,69.75,316.75,39.75,288.0,157.25,85.0
2017-12-18 00:00:00,257.0,261.75,262.0,44.5,218.0,14.5,191.0,106.25,62.5
2017-12-18 04:00:00,261.25,258.25,259.0,50.5,211.0,20.5,189.0,101.0,56.0
2017-12-18 08:00:00,482.0,479.0,478.75,56.5,426.5,26.5,257.5,152.75,77.0
2017-12-18 12:00:00,435.75,438.25,438.75,50.0,390.25,20.0,269.5,164.25,82.0
2017-12-18 16:00:00,435.5,437.25,437.25,65.0,373.0,35.0,340.75,200.0,102.0
2017-12-18 20:00:00,397.75,402.5,402.5,66.0,338.0,36.0,306.75,175.0,94.0
2017-12-19 00:00:00,263.75,265.0,264.75,44.75,221.0,14.75,197.75,109.25,65.0
2017-12-19 04:00:00,256.75,259.75,260.0,49.25,212.25,19.25,189.0,102.75,59.0
2017-12-19 08:00:00,354.25,359.5,359.25,57.25,307.0,27.25,262.75,157.5,78.0
2017-12-19 12:00:00,363.75,364.75,365.0,50.5,317.0,20.5,271.5,165.25,81.0
2017-12-19 16:00:00,448.0,447.25,447.5,65.5,381.75,35.5,346.5,205.0,104.25
2017-12-19 20:00:00,412.25,409.25,409.0,67.0,342.75,37.0,311.25,179.5,95.0
2017-12-20 00:00:00,277.0,269.25,268.75,44.5,224.5,14.5,198.5,111.25,67.25
2017-12-20 04:00:00,268.5,267.0,267.0,52.25,217.0,22.25,192.75,103.0,62.25
2017-12-20 08:00:00,349.5,350.75,351.0,56.5,295.75,26.5,252.25,149.0,76.0
2017-12-20 12:00:00,362.25,357.0,357.5,51.0,307.0,21.0,265.25,160.25,81.5
2017-12-20 16:00:00,432.0,432.0,432.5,66.75,368.0,36.75,334.25,198.0,99.75
2017-12-20 20:00:00,407.5,402.25,402.25,67.5,336.5,37.5,308.75,178.5,94.25
2017-12-21 00:00:00,263.5,263.5,263.75,45.25,219.5,15.25,196.0,111.5,65.75
2017-12-21 04:00:00,264.25,262.5,262.0,52.5,211.75,22.5,187.75,98.25,59.5
2017-12-21 08:00:00,347.25,347.75,348.25,56.0,294.5,26.0,250.75,147.75,75.75
2017-12-21 12:00:00,345.25,343.75,344.75,48.25,299.75,18.25,257.75,154.25,77.25
2017-12-21 16:00:00,428.0,429.0,429.25,66.0,366.0,36.0,332.25,195.0,99.5
2017-12-21 20:00:00,402.5,400.75,400.75,65.0,338.75,35.0,308.0,178.25,92.0
2017-12-22 00:00:00,266.25,263.25,263.75,45.75,219.25,15.75,196.75,111.0,64.25
2017-12-22 04:00:00,265.25,265.25,264.75,49.25,216.5,19.25,194.75,105.75,60.75
2017-12-22 08:00:00,354.0,354.25,353.75,56.25,301.0,26.25,236.0,155.75,77.5
2017-12-22 12:00:00,350.75,353.75,354.25,50.0,304.75,20.0,287.75,163.0,79.0
2017-12-22 16:00:00,413.0,413.5,413.5,60.75,353.0,30.75,347.5,190.75,94.75
2017-12-22 20:00:00,393.25,393.0,392.75,65.25,330.0,35.25,327.0,170.5,86.5
2017-12-23 00:00:00,274.25,270.0,270.0,47.75,223.0,17.75,204.0,110.75,64.25
2017-12-23 04:00:00,236.0,238.0,237.75,43.5,195.75,13.5,172.0,94.75,53.75
2017-12-23 08:00:00,329.0,332.5,332.5,57.25,275.5,27.25,266.5,139.75,69.75
2017-12-23 12:00:00,326.5,325.75,326.5,50.25,276.5,20.25,259.75,145.0,71.5
2017-12-23 16:00:00,380.75,379.25,378.25,64.0,315.75,34.0,313.25,167.0,83.75
2017-12-23 20:00:00,359.75,358.75,359.25,62.5,300.75,32.5,292.75,152.25,79.75
2017-12-24 00:00:00,262.75,255.5,255.5,44.25,212.0,14.25,189.5,102.75,59.5
2017-12-24 04:00:00,234.75,230.0,230.5,44.5,187.0,14.5,164.0,92.25,52.25
2017-12-24 08:00:00,307.5,310.5,310.5,69.0,241.75,39.0,244.5,115.25,61.0
2017-12-24 12:00:00,322.75,323.5,323.75,64.75,261.25,34.75,257.5,127.25,68.5
2017-12-24 16:00:00,371.0,369.0,369.25,71.25,298.25,41.25,303.0,147.75,76.75
2017-12-24 20:00:00,353.75,344.5,345.0,66.5,280.0,36.5,278.5,133.75,71.75
2017-12-25 00:00:00,256.5,253.5,253.5,46.25,207.75,16.25,187.5,99.0,58.5
2017-12-25 04:00:00,231.0,230.0,230.0,43.0,188.75,13.0,164.0,93.0,52.25
2017-12-25 08:00:00,314.75,306.25,306.25,57.25,251.0,27.25,240.25,125.75,62.25
2017-12-25 12:00:00,319.5,317.0,317.25,49.5,270.5,19.5,251.0,143.25,69.5
2017-12-25 16:00:00,389.75,390.5,391.0,61.25,331.0,31.25,324.5,176.0,88.5
2017-12-25 20:00:00,381.0,377.5,377.0,63.75,314.25,33.75,311.5,159.25,85.25
2017-12-26 00:00:00,262.0,254.25,254.5,43.5,211.0,13.5,188.25,103.5,59.75
2017-12-26 04:00:00,256.75,253.25,253.25,48.75,206.0,18.75,187.25,100.25,57.0
2017-12-26 08:00:00,349.5,346.0,346.0,54.75,295.0,24.75,280.0,148.75,77.25
2017-12-26 12:00:00,355.75,361.0,361.5,49.75,314.0,19.75,295.0,164.75,77.75
2017-12-26 16:00:00,436.0,439.0,439.0,65.75,374.75,35.75,373.0,203.5,104.0
2017-12-26 20:00:00,408.0,401.75,402.0,66.5,336.5,36.5,335.75,175.25,93.0
2017-12-27 00:00:00,268.25,262.75,263.5,46.5,218.5,16.5,196.75,110.0,66.0
2017-12-27 04:00:00,261.75,255.75,256.25,51.5,204.25,21.5,189.75,93.25,55.75
2017-12-27 08:00:00,346.25,348.25,347.75,53.75,300.0,23.75,282.25,153.75,79.25
2017-12-27 12:00:00,354.5,355.25,354.75,45.75,310.25,15.75,289.25,163.5,80.25
2017-12-27 16:00:00,442.5,441.0,441.0,64.0,378.25,34.0,375.0,208.75,106.75
2017-12-27 20:00:00,408.25,405.5,404.75,64.75,342.25,34.75,339.5,181.0,95.75
2017-12-28 00:00:00,267.75,263.75,264.5,44.5,222.0,14.5,197.75,112.25,66.0
2017-12-28 04:00:00,258.5,259.25,259.5,47.75,211.5,17.75,193.25,100.25,57.75
2017-12-28 08:00:00,351.75,350.5,351.0,55.25,300.75,25.25,284.5,156.5,80.5
2017-12-28 12:00:00,361.75,363.75,363.5,49.75,315.5,19.75,297.75,168.0,82.5
2017-12-28 16:00:00,433.5,432.5,432.5,65.0,368.5,35.0,366.5,202.0,100.25
2017-12-28 20:00:00,401.25,399.75,400.25,65.0,337.5,35.0,333.75,177.0,92.0
2017-12-29 00:00:00,275.0,269.0,269.5,47.0,225.25,17.0,203.0,112.5,65.75
2017-12-29 04:00:00,262.0,256.0,256.0,48.25,209.75,18.25,190.0,101.5,57.0
2017-12-29 08:00:00,353.5,352.25,352.25,56.5,299.75,26.5,286.25,158.5,80.5
2017-12-29 12:00:00,360.75,357.25,357.25,50.75,306.25,20.75,291.25,170.25,83.25
2017-12-29 16:00:00,415.0,412.75,412.5,64.0,351.0,34.0,346.75,192.25,96.5
2017-12-29 20:00:00,381.0,379.25,379.75,63.75,317.25,33.75,313.25,167.5,86.0
2017-12-30 00:00:00,259.75,261.0,261.75,45.75,216.0,15.75,195.0,107.25,62.5
2017-12-30 04:00:00,228.25,227.5,229.0,42.5,188.5,12.5,161.5,91.5,52.0
2017-12-30 08:00:00,323.5,324.0,323.75,56.75,269.25,26.75,258.0,138.25,70.5
2017-12-30 12:00:00,341.25,339.75,339.5,55.5,285.75,25.5,273.75,151.75,76.5
2017-12-30 16:00:00,379.75,384.5,384.5,64.25,321.25,34.25,318.5,174.25,88.5
2017-12-30 20:00:00,356.75,354.25,354.0,63.25,292.5,33.25,288.25,148.0,77.75
2017-12-31 00:00:00,255.25,255.5,255.25,46.0,210.25,16.0,189.5,103.0,60.0
2017-12-31 04:00:00,228.5,228.75,228.75,47.25,182.25,17.25,162.75,90.5,51.0
2017-12-31 08:00:00,286.25,287.5,288.25,64.0,229.25,34.0,221.5,109.25,54.0
2017-12-31 12:00:00,291.75,292.25,292.5,52.5,242.0,22.5,226.25,123.0,60.0
2017-12-31 16:00:00,351.5,345.75,345.75,63.25,283.5,33.25,279.75,145.0,73.25
2017-12-31 20:00:00,346.0,346.5,347.25,66.25,283.5,36.25,280.5,142.25,74.5
2018-01-01 00:00:00,254.5,255.5,255.75,49.5,206.25,19.5,189.5,94.75,55.0
2018-01-01 04:00:00,220.0,222.25,222.25,40.0,185.5,10.0,156.25,88.25,49.75
2018-01-01 08:00:00,275.5,276.75,277.0,56.25,220.25,26.25,210.75,106.5,53.75
2018-01-01 12:00:00,287.75,287.5,288.75,51.75,241.0,21.75,221.5,123.25,61.75
2018-01-01 16:00:00,360.0,357.5,357.25,63.0,293.75,33.0,291.5,146.25,75.0
2018-01-01 20:00:00,357.75,355.25,355.25,64.0,291.75,34.0,289.25,142.25,77.25
2018-01-02 00:00:00,244.75,244.5,244.75,44.25,202.0,14.25,178.5,96.75,57.0
2018-01-02 04:00:00,249.25,250.25,250.75,49.5,203.5,19.5,184.25,98.5,55.5
2018-01-02 08:00:00,344.25,346.0,345.5,58.0,289.75,28.0,280.0,155.0,78.75
2018-01-02 12:00:00,362.75,364.25,365.0,55.5,311.75,25.5,298.25,168.75,81.75
2018-01-02 16:00:00,427.75,430.5,431.0,68.75,362.5,38.75,364.5,194.75,98.25
2018-01-02 20:00:00,398.0,398.0,399.0,67.5,332.0,37.5,332.0,169.75,90.25
2018-01-03 00:00:00,258.0,256.25,256.75,45.5,214.25,15.5,190.25,103.75,61.5
2018-01-03 04:00:00,248.25,247.75,248.75,46.5,202.5,16.5,181.75,94.75,54.0
2018-01-03 08:00:00,332.0,333.5,333.5,57.5,279.5,27.5,267.5,142.25,73.75
2018-01-03 12:00:00,340.5,341.0,340.75,50.0,291.75,20.0,275.0,158.75,80.5
2018-01-03 16:00:00,426.25,428.0,428.5,66.75,362.75,36.75,362.0,196.5,101.25
2018-01-03 20:00:00,402.5,401.0,400.75,68.0,335.25,38.0,335.0,174.75,93.0
2018-01-04 00:00:00,259.5,259.25,259.75,45.75,214.5,15.75,193.25,106.75,63.75
2018-01-04 04:00:00,251.0,250.25,250.25,49.25,202.0,19.25,184.25,96.25,54.5
2018-01-04 08:00:00,342.25,344.75,344.75,59.75,288.5,29.75,278.75,152.5,75.25
2018-01-04 12:00:00,360.25,359.25,358.75,53.75,307.25,23.75,293.25,168.5,84.0
2018-01-04 16:00:00,430.75,437.75,438.25,64.5,375.25,34.5,371.75,204.5,103.75
2018-01-04 20:00:00,409.25,397.75,398.25,65.5,334.0,35.5,331.75,175.5,94.0
2018-01-05 00:00:00,263.25,263.25,263.25,44.5,219.25,14.5,197.25,111.0,64.75
2018-01-05 04:00:00,249.0,249.75,250.0,48.75,202.0,18.75,183.75,96.25,56.75
2018-01-05 08:00:00,337.25,341.75,342.0,59.75,286.5,29.75,275.75,152.25,77.75
2018-01-05 12:00:00,348.75,344.0,345.0,51.75,296.25,21.75,278.0,159.75,79.5
2018-01-05 16:00:00,424.5,423.0,423.25,62.5,362.25,32.5,357.0,201.0,99.75
2018-01-05 20:00:00,395.25,397.0,397.25,67.75,332.25,37.75,331.0,173.75,92.5
2018-01-06 00:00:00,269.0,267.5,267.75,47.5,221.5,17.5,201.5,111.0,64.5
2018-01-06 04:00:00,237.0,235.0,235.25,44.75,194.5,14.75,169.0,93.75,52.25
2018-01-06 08:00:00,340.0,330.5,330.75,56.0,278.0,26.0,264.5,142.5,72.25
2018-01-06 12:00:00,343.75,343.5,343.25,53.0,292.0,23.0,277.5,157.75,78.25
2018-01-06 16:00:00,402.0,409.25,409.5,68.75,340.25,38.75,343.25,184.0,92.25
2018-01-06 20:00:00,382.0,378.0,377.5,65.0,314.5,35.0,312.0,162.0,86.25
2018-01-07 00:00:00,260.0,264.25,264.0,45.75,220.25,15.75,198.25,107.75,62.75
2018-01-07 04:00:00,235.0,236.75,237.5,45.5,193.5,15.5,170.75,93.25,52.0
2018-01-07 08:00:00,307.75,311.75,312.0,68.5,248.0,38.5,245.75,117.25,60.25
2018-01-07 12:00:00,333.75,334.75,334.75,61.0,273.5,31.0,268.75,139.5,68.25
2018-01-07 16:00:00,385.75,389.0,388.5,70.75,320.75,40.75,323.0,157.25,82.0
2018-01-07 20:00:00,371.25,367.75,367.25,69.25,300.0,39.25,301.75,147.0,80.0
2018-01-08 00:00:00,248.25,251.25,251.25,45.75,205.75,15.75,185.25,99.25,58.75
2018-01-08 04:00:00,248.25,250.25,250.75,48.75,202.75,18.75,184.25,97.0,54.5
2018-01-08 08:00:00,345.75,348.0,347.5,62.5,287.75,32.5,282.0,154.25,78.5
2018-01-08 12:00:00,365.5,366.0,366.75,58.75,309.0,28.75,300.0,171.25,85.75
2018-01-08 16:00:00,430.0,427.25,427.0,66.25,364.25,36.25,361.25,197.75,102.0
2018-01-08 20:00:00,397.5,393.0,393.25,66.25,326.5,36.25,327.0,169.75,90.5
2018-01-09 00:00:00,262.5,258.25,258.75,44.5,214.0,14.5,192.25,107.75,62.75
2018-01-09 04:00:00,253.5,248.5,248.25,47.0,202.75,17.0,182.5,96.0,55.0
2018-01-09 08:00:00,343.75,340.0,340.5,60.0,282.25,30.0,274.0,147.25,77.5
2018-01-09 12:00:00,363.25,361.0,361.0,59.5,304.25,29.5,295.0,165.75,81.0
2018-01-09 16:00:00,423.0,425.75,426.25,67.25,362.0,37.25,359.75,194.75,96.5
2018-01-09 20:00:00,399.75,398.0,397.75,67.25,332.5,37.25,332.0,172.0,90.75
2018-01-10 00:00:00,257.25,259.0,259.0,45.5,214.5,15.5,193.0,106.5,62.5
2018-01-10 04:00:00,248.75,250.25,250.0,48.0,203.5,18.0,184.25,93.75,55.0
2018-01-10 08:00:00,342.5,342.0,341.75,62.75,282.0,32.75,276.0,147.75,77.0
2018-01-10 12:00:00,375.75,376.25,376.0,60.75,318.25,30.75,310.25,176.0,88.5
2018-01-10 16:00:00,446.25,445.5,445.75,68.25,378.75,38.25,379.5,205.0,105.25
2018-01-10 20:00:00,407.5,413.5,414.25,67.0,347.75,37.0,347.5,183.0,94.75
2018-01-11 00:00:00,262.5,264.0,263.75,45.0,219.75,15.0,198.0,110.0,63.25
2018-01-11 04:00:00,260.0,261.75,261.25,48.25,214.75,18.25,195.75,102.5,57.75
2018-01-11 08:00:00,361.0,363.75,364.5,62.5,304.75,32.5,297.75,164.75,87.5
2018-01-11 12:00:00,387.5,387.25,388.0,58.75,329.0,28.75,321.25,183.75,92.5
2018-01-11 16:00:00,453.0,453.0,452.75,65.5,388.0,35.5,387.0,214.25,106.75
2018-01-11 20:00:00,412.75,416.75,416.75,68.25,349.75,38.25,350.75,186.25,95.5
2018-01-12 00:00:00,286.0,272.25,272.75,47.0,227.25,17.0,206.25,114.75,68.0
2018-01-12 04:00:00,262.25,263.25,264.0,49.5,214.25,19.5,197.25,103.0,57.25
2018-01-12 08:00:00,377.75,376.75,377.75,66.5,314.25,36.5,310.75,167.25,85.5
2018-01-12 12:00:00,385.75,385.75,385.75,60.0,328.0,30.0,319.75,184.75,91.25
2018-01-12 16:00:00,449.5,443.75,443.75,64.5,380.75,34.5,377.75,212.25,105.0
2018-01-12 20:00:00,412.75,414.0,414.25,68.75,348.0,38.75,348.0,182.75,94.0
2018-01-13 00:00:00,288.5,282.25,282.75,45.75,239.0,15.75,216.25,118.75,68.75
2018-01-13 04:00:00,252.5,252.5,253.0,44.5,208.0,14.5,186.5,101.75,57.5
2018-01-13 08:00:00,360.75,357.25,358.0,60.5,298.25,30.5,291.25,148.5,76.0
2018-01-13 12:00:00,361.25,360.5,360.0,55.25,307.5,25.25,294.5,161.5,79.5
2018-01-13 16:00:00,409.25,406.0,406.0,65.5,343.0,35.5,340.0,183.5,91.75
2018-01-13 20:00:00,384.75,385.0,385.0,65.0,322.25,35.0,319.0,167.75,86.25
2018-01-14 00:00:00,270.25,274.5,273.75,47.75,227.25,17.75,208.5,111.25,66.0
2018-01-14 04:00:00,245.25,247.0,246.75,47.25,201.25,17.25,181.0,98.25,54.75
2018-01-14 08:00:00,322.0,318.75,319.0,69.25,251.5,39.25,252.75,114.25,59.75
2018-01-14 12:00:00,326.0,322.25,322.75,57.75,266.25,27.75,256.25,128.75,66.25
2018-01-14 16:00:00,380.5,387.0,387.25,73.75,315.25,43.75,321.0,153.25,82.75
2018-01-14 20:00:00,370.0,364.75,365.25,68.25,297.25,38.25,298.75,141.25,78.75
2018-01-15 00:00:00,248.0,251.75,251.5,45.5,207.75,15.5,185.75,100.25,58.75
2018-01-15 04:00:00,252.25,254.25,254.5,50.75,205.75,20.75,188.25,97.25,56.75
2018-01-15 08:00:00,335.75,341.75,341.75,58.75,285.25,28.75,275.75,149.5,75.0
2018-01-15 12:00:00,348.25,343.75,344.0,52.0,295.0,22.0,277.75,160.25,76.25
2018-01-15 16:00:00,414.75,413.5,413.75,64.5,352.25,34.5,347.5,192.0,98.5
2018-01-15 20:00:00,397.0,391.5,391.75,67.5,326.25,37.5,325.5,171.5,92.5
2018-01-16 00:00:00,256.5,258.0,258.5,44.75,214.75,14.75,192.0,108.25,62.5
2018-01-16 04:00:00,251.75,252.5,252.75,50.5,203.25,20.5,186.5,95.25,54.75
2018-01-16 08:00:00,342.75,341.25,341.5,58.75,286.75,28.75,275.25,147.5,77.0
2018-01-16 12:00:00,352.75,357.75,357.75,56.25,302.75,26.25,291.75,161.75,80.5
2018-01-16 16:00:00,420.75,416.5,416.5,65.75,351.75,35.75,350.5,189.5,95.75
2018-01-16 20:00:00,385.25,387.5,387.0,65.5,323.25,35.5,321.5,167.25,89.5
2018-01-17 00:00:00,261.25,255.75,255.75,45.0,210.75,15.0,189.75,104.25,62.25
2018-01-17 04:00:00,250.75,246.75,248.0,50.25,199.0,20.25,180.75,93.5,54.75
2018-01-17 08:00:00,344.25,342.25,342.25,61.25,282.25,31.25,276.25,147.5,77.75
2018-01-17 12:00:00,354.5,350.75,351.0,60.0,293.25,30.0,284.75,158.0,79.75
2018-01-17 16:00:00,415.0,413.0,413.75,66.75,349.0,36.75,347.0,185.75,97.25
2018-01-17 20:00:00,391.0,387.75,387.0,66.5,322.0,36.5,321.75,168.25,90.75
2018-01-18 00:00:00,249.66666666666666,255.5,255.25,47.0,209.5,17.0,189.5,104.0,61.25
2018-01-18 04:00:00,251.25,250.0,251.25,52.25,201.5,22.25,184.0,95.5,52.5
2018-01-18 08:00:00,336.25,332.5,333.0,59.75,275.25,29.75,266.5,140.5,73.75
2018-01-18 12:00:00,342.0,339.75,340.0,50.25,290.0,20.25,273.75,152.25,76.25
2018-01-18 16:00:00,407.25,405.75,406.25,63.75,344.0,33.75,339.75,185.25,94.25
2018-01-18 20:00:00,385.25,384.25,384.75,65.5,321.5,35.5,318.25,167.75,88.0
2018-01-19 00:00:00,253.25,256.25,256.75,45.75,212.25,15.75,190.25,105.75,62.0
2018-01-19 04:00:00,251.25,249.5,249.5,50.25,201.5,20.25,183.5,96.25,55.0
2018-01-19 08:00:00,334.75,334.75,335.5,58.0,281.25,28.0,268.75,146.5,76.5
2018-01-19 12:00:00,340.25,339.5,339.5,52.25,288.25,22.25,273.5,159.75,78.5
2018-01-19 16:00:00,404.5,404.75,405.0,62.0,343.75,32.0,338.75,189.0,95.75
2018-01-19 20:00:00,389.75,390.0,390.5,66.25,325.0,36.25,324.0,166.75,89.0
2018-01-20 00:00:00,264.75,268.5,268.0,47.75,221.5,17.75,202.5,109.0,61.0
2018-01-20 04:00:00,242.75,244.0,244.0,46.0,199.25,16.0,178.0,97.75,53.0
2018-01-20 08:00:00,331.0,334.5,335.25,57.25,282.0,27.25,268.5,139.5,70.75
2018-01-20 12:00:00,333.25,328.75,329.75,49.75,280.75,19.75,262.75,150.25,70.75
2018-01-20 16:00:00,381.75,377.5,378.0,62.25,317.5,32.25,311.5,170.25,84.5
2018-01-20 20:00:00,367.25,367.5,368.0,63.5,305.0,33.5,301.5,155.25,79.5
2018-01-21 00:00:00,262.6666666666667,260.5,261.0,45.25,217.0,15.25,194.5,103.25,58.75
2018-01-21 04:00:00,232.75,235.75,235.75,46.0,192.25,16.0,169.75,93.25,51.5
2018-01-21 08:00:00,311.25,311.75,312.25,67.25,245.0,37.25,245.75,118.0,56.75
2018-01-21 12:00:00,311.25,311.75,311.75,55.0,258.5,25.0,245.75,128.75,63.25
2018-01-21 16:00:00,364.0,365.0,365.25,67.5,297.75,37.5,299.0,145.0,75.25
2018-01-21 20:00:00,364.25,362.0,362.0,67.75,295.5,37.75,296.0,142.75,78.5
2018-01-22 00:00:00,255.25,248.0,248.0,45.0,205.5,15.0,182.0,98.0,57.25
2018-01-22 04:00:00,247.75,251.25,250.75,48.5,203.25,18.5,185.25,101.25,55.75
2018-01-22 08:00:00,333.75,336.25,337.0,58.75,279.0,28.75,270.25,143.5,74.75
2018-01-22 12:00:00,347.5,351.5,351.75,54.75,296.5,24.75,285.5,157.5,79.5
2018-01-22 16:00:00,415.25,409.0,409.75,64.25,347.0,34.25,343.0,185.0,95.25
2018-01-22 20:00:00,389.0,393.5,393.75,68.0,328.0,38.0,327.5,169.25,89.75
2018-01-23 00:00:00,257.0,253.25,253.25,43.5,210.75,13.5,187.25,104.75,63.25
2018-01-23 04:00:00,257.25,261.0,260.75,50.0,211.75,20.0,195.0,104.0,58.0
2018-01-23 08:00:00,352.0,351.75,351.75,57.75,297.0,27.75,285.75,153.5,76.75
2018-01-23 12:00:00,368.5,368.75,368.75,53.5,316.5,23.5,302.75,169.0,83.0
2018-01-23 16:00:00,443.0,448.25,448.25,67.0,383.0,37.0,382.25,207.75,106.0
2018-01-23 20:00:00,421.25,421.75,422.0,69.25,351.75,39.25,355.75,185.5,98.25
2018-01-24 00:00:00,269.5,272.0,271.75,46.5,226.25,16.5,206.0,113.0,67.75
2018-01-24 04:00:00,257.75,255.25,255.25,49.5,207.75,19.5,189.25,97.0,58.5
2018-01-24 08:00:00,362.25,361.0,361.75,61.75,305.5,31.75,295.0,154.75,79.75
2018-01-24 12:00:00,382.75,380.75,381.25,53.75,328.25,23.75,314.75,177.0,89.0
2018-01-24 16:00:00,458.5,458.5,458.75,68.0,392.75,38.0,392.5,214.25,109.75
2018-01-24 20:00:00,428.5,423.0,423.5,67.75,358.25,37.75,357.0,189.5,101.5
2018-01-25 00:00:00,281.0,280.75,280.75,45.25,238.0,15.25,214.75,119.75,70.25
2018-01-25 04:00:00,262.75,264.5,264.5,52.5,215.5,22.5,198.5,101.25,60.25
2018-01-25 08:00:00,363.5,364.75,365.0,61.25,306.0,31.25,298.75,155.75,83.75
2018-01-25 12:00:00,388.25,390.0,390.25,54.25,337.25,24.25,324.0,182.5,91.75
2018-01-25 16:00:00,462.5,462.25,463.25,66.5,397.5,36.5,396.25,220.0,112.75
2018-01-25 20:00:00,430.25,430.25,430.25,67.75,362.5,37.75,364.25,195.25,102.5
2018-01-26 00:00:00,285.0,282.0,282.75,47.0,237.25,17.0,216.0,120.75,73.0
2018-01-26 04:00:00,265.0,266.25,267.25,50.25,217.75,20.25,200.25,103.75,60.0
2018-01-26 08:00:00,374.0,374.5,375.0,59.0,317.75,29.0,308.5,165.75,86.0
2018-01-26 12:00:00,393.5,399.75,399.75,53.0,347.5,23.0,333.75,190.0,92.0
2018-01-26 16:00:00,462.75,466.25,467.0,63.5,403.75,33.5,400.25,222.75,114.0
2018-01-26 20:00:00,422.25,420.75,422.0,68.5,355.0,38.5,354.75,185.25,96.75
2018-01-27 00:00:00,290.0,286.25,286.25,46.0,239.75,16.0,220.25,121.5,73.75
2018-01-27 04:00:00,252.0,252.5,252.25,44.25,209.5,14.25,186.5,99.75,58.25
2018-01-27 08:00:00,356.25,361.5,361.25,58.25,305.5,28.25,295.5,156.25,82.75
2018-01-27 12:00:00,372.75,375.75,375.75,54.25,325.5,24.25,309.75,176.75,86.25
2018-01-27 16:00:00,421.75,423.25,422.75,66.75,357.25,36.75,357.25,193.5,98.5
2018-01-27 20:00:00,393.75,395.0,394.75,68.75,328.5,38.75,329.0,170.5,89.75
2018-01-28 00:00:00,286.25,283.25,283.5,47.25,237.5,17.25,217.25,117.5,69.5
2018-01-28 04:00:00,245.0,249.75,249.75,48.75,202.5,18.75,183.75,99.25,55.25
2018-01-28 08:00:00,310.5,314.0,314.25,65.0,251.0,35.0,248.0,115.5,61.0
2018-01-28 12:00:00,331.25,328.0,328.5,55.25,275.0,25.25,262.0,137.25,69.5
2018-01-28 16:00:00,391.0,396.75,396.5,70.25,327.0,40.25,330.75,159.75,86.5
2018-01-28 20:00:00,380.75,377.75,378.25,70.25,309.25,40.25,311.75,146.5,83.75
2018-01-29 00:00:00,270.75,254.33333333333334,254.66666666666666,45.5,222.25,15.5,188.33333333333334,100.0,63.75
2018-01-29 04:00:00,259.5,261.75,261.25,49.75,213.75,19.75,195.75,99.0,57.75
2018-01-29 08:00:00,360.0,362.25,362.75,61.5,307.0,31.5,296.25,162.5,82.75
2018-01-29 12:00:00,394.75,395.0,394.75,54.25,343.0,24.25,329.0,185.25,91.0
2018-01-29 16:00:00,455.75,457.0,457.0,68.0,389.0,38.0,391.0,214.25,109.25
2018-01-29 20:00:00,425.0,424.75,425.25,68.25,356.25,38.25,358.75,186.25,98.75
2018-01-30 00:00:00,281.75,281.0,281.25,47.0,235.75,17.0,215.0,118.25,70.0
2018-01-30 04:00:00,263.5,261.25,261.5,49.5,213.5,19.5,195.25,100.25,57.25
2018-01-30 08:00:00,358.0,359.75,360.25,57.75,305.75,27.75,293.75,159.25,80.75
2018-01-30 12:00:00,373.25,375.0,375.75,54.5,323.25,24.5,309.0,174.75,86.25
2018-01-30 16:00:00,435.75,439.25,439.5,67.25,374.25,37.25,373.25,204.25,104.75
2018-01-30 20:00:00,415.25,417.0,417.0,68.0,350.25,38.0,351.0,181.75,98.5
2018-01-31 00:00:00,274.5,274.5,274.75,43.75,230.75,13.75,208.5,115.0,68.75
2018-01-31 04:00:00,259.25,259.25,258.75,51.5,209.75,21.5,193.25,94.0,58.0
2018-01-31 08:00:00,354.5,348.75,349.0,58.75,294.25,28.75,282.75,148.5,78.0
2018-01-31 12:00:00,379.25,379.0,379.5,56.0,325.5,26.0,313.0,172.25,88.25
2018-01-31 16:00:00,439.25,442.5,442.5,68.0,377.0,38.0,376.5,201.75,105.0
2018-01-31 20:00:00,408.5,409.0,410.0,67.25,340.75,37.25,343.0,176.5,94.25
2018-02-01 00:00:00,269.25,269.75,269.0,45.5,224.75,15.5,203.75,110.25,65.5
2018-02-01 04:00:00,254.75,259.5,260.0,47.25,212.25,17.25,193.5,98.25,57.25
2018-02-01 08:00:00,352.75,354.25,353.75,57.5,297.5,27.5,288.25,149.5,76.5
2018-02-01 12:00:00,365.25,361.5,362.25,50.75,311.75,20.75,295.5,163.0,79.25
2018-02-01 16:00:00,430.5,430.75,432.25,66.0,366.75,36.0,364.75,195.5,99.0
2018-02-01 20:00:00,410.5,411.0,411.0,68.0,345.5,38.0,345.0,178.5,96.0
2018-02-02 00:00:00,274.25,274.5,274.5,45.75,230.5,15.75,208.5,115.5,67.75
2018-02-02 04:00:00,259.0,263.0,263.25,49.5,214.25,19.5,197.0,103.5,61.25
2018-02-02 08:00:00,354.75,354.75,354.5,56.5,302.5,26.5,288.75,152.5,78.5
2018-02-02 12:00:00,360.75,358.75,359.75,49.25,312.0,19.25,292.75,164.5,80.75
2018-02-02 16:00:00,425.25,427.75,427.5,63.25,365.25,33.25,361.75,198.25,100.5
2018-02-02 20:00:00,407.5,402.25,402.5,67.0,336.25,37.0,336.25,177.75,94.5
2018-02-03 00:00:00,283.0,259.6666666666667,260.3333333333333,47.0,231.0,17.0,193.66666666666669,114.5,66.5
2018-02-03 04:00:00,240.25,244.75,244.0,43.5,202.25,13.5,178.75,97.0,54.25
2018-02-03 08:00:00,348.25,351.0,351.0,58.25,294.5,28.25,285.0,149.25,78.0
2018-02-03 12:00:00,361.25,355.75,356.5,53.25,307.25,23.25,289.75,165.75,83.0
2018-02-03 16:00:00,411.25,414.0,414.0,66.0,349.25,36.0,348.0,186.75,92.25
2018-02-03 20:00:00,395.0,390.0,390.0,68.0,323.0,38.0,324.0,164.0,88.0
2018-02-04 00:00:00,278.75,271.0,271.0,46.75,225.5,16.75,205.0,108.75,63.25
2018-02-04 04:00:00,242.75,243.75,245.0,47.5,200.0,17.5,177.75,96.75,56.25
2018-02-04 08:00:00,320.0,319.0,318.5,66.25,254.25,36.25,253.0,120.25,59.0
2018-02-04 12:00:00,331.75,330.5,329.75,57.75,274.75,27.75,264.5,140.75,70.25
2018-02-04 16:00:00,396.25,398.75,398.25,75.0,324.75,45.0,332.75,165.0,85.75
2018-02-04 20:00:00,385.5,383.0,383.75,72.0,312.5,42.0,317.0,151.5,83.25
2018-02-05 00:00:00,268.75,263.5,263.75,45.75,220.0,15.75,197.5,105.0,64.0
2018-02-05 04:00:00,262.5,266.75,267.25,50.25,218.25,20.25,200.75,103.75,59.5
2018-02-05 08:00:00,371.75,368.25,368.25,58.5,313.0,28.5,302.25,160.0,83.0
2018-02-05 12:00:00,390.0,390.0,389.75,52.5,338.5,22.5,324.0,180.25,87.25
2018-02-05 16:00:00,456.5,459.5,461.25,67.0,395.75,37.0,393.5,218.75,109.25
2018-02-05 20:00:00,424.75,419.25,419.25,67.0,352.75,37.0,353.25,186.75,99.25
2018-02-06 00:00:00,284.25,271.75,271.75,44.75,228.25,14.75,205.75,113.0,67.25
2018-02-06 04:00:00,269.75,272.75,273.25,50.25,223.0,20.25,206.75,106.75,62.25
2018-02-06 08:00:00,375.5,364.0,364.75,56.0,313.0,26.0,298.0,154.5,81.75
2018-02-06 12:00:00,396.25,394.25,394.5,53.5,345.25,23.5,328.25,183.5,89.25
2018-02-06 16:00:00,458.0,460.5,461.0,65.0,395.0,35.0,394.5,218.0,109.0
2018-02-06 20:00:00,430.25,423.0,422.75,70.0,354.0,40.0,357.0,186.75,99.0
2018-02-07 00:00:00,285.5,260.6666666666667,261.3333333333333,46.5,231.25,16.5,194.66666666666669,112.0,71.25
2018-02-07 04:00:00,271.25,271.0,270.75,51.0,220.5,21.0,205.0,102.5,61.5
2018-02-07 08:00:00,367.75,365.0,366.5,58.0,309.75,28.0,299.0,158.25,81.5
2018-02-07 12:00:00,383.0,386.5,386.75,51.75,336.75,21.75,320.5,179.0,88.75
2018-02-07 16:00:00,462.0,464.25,463.5,66.0,400.0,36.0,398.25,219.0,112.0
2018-02-07 20:00:00,435.25,420.25,421.0,67.25,353.75,37.25,354.25,187.25,100.75
2018-02-08 00:00:00,285.75,263.3333333333333,263.0,45.25,234.0,15.25,197.33333333333331,111.0,68.25
2018-02-08 04:00:00,264.75,272.5,271.75,49.5,223.75,19.5,206.5,107.75,62.25
2018-02-08 08:00:00,370.75,369.75,369.75,60.5,314.5,30.5,303.75,160.5,82.25
2018-02-08 12:00:00,376.75,376.75,375.75,50.5,327.0,20.5,310.75,172.75,87.25
2018-02-08 16:00:00,435.25,435.75,437.0,63.0,375.75,33.0,369.75,202.25,104.75
2018-02-08 20:00:00,420.75,413.25,413.75,67.0,349.25,37.0,347.25,181.25,98.5
2018-02-09 00:00:00,280.25,270.0,269.75,44.75,226.0,14.75,204.0,113.5,66.75
2018-02-09 04:00:00,263.75,264.0,264.0,49.0,217.0,19.0,198.0,103.0,57.75
2018-02-09 08:00:00,364.75,365.25,365.0,60.5,310.0,30.5,299.25,159.5,85.75
2018-02-09 12:00:00,364.0,364.5,364.75,51.75,316.25,21.75,298.5,168.0,84.75
2018-02-09 16:00:00,424.5,425.75,426.0,65.25,362.75,35.25,359.75,196.25,98.75
2018-02-09 20:00:00,404.25,402.5,402.5,66.75,338.25,36.75,336.5,173.0,90.25
2018-02-10 00:00:00,283.0,272.75,273.0,46.25,227.0,16.25,206.75,111.75,65.0
2018-02-10 04:00:00,240.75,244.75,244.5,43.5,202.25,13.5,178.75,96.5,57.0
2018-02-10 08:00:00,347.5,344.25,344.5,61.25,286.0,31.25,278.25,146.75,76.0
2018-02-10 12:00:00,344.25,339.5,340.25,52.0,290.5,22.0,273.5,154.0,78.0
2018-02-10 16:00:00,406.0,406.75,407.5,65.25,343.0,35.25,340.75,186.25,94.5
2018-02-10 20:00:00,393.5,391.25,391.5,68.75,324.0,38.75,325.25,166.75,88.0
2018-02-11 00:00:00,286.0,276.25,276.0,47.5,230.75,17.5,210.25,111.75,66.25
2018-02-11 04:00:00,245.75,246.25,245.75,46.0,200.25,16.0,180.25,96.5,53.75
2018-02-11 08:00:00,324.0,319.75,320.0,68.25,253.0,38.25,253.75,121.0,62.75
2018-02-11 12:00:00,341.0,339.75,339.75,61.5,283.25,31.5,273.75,143.5,71.75
2018-02-11 16:00:00,392.75,398.25,398.25,71.75,328.25,41.75,332.25,164.5,90.5
2018-02-11 20:00:00,382.25,375.25,375.75,69.25,307.0,39.25,309.25,146.75,84.75
2018-02-12 00:00:00,249.66666666666666,260.0,260.25,45.0,217.0,15.0,194.0,101.5,60.5
2018-02-12 04:00:00,264.5,266.5,267.25,51.75,216.25,21.75,200.5,102.25,59.25
2018-02-12 08:00:00,370.0,370.5,370.5,61.25,311.25,31.25,304.5,163.75,85.0
2018-02-12 12:00:00,390.75,393.0,392.75,58.0,338.75,28.0,327.0,188.25,96.75
2018-02-12 16:00:00,452.25,452.75,453.25,67.0,387.75,37.0,386.75,212.0,108.5
2018-02-12 20:00:00,425.75,434.3333333333333,435.0,67.5,365.3333333333333,37.5,368.3333333333333,192.33333333333334,97.25
2018-02-13 00:00:00,278.25,274.75,275.25,46.25,230.25,16.25,208.75,116.75,67.0
2018-02-13 04:00:00,264.75,264.5,264.5,50.75,215.25,20.75,198.5,104.5,59.0
2018-02-13 08:00:00,360.5,357.25,357.75,57.75,300.75,27.75,291.25,160.5,78.0
2018-02-13 12:00:00,361.25,362.5,362.75,52.25,314.75,22.25,296.5,172.0,83.5
2018-02-13 16:00:00,421.75,422.75,423.25,61.5,362.25,31.5,356.75,193.75,98.25
2018-02-13 20:00:00,413.5,407.5,407.25,69.25,340.0,39.25,341.5,177.0,92.75
2018-02-14 00:00:00,280.5,269.25,269.75,46.25,223.5,16.25,203.25,112.75,66.5
2018-02-14 04:00:00,253.0,255.75,255.75,48.0,210.0,18.0,189.75,101.0,54.75
2018-02-14 08:00:00,340.25,338.25,338.5,60.75,280.75,30.75,272.25,146.75,76.5
2018-02-14 12:00:00,358.0,359.5,359.25,56.75,303.75,26.75,293.5,165.5,83.0
2018-02-14 16:00:00,404.0,406.0,406.25,64.0,342.5,34.0,340.0,181.75,90.75
2018-02-14 20:00:00,378.5,379.5,379.5,67.75,314.25,37.75,313.5,163.75,81.5
2018-02-15 00:00:00,273.25,263.5,263.5,46.75,217.75,16.75,197.5,109.75,65.25
2018-02-15 04:00:00,261.0,241.0,241.25,45.25,196.75,15.25,175.0,99.0,53.5
2018-02-15 08:00:00,292.75,289.5,289.5,55.75,235.0,25.75,223.5,116.0,58.0
2018-02-15 12:00:00,291.0,285.0,284.75,48.25,239.25,18.25,219.0,125.0,61.5
2018-02-15 16:00:00,299.0,302.5,303.0,52.25,252.25,22.25,236.5,128.75,63.0
2018-02-15 20:00:00,302.25,303.75,303.75,54.0,251.0,24.0,237.75,127.0,64.0
2018-02-16 00:00:00,231.25,219.5,218.5,39.25,181.75,9.25,153.5,88.0,49.75
2018-02-16 04:00:00,209.25,209.0,208.75,41.5,170.0,11.5,143.0,77.0,42.25
2018-02-16 08:00:00,214.75,215.0,214.5,46.0,168.5,16.0,149.0,74.25,38.75
2018-02-16 12:00:00,211.25,211.75,212.25,39.75,172.5,9.75,145.75,81.75,40.5
2018-02-16 16:00:00,262.75,262.75,263.25,49.5,215.25,19.5,196.75,104.75,54.25
2018-02-16 20:00:00,284.75,287.75,287.5,55.0,234.75,25.0,221.75,114.0,62.75
2018-02-17 00:00:00,233.25,225.0,226.75,42.0,184.75,12.0,159.0,89.0,52.25
2018-02-17 04:00:00,206.5,207.25,208.0,39.0,170.75,9.0,141.25,81.0,44.75
2018-02-17 08:00:00,244.75,242.5,242.25,47.75,197.0,17.75,176.5,91.25,43.75
2018-02-17 12:00:00,258.75,260.75,260.75,47.25,217.0,17.25,194.75,107.0,51.0
2018-02-17 16:00:00,326.75,325.75,326.25,58.0,269.25,28.0,259.75,134.75,68.75
2018-02-17 20:00:00,337.25,336.5,336.25,64.25,275.5,34.25,270.5,136.75,71.75
2018-02-18 00:00:00,256.5,249.5,249.75,45.0,204.0,15.0,183.5,96.25,54.0
2018-02-18 04:00:00,225.0,225.5,225.0,43.75,182.25,13.75,159.5,86.25,45.25
2018-02-18 08:00:00,307.25,302.25,301.5,66.75,235.25,36.75,236.25,108.25,53.75
2018-02-18 12:00:00,325.0,320.75,321.25,61.25,263.0,31.25,254.75,129.25,64.5
2018-02-18 16:00:00,365.0,367.75,368.25,72.25,298.25,42.25,301.75,143.25,74.25
2018-02-18 20:00:00,370.25,370.25,370.25,70.25,301.0,40.25,304.25,144.0,78.75
2018-02-19 00:00:00,261.75,254.25,253.75,45.5,209.5,15.5,188.25,101.0,58.0
2018-02-19 04:00:00,245.0,245.0,245.0,48.25,198.5,18.25,179.0,96.25,53.5
2018-02-19 08:00:00,334.0,332.0,332.25,58.25,276.75,28.25,266.0,144.5,71.25
2018-02-19 12:00:00,353.25,347.75,348.0,52.25,298.5,22.25,281.75,163.5,80.0
2018-02-19 16:00:00,404.5,406.75,407.75,63.25,345.0,33.25,340.75,185.75,94.25
2018-02-19 20:00:00,396.75,394.5,395.0,67.0,330.25,37.0,328.5,172.25,90.0
2018-02-20 00:00:00,262.5,261.25,261.75,44.75,217.75,14.75,195.25,112.25,66.25
2018-02-20 04:00:00,245.25,249.75,249.5,46.5,203.25,16.5,183.75,96.5,54.25
2018-02-20 08:00:00,333.25,327.25,328.0,54.5,277.0,24.5,261.25,142.75,73.75
2018-02-20 12:00:00,346.75,335.0,335.5,49.25,288.75,19.25,269.0,152.0,75.75
2018-02-20 16:00:00,400.0,406.0,406.25,65.5,343.25,35.5,340.0,183.5,93.0
2018-02-20 20:00:00,391.25,389.0,389.75,67.5,324.25,37.5,323.0,166.75,89.25
2018-02-21 00:00:00,259.5,254.25,254.75,45.0,210.5,15.0,188.25,105.25,62.0
2018-02-21 04:00:00,244.75,248.75,248.5,49.0,201.5,19.0,182.75,95.25,56.75
2018-02-21 08:00:00,334.75,325.75,326.75,55.5,272.0,25.5,259.75,139.5,71.5
2018-02-21 12:00:00,350.75,335.75,335.5,51.25,287.25,21.25,269.75,150.25,76.25
2018-02-21 16:00:00,402.0,402.25,402.25,62.25,342.5,32.25,336.25,184.25,94.75
2018-02-21 20:00:00,400.0,398.0,397.75,67.25,332.0,37.25,332.0,174.25,91.25
2018-02-22 00:00:00,260.75,259.0,260.0,45.75,213.75,15.75,193.0,105.0,62.0
2018-02-22 04:00:00,249.0,251.75,252.25,46.75,206.25,16.75,185.75,101.25,58.0
2018-02-22 08:00:00,334.0,323.0,323.0,55.25,270.5,25.25,257.0,142.75,71.75
2018-02-22 12:00:00,335.5,328.75,328.75,51.0,280.75,21.0,262.75,150.5,71.25
2018-02-22 16:00:00,400.5,404.0,404.25,62.75,342.75,32.75,338.0,187.0,94.5
2018-02-22 20:00:00,388.5,388.75,388.5,65.75,323.5,35.75,322.75,168.5,87.5
2018-02-23 00:00:00,256.5,254.5,254.75,45.25,211.75,15.25,188.5,106.25,62.25
2018-02-23 04:00:00,245.5,244.5,245.25,49.25,199.0,19.25,178.5,95.0,54.25
2018-02-23 08:00:00,329.25,323.5,323.25,58.5,267.75,28.5,257.5,138.25,72.5
2018-02-23 12:00:00,345.0,337.5,337.5,52.25,287.75,22.25,271.5,157.5,77.75
2018-02-23 16:00:00,382.25,387.5,387.75,60.25,330.0,30.25,321.5,175.0,87.0
2018-02-23 20:00:00,379.25,380.5,380.5,66.25,316.25,36.25,314.5,163.0,83.5
2018-02-24 00:00:00,263.5,263.0,263.0,46.25,217.25,16.25,197.0,107.0,61.5
2018-02-24 04:00:00,228.25,230.75,230.0,42.25,190.5,12.25,164.75,93.25,53.25
2018-02-24 08:00:00,312.75,313.75,313.5,55.75,260.75,25.75,247.75,131.0,68.0
2018-02-24 12:00:00,308.75,306.5,306.5,49.5,260.25,19.5,240.5,134.0,64.75
2018-02-24 16:00:00,358.0,361.0,361.5,61.5,302.0,31.5,295.0,157.25,79.0
2018-02-24 20:00:00,363.25,362.75,363.0,64.25,299.75,34.25,296.75,153.75,79.0
2018-02-25 00:00:00,252.0,251.25,251.25,46.75,205.75,16.75,185.25,97.25,55.0
2018-02-25 04:00:00,224.75,228.25,228.0,46.0,184.75,16.0,162.25,88.75,50.25
2018-02-25 08:00:00,289.5,288.25,288.75,65.25,224.5,35.25,222.25,99.25,52.0
2018-02-25 12:00:00,292.25,290.0,290.25,53.25,238.5,23.25,224.0,114.75,56.75
2018-02-25 16:00:00,338.25,341.0,341.0,64.25,278.0,34.25,275.0,133.75,71.5
2018-02-25 20:00:00,350.0,350.0,350.5,66.75,284.25,36.75,284.0,134.25,74.75
2018-02-26 00:00:00,241.75,242.75,243.0,45.0,199.5,15.0,176.75,94.0,54.5
2018-02-26 04:00:00,240.5,240.25,240.25,48.25,193.0,18.25,174.25,91.5,50.75
2018-02-26 08:00:00,320.0,312.0,313.25,53.75,262.0,23.75,246.0,136.25,67.75
2018-02-26 12:00:00,346.5,316.5,316.25,48.25,268.25,18.25,250.5,142.5,68.0
2018-02-26 16:00:00,366.5,372.75,373.0,58.25,314.75,28.25,306.75,169.25,83.5
2018-02-26 20:00:00,375.25,373.0,373.75,64.0,310.25,34.0,307.0,157.75,82.5
2018-02-27 00:00:00,249.25,251.0,250.75,45.0,207.75,15.0,185.0,100.5,58.25
2018-02-27 04:00:00,247.25,253.25,253.0,44.75,206.75,14.75,187.25,104.75,58.0
2018-02-27 08:00:00,306.75,310.25,310.25,52.5,260.75,22.5,244.25,133.25,67.25
2018-02-27 12:00:00,310.0,307.75,308.75,49.0,261.25,19.0,241.75,136.5,66.5
2018-02-27 16:00:00,369.25,366.5,367.5,60.25,307.75,30.25,300.5,164.0,82.25
2018-02-27 20:00:00,369.25,368.5,369.0,65.5,306.5,35.5,302.5,155.25,82.75
2018-02-28 00:00:00,248.75,244.75,245.25,43.75,202.25,13.75,178.75,100.5,56.0
2018-02-28 04:00:00,237.5,240.0,240.75,47.0,194.5,17.0,174.0,94.0,55.5
2018-02-28 08:00:00,322.25,320.75,321.25,59.5,263.5,29.5,254.75,139.0,72.0
2018-02-28 12:00:00,344.5,346.25,346.75,60.0,290.0,30.0,280.25,153.5,79.5
2018-02-28 16:00:00,394.25,396.0,396.75,66.0,332.25,36.0,330.0,179.25,90.25
2018-02-28 20:00:00,374.25,372.0,372.25,64.25,310.0,34.25,306.0,162.25,84.75
2018-03-01 00:00:00,255.0,252.25,252.25,42.0,209.5,12.0,186.25,104.75,61.25
2018-03-01 04:00:00,231.75,232.25,233.0,41.75,191.5,11.75,166.25,99.0,52.5
2018-03-01 08:00:00,308.25,301.0,301.5,54.5,250.0,24.5,235.0,128.25,62.75
2018-03-01 12:00:00,311.0,310.75,310.75,46.5,265.5,16.5,244.75,142.5,69.25
2018-03-01 16:00:00,372.25,380.75,380.5,59.75,321.0,29.75,314.75,172.5,87.5
2018-03-01 20:00:00,371.0,369.75,370.0,67.0,305.0,37.0,303.75,155.75,82.75
2018-03-02 00:00:00,247.5,246.25,246.0,44.25,204.0,14.25,180.25,100.0,58.0
2018-03-02 04:00:00,249.0,251.0,250.25,47.75,204.5,17.75,185.0,98.5,55.75
2018-03-02 08:00:00,329.5,323.0,323.25,51.0,274.75,21.0,257.0,136.5,69.5
2018-03-02 12:00:00,324.75,326.0,326.25,44.75,284.0,14.75,260.0,146.75,70.0
2018-03-02 16:00:00,376.25,385.75,386.0,59.5,327.0,29.5,319.75,173.0,84.25
2018-03-02 20:00:00,374.5,373.25,373.25,63.0,310.5,33.0,307.25,159.25,79.5
2018-03-03 00:00:00,257.5,255.5,256.0,44.75,212.5,14.75,189.5,104.0,59.0
2018-03-03 04:00:00,229.75,231.75,231.75,43.25,190.75,13.25,165.75,93.75,52.25
2018-03-03 08:00:00,305.75,303.75,303.5,53.0,253.25,23.0,237.75,128.0,63.25
2018-03-03 12:00:00,295.5,298.0,297.75,45.75,254.0,15.75,232.0,136.0,64.5
2018-03-03 16:00:00,334.5,335.25,335.5,59.0,278.25,29.0,269.25,145.25,73.5
2018-03-03 20:00:00,343.25,342.0,341.75,63.5,280.75,33.5,276.0,142.5,74.5
2018-03-04 00:00:00,242.25,240.5,240.5,45.0,197.5,15.0,174.5,96.25,55.25
2018-03-04 04:00:00,216.25,217.5,217.0,43.75,175.5,13.75,151.5,87.0,46.25
2018-03-04 08:00:00,277.25,276.5,276.5,60.25,220.0,30.25,210.5,101.75,49.0
2018-03-04 12:00:00,277.25,276.25,276.75,51.0,227.5,21.0,210.25,112.0,53.75
2018-03-04 16:00:00,334.75,337.75,338.0,65.0,273.75,35.0,271.75,133.0,70.0
2018-03-04 20:00:00,340.25,337.5,338.0,73.0,271.25,43.0,271.5,130.5,71.5
2018-03-05 00:00:00,231.0,231.25,231.0,41.75,190.75,11.75,165.25,90.25,50.75
2018-03-05 04:00:00,233.5,240.0,240.5,48.25,193.0,18.25,174.0,94.5,51.75
2018-03-05 08:00:00,312.5,316.5,316.25,53.75,264.5,23.75,250.5,135.5,69.5
2018-03-05 12:00:00,322.5,324.5,324.25,50.0,276.0,20.0,258.5,145.0,74.75
2018-03-05 16:00:00,373.0,373.5,374.5,63.25,311.75,33.25,307.5,164.5,84.0
2018-03-05 20:00:00,365.25,359.5,360.5,63.0,298.75,33.0,293.5,153.75,81.75
2018-03-06 00:00:00,236.0,236.25,237.0,42.0,196.25,12.0,170.25,99.0,57.25
2018-03-06 04:00:00,239.5,243.25,243.75,49.25,195.25,19.25,177.25,95.25,51.5
2018-03-06 08:00:00,296.75,295.0,295.25,47.75,249.25,17.75,229.0,126.5,64.25
2018-03-06 12:00:00,290.75,287.25,288.5,41.5,246.75,11.5,221.25,128.0,63.0
2018-03-06 16:00:00,347.75,351.5,352.25,58.25,296.25,28.25,285.5,156.5,81.25
2018-03-06 20:00:00,356.25,353.25,353.5,63.0,292.75,33.0,287.25,153.75,80.25
2018-03-07 00:00:00,236.0,233.5,233.5,41.25,192.75,11.25,167.5,98.0,57.25
2018-03-07 04:00:00,233.75,240.0,239.5,48.5,192.0,18.5,174.0,90.75,53.75
2018-03-07 08:00:00,295.75,299.25,300.25,51.75,251.5,21.75,233.25,125.0,64.75
2018-03-07 12:00:00,300.5,301.0,301.25,47.666666666666664,259.25,17.666666666666664,235.0,133.0,68.0
2018-03-07 16:00:00,366.5,373.25,373.5,60.0,313.75,30.0,307.25,168.25,85.75
2018-03-07 20:00:00,363.0,360.0,360.0,62.5,299.25,32.5,294.0,154.25,82.25
2018-03-08 00:00:00,235.0,235.0,236.0,39.5,194.75,9.5,169.0,99.0,57.25
2018-03-08 04:00:00,240.75,244.5,245.0,47.5,197.75,17.5,178.5,97.5,54.5
2018-03-08 08:00:00,317.25,321.75,322.75,57.25,270.25,27.25,255.75,141.5,75.5
2018-03-08 12:00:00,332.0,332.75,332.75,53.75,278.25,23.75,266.75,150.75,76.25
2018-03-08 16:00:00,375.5,379.5,379.75,61.5,319.25,31.5,313.5,169.25,86.75
2018-03-08 20:00:00,370.0,365.5,365.5,64.66666666666667,301.75,34.66666666666667,299.5,156.25,81.5
2018-03-09 00:00:00,239.25,236.25,236.5,41.75,196.0,11.75,170.25,98.0,56.0
2018-03-09 04:00:00,236.25,240.25,239.75,48.25,192.25,18.25,174.25,94.25,53.75
2018-03-09 08:00:00,329.25,316.0,316.75,55.75,263.25,25.75,250.0,136.25,66.5
2018-03-09 12:00:00,329.25,321.25,321.25,47.75,274.25,17.75,255.25,145.75,71.25
2018-03-09 16:00:00,369.5,373.5,373.75,59.25,315.5,29.25,307.5,169.5,83.5
2018-03-09 20:00:00,364.0,363.25,363.5,66.0,300.5,36.0,297.25,155.25,79.25
2018-03-10 00:00:00,248.25,248.25,247.5,47.5,204.5,17.5,182.25,103.5,59.25
2018-03-10 04:00:00,223.25,227.0,227.5,42.5,185.25,12.5,161.0,94.5,53.75
2018-03-10 08:00:00,309.5,310.5,310.5,56.0,255.0,26.0,244.5,129.25,64.0
2018-03-10 12:00:00,293.75,300.75,300.25,50.333333333333336,250.25,20.333333333333336,234.75,129.25,64.75
2018-03-10 16:00:00,338.0,344.5,344.5,60.75,284.5,30.75,278.5,151.25,76.0
2018-03-10 20:00:00,347.5,347.25,347.25,62.666666666666664,283.5,32.666666666666664,281.25,146.5,75.25
2018-03-11 00:00:00,238.25,237.25,237.25,43.5,194.5,13.5,171.25,96.75,55.75
2018-03-11 04:00:00,221.0,222.25,223.0,43.333333333333336,180.75,13.333333333333336,156.25,90.0,47.0
2018-03-11 08:00:00,270.75,271.75,271.75,61.333333333333336,212.75,31.333333333333336,205.75,97.75,51.5
2018-03-11 12:00:00,268.0,267.0,267.0,50.75,219.75,20.75,201.0,106.5,55.0
2018-03-11 16:00:00,319.25,321.5,321.25,60.0,261.25,30.0,255.5,128.0,67.75
2018-03-11 20:00:00,338.25,334.25,334.75,67.66666666666667,268.0,37.66666666666667,268.25,127.0,71.5
2018-03-12 00:00:00,229.25,229.0,229.0,42.0,187.0,12.0,163.0,89.75,53.5
2018-03-12 04:00:00,235.25,240.0,241.0,50.25,191.5,20.25,174.0,92.75,50.75
2018-03-12 08:00:00,295.75,294.5,294.5,50.75,248.0,20.75,228.5,124.75,62.25
2018-03-12 12:00:00,306.5,286.5,286.0,42.5,247.0,12.5,220.5,129.5,61.25
2018-03-12 16:00:00,355.75,344.0,344.25,57.0,288.75,27.0,278.0,151.5,76.75
2018-03-12 20:00:00,351.25,349.0,349.0,62.0,289.75,32.0,283.0,149.25,79.5
2018-03-13 00:00:00,230.0,228.5,228.75,42.25,187.5,12.25,162.5,95.25,55.5
2018-03-13 04:00:00,231.25,239.25,239.25,47.75,191.75,17.75,173.25,93.0,52.0
2018-03-13 08:00:00,288.5,287.5,288.0,46.75,241.25,16.75,221.5,119.0,60.75
2018-03-13 12:00:00,275.25,276.0,276.0,39.25,237.75,9.25,210.0,119.75,57.5
2018-03-13 16:00:00,331.75,333.25,333.0,54.0,280.25,24.0,267.25,145.25,73.25
2018-03-13 20:00:00,344.25,340.0,341.0,60.0,280.5,30.0,274.0,143.5,77.0
2018-03-14 00:00:00,232.0,227.0,227.5,40.0,187.0,10.0,161.0,94.25,53.75
2018-03-14 04:00:00,231.75,234.25,234.5,48.0,186.25,18.0,168.25,90.0,52.0
2018-03-14 08:00:00,271.75,273.0,273.25,48.0,226.25,18.0,207.0,110.0,54.5
2018-03-14 12:00:00,263.75,263.5,263.5,40.75,225.0,10.75,197.5,115.5,56.75
2018-03-14 16:00:00,324.75,327.75,328.0,53.5,276.5,23.5,261.75,145.75,75.75
2018-03-14 20:00:00,342.25,338.0,337.75,59.75,279.5,29.75,272.0,143.5,77.0
2018-03-15 00:00:00,224.0,222.75,222.75,40.0,183.25,10.0,156.75,94.5,53.0
2018-03-15 04:00:00,231.0,236.0,236.75,52.333333333333336,188.75,22.333333333333336,170.0,92.75,52.0
2018-03-15 08:00:00,326.75,297.75,298.25,54.0,245.5,24.0,231.75,128.25,63.75
2018-03-15 12:00:00,305.0,308.0,307.5,51.75,259.0,21.75,242.0,134.5,66.75
2018-03-15 16:00:00,350.0,350.5,351.5,61.25,293.0,31.25,284.5,154.0,77.5
2018-03-15 20:00:00,341.75,338.75,339.5,60.666666666666664,280.25,30.666666666666664,272.75,145.75,76.0
2018-03-16 00:00:00,226.25,226.25,226.25,41.0,187.25,11.0,160.25,93.75,52.75
2018-03-16 04:00:00,228.0,236.5,236.75,46.5,189.25,16.5,170.5,92.0,48.5
2018-03-16 08:00:00,295.5,293.0,293.0,51.75,243.5,21.75,227.0,121.0,63.25
2018-03-16 12:00:00,304.25,292.0,292.5,45.75,248.5,15.75,226.0,130.5,65.25
2018-03-16 16:00:00,345.75,343.5,343.25,57.5,289.0,27.5,277.5,154.5,76.25
2018-03-16 20:00:00,348.0,343.5,343.5,62.666666666666664,282.75,32.666666666666664,277.5,147.25,76.25
2018-03-17 00:00:00,236.5,234.5,235.25,43.5,192.0,13.5,168.5,95.75,54.5
2018-03-17 04:00:00,246.25,221.25,220.75,42.25,179.25,12.25,155.25,90.75,50.0
2018-03-17 08:00:00,302.25,290.0,289.75,52.0,240.25,22.0,224.0,117.5,57.75
2018-03-17 12:00:00,278.0,278.25,278.25,44.75,236.0,14.75,212.25,124.0,61.75
2018-03-17 16:00:00,314.25,315.75,316.25,55.5,263.0,25.5,249.75,141.25,68.75
2018-03-17 20:00:00,328.75,326.5,326.75,62.0,266.25,32.0,260.5,135.75,71.25
2018-03-18 00:00:00,229.0,228.0,228.0,42.5,187.5,12.5,162.0,93.0,53.5
2018-03-18 04:00:00,216.0,214.0,214.25,42.75,173.75,12.75,148.0,89.25,48.5
2018-03-18 08:00:00,271.0,274.25,275.0,62.25,214.75,32.25,208.25,101.25,48.75
2018-03-18 12:00:00,286.75,287.0,287.25,55.75,235.0,25.75,221.0,117.75,58.0
2018-03-18 16:00:00,334.75,334.5,334.5,63.75,270.25,33.75,268.5,135.0,69.75
2018-03-18 20:00:00,333.25,331.5,331.5,67.25,267.0,37.25,265.5,128.0,71.25
2018-03-19 00:00:00,224.25,222.0,222.5,41.0,181.0,11.0,156.0,89.5,52.0
2018-03-19 04:00:00,231.5,236.25,236.5,47.25,189.0,17.25,170.25,92.5,51.75
2018-03-19 08:00:00,303.25,305.0,305.0,57.0,251.25,27.0,239.0,132.75,68.5
2018-03-19 12:00:00,310.75,313.0,312.75,51.5,264.5,21.5,247.0,138.5,71.5
2018-03-19 16:00:00,368.75,370.75,369.5,60.0,310.5,30.0,304.75,164.25,84.5
2018-03-19 20:00:00,355.0,352.25,352.5,60.25,291.75,30.25,286.25,151.25,79.5
2018-03-20 00:00:00,229.0,229.25,229.5,37.666666666666664,189.5,7.666666666666664,163.25,96.5,56.25
2018-03-20 04:00:00,234.75,238.25,237.75,49.0,192.25,19.0,172.25,93.25,52.0
2018-03-20 08:00:00,304.75,292.5,293.0,45.333333333333336,244.75,15.333333333333336,226.5,123.25,64.5
2018-03-20 12:00:00,307.0,290.5,291.0,42.5,251.5,12.5,224.5,131.5,64.25
2018-03-20 16:00:00,356.5,360.25,360.75,60.0,302.25,30.0,294.25,160.5,83.25
2018-03-20 20:00:00,360.25,356.75,357.25,66.0,293.25,36.0,290.75,152.0,81.75
2018-03-21 00:00:00,232.75,232.25,232.0,42.0,191.75,12.0,166.25,99.0,57.5
2018-03-21 04:00:00,235.0,239.5,240.0,48.5,192.5,18.5,173.5,95.5,56.0
2018-03-21 08:00:00,313.75,319.0,319.25,56.25,268.25,26.25,253.0,140.5,73.75
2018-03-21 12:00:00,327.25,327.5,328.0,51.75,278.25,21.75,261.5,148.25,77.75
2018-03-21 16:00:00,390.25,387.75,387.75,63.5,326.0,33.5,321.75,178.0,89.5
2018-03-21 20:00:00,374.0,368.5,369.0,62.0,306.25,32.0,302.5,161.25,83.75
2018-03-22 00:00:00,244.75,237.0,237.75,42.5,198.0,12.5,171.0,100.75,56.5
2018-03-22 04:00:00,240.5,244.75,244.25,46.75,196.25,16.75,178.75,96.5,54.0
2018-03-22 08:00:00,296.25,293.75,294.0,51.75,248.0,21.75,227.75,129.75,66.75
2018-03-22 12:00:00,291.25,288.75,288.5,44.666666666666664,247.25,14.666666666666664,222.75,128.5,63.25
2018-03-22 16:00:00,348.5,349.5,349.0,57.0,293.5,27.0,283.5,156.75,79.75
2018-03-22 20:00:00,354.0,353.5,353.5,62.25,293.0,32.25,287.5,150.75,80.75
2018-03-23 00:00:00,230.25,231.25,231.25,42.0,188.75,12.0,165.25,97.0,55.75
2018-03-23 04:00:00,236.75,239.75,239.75,48.5,193.5,18.5,173.75,94.75,53.5
2018-03-23 08:00:00,291.25,296.25,296.5,46.0,249.5,16.0,230.25,125.5,64.75
2018-03-23 12:00:00,288.75,288.75,288.25,41.0,249.75,11.0,222.75,129.0,62.5
2018-03-23 16:00:00,343.0,347.0,346.75,55.0,294.25,25.0,281.0,157.75,79.5
2018-03-23 20:00:00,345.0,344.75,344.5,61.75,283.25,31.75,278.75,145.75,77.0
2018-03-24 00:00:00,239.75,239.25,239.0,42.25,198.25,12.25,173.25,97.75,57.75
2018-03-24 04:00:00,217.75,219.0,219.0,42.75,179.75,12.75,153.0,89.75,49.5
2018-03-24 08:00:00,291.5,291.0,291.25,54.0,242.75,24.0,225.0,120.5,60.75
2018-03-24 12:00:00,284.0,284.5,285.5,47.0,239.25,17.0,218.5,126.5,59.5
2018-03-24 16:00:00,322.75,320.75,320.75,55.0,266.0,25.0,254.75,139.5,71.0
2018-03-24 20:00:00,332.75,329.0,328.5,63.333333333333336,269.0,33.333333333333336,263.0,135.75,72.75
2018-03-25 00:00:00,230.25,230.75,230.5,43.5,189.5,13.5,164.75,93.5,54.75
2018-03-25 04:00:00,213.75,214.75,215.0,43.25,171.25,13.25,148.75,89.75,46.5
2018-03-25 08:00:00,269.75,270.25,270.5,60.5,210.0,30.5,204.25,98.0,49.25
2018-03-25 12:00:00,261.75,261.75,261.75,46.666666666666664,216.5,16.666666666666664,195.75,102.5,52.75
2018-03-25 16:00:00,310.5,315.5,315.75,63.0,255.0,33.0,249.5,122.75,65.25
2018-03-25 20:00:00,326.0,324.25,324.25,66.0,261.0,36.0,258.25,122.0,70.25
2018-03-26 00:00:00,217.0,216.0,216.75,40.75,177.25,10.75,150.0,85.25,49.75
2018-03-26 04:00:00,231.75,233.0,233.25,48.25,186.5,18.25,167.0,91.5,51.25
2018-03-26 08:00:00,287.25,282.25,283.0,48.0,237.5,18.0,216.25,119.0,59.5
2018-03-26 12:00:00,276.0,274.75,275.0,41.5,233.75,11.5,208.75,123.0,57.75
2018-03-26 16:00:00,326.25,328.75,330.0,54.5,277.75,24.5,262.75,144.5,73.75
2018-03-26 20:00:00,341.0,333.5,334.0,57.5,275.75,27.5,267.5,140.25,76.5
2018-03-27 00:00:00,227.0,225.5,225.5,41.0,186.5,11.0,159.5,95.25,55.5
2018-03-27 04:00:00,230.75,231.0,231.75,50.5,183.75,20.5,165.0,88.5,47.5
2018-03-27 08:00:00,314.75,275.75,275.75,45.75,233.0,15.75,209.75,115.75,56.0
2018-03-27 12:00:00,289.0,266.25,266.5,39.5,228.25,9.5,200.25,119.5,56.75
2018-03-27 16:00:00,343.0,328.75,328.5,55.25,275.0,25.25,262.75,143.25,73.5
2018-03-27 20:00:00,338.5,338.25,338.25,62.0,277.5,32.0,272.25,142.0,77.0
2018-03-28 00:00:00,225.75,221.0,221.0,38.0,181.25,8.0,155.0,92.75,53.75
2018-03-28 04:00:00,229.0,227.75,227.0,49.25,179.75,19.25,161.75,86.5,50.25
2018-03-28 08:00:00,287.0,267.75,267.75,46.25,222.25,16.25,201.75,108.25,54.0
2018-03-28 12:00:00,265.0,262.0,262.5,41.0,224.25,11.0,199.0,114.75,57.25
2018-03-28 16:00:00,322.75,328.75,329.0,52.5,276.0,22.5,256.25,144.75,75.0
2018-03-28 20:00:00,337.5,331.25,331.0,59.75,274.0,29.75,257.75,140.25,74.5
2018-03-29 00:00:00,221.25,219.75,219.75,40.0,181.5,10.0,169.0,92.75,52.25
2018-03-29 04:00:00,229.0,227.75,227.75,46.0,183.0,16.0,170.75,87.75,48.0
2018-03-29 08:00:00,272.5,271.25,271.0,45.666666666666664,225.5,15.666666666666664,203.5,115.5,58.0
2018-03-29 12:00:00,267.5,268.5,268.75,41.25,230.75,11.25,204.75,118.25,56.75
2018-03-29 16:00:00,330.25,324.75,324.5,54.25,273.75,24.25,254.5,147.0,74.25
2018-03-29 20:00:00,335.75,335.5,335.75,61.0,276.0,31.0,259.75,140.75,72.33333333333333
2018-03-30 00:00:00,225.75,219.75,219.5,40.0,181.0,10.0,167.5,90.5,50.5
2018-03-30 04:00:00,231.5,228.75,229.25,48.666666666666664,183.25,18.666666666666664,172.0,91.5,49.75
2018-03-30 08:00:00,265.25,267.25,267.0,46.0,223.25,16.0,201.0,112.25,55.0
2018-03-30 12:00:00,268.75,263.0,263.25,39.666666666666664,227.75,9.666666666666664,202.75,119.5,56.25
2018-03-30 16:00:00,319.0,319.25,319.5,52.75,267.5,22.75,249.25,139.75,70.75
2018-03-30 20:00:00,332.75,328.75,328.75,61.666666666666664,268.0,31.666666666666664,251.5,136.25,71.5
2018-03-31 00:00:00,224.0,226.75,227.0,42.5,185.5,12.5,174.5,96.0,53.25
2018-03-31 04:00:00,214.25,212.75,212.75,39.5,173.75,9.5,160.25,88.0,46.666666666666664
2018-03-31 08:00:00,272.0,276.0,276.5,49.0,227.75,19.0,214.5,116.5,57.5
2018-03-31 12:00:00,277.0,268.0,268.5,44.0,226.5,14.0,209.0,118.5,59.5
2018-03-31 16:00:00,295.0,309.75,311.0,55.25,257.25,25.25,239.5,135.5,68.0
2018-03-31 20:00:00,319.5,315.75,315.5,59.75,258.0,29.75,242.5,129.5,69.0
2018-04-01 00:00:00,224.25,224.5,223.75,40.25,184.75,10.25,170.5,91.25,52.25
2018-04-01 04:00:00,205.25,207.0,208.0,40.5,170.25,10.5,156.0,86.5,46.0
2018-04-01 08:00:00,257.5,259.25,259.75,55.5,205.5,25.5,191.75,94.0,47.5
2018-04-01 12:00:00,274.75,272.0,273.25,52.5,223.25,22.5,206.25,112.25,54.75
2018-04-01 16:00:00,319.25,319.5,320.0,61.0,259.0,31.0,243.25,128.25,66.25
2018-04-01 20:00:00,323.5,316.25,316.5,62.0,256.5,32.0,241.5,126.25,69.25
2018-04-02 00:00:00,222.0,214.0,213.75,38.666666666666664,175.25,8.666666666666664,161.25,86.5,48.5
2018-04-02 04:00:00,227.5,227.25,227.5,44.75,183.0,14.75,169.0,88.5,48.25
2018-04-02 08:00:00,257.75,269.5,269.5,47.5,222.75,17.5,204.5,113.5,58.5
2018-04-02 12:00:00,256.75,259.25,260.25,38.75,224.25,8.75,200.5,115.5,56.25
2018-04-02 16:00:00,325.25,322.0,322.25,55.25,271.25,25.25,254.75,145.75,73.75
2018-04-02 20:00:00,336.75,329.0,329.5,58.5,273.25,28.5,256.25,138.25,72.33333333333333
2018-04-03 00:00:00,222.25,217.75,217.5,39.0,180.25,9.0,165.25,90.0,51.666666666666664
2018-04-03 04:00:00,228.75,227.75,228.25,44.75,184.0,14.75,171.0,91.25,47.75
2018-04-03 08:00:00,267.75,268.0,267.75,47.75,221.25,17.75,204.5,114.75,57.0
2018-04-03 12:00:00,270.0,267.75,267.75,39.25,230.25,9.25,205.25,120.25,57.5
2018-04-03 16:00:00,321.75,318.25,318.75,51.75,269.0,21.75,253.0,141.75,70.0
2018-04-03 20:00:00,331.25,327.75,328.5,62.0,269.75,32.0,255.25,139.5,74.25
2018-04-04 00:00:00,227.25,221.0,220.75,39.0,183.5,9.0,167.5,93.25,51.25
2018-04-04 04:00:00,227.5,225.25,225.25,44.75,181.25,14.75,169.0,87.25,48.75
2018-04-04 08:00:00,277.0,278.0,278.25,51.5,228.75,21.5,207.5,118.0,60.25
2018-04-04 12:00:00,284.0,282.75,283.0,48.5,236.25,18.5,212.25,123.5,66.0
2018-04-04 16:00:00,340.0,337.75,337.25,57.0,281.25,27.0,263.5,148.25,74.75
2018-04-04 20:00:00,337.75,335.0,335.25,60.0,277.25,30.0,259.0,141.5,74.25
2018-04-05 00:00:00,221.75,216.5,216.0,39.5,178.75,9.5,166.5,90.75,51.0
2018-04-05 04:00:00,230.0,233.5,233.5,44.25,190.5,14.25,175.5,93.5,52.0
2018-04-05 08:00:00,285.25,287.75,288.5,55.25,234.0,25.25,211.5,120.5,62.5
2018-04-05 12:00:00,296.5,298.25,298.0,48.75,249.75,18.75,224.25,134.0,67.75
2018-04-05 16:00:00,342.25,349.0,348.75,60.75,290.5,30.75,270.5,153.25,79.5
2018-04-05 20:00:00,337.75,336.25,337.25,61.0,277.5,31.0,258.25,141.75,76.0
2018-04-06 00:00:00,225.0,224.0,223.5,39.666666666666664,184.0,9.666666666666664,171.5,94.25,54.25
2018-04-06 04:00:00,229.75,232.5,232.75,46.5,188.25,16.5,174.75,95.25,53.0
2018-04-06 08:00:00,278.25,275.5,276.5,49.0,228.5,19.0,205.25,114.25,56.25
2018-04-06 12:00:00,269.75,268.75,269.0,40.666666666666664,230.75,10.666666666666664,207.0,120.75,58.75
2018-04-06 16:00:00,339.25,338.5,338.5,56.75,283.25,26.75,264.5,150.5,76.25
2018-04-06 20:00:00,341.5,339.75,340.0,61.25,280.0,31.25,259.75,141.75,74.75
2018-04-07 00:00:00,226.75,228.0,228.25,41.0,187.25,11.0,171.5,92.5,49.0
2018-04-07 04:00:00,214.5,219.25,219.25,40.0,180.25,10.0,166.0,91.25,50.0
2018-04-07 08:00:00,285.0,284.0,283.5,51.75,235.5,21.75,219.25,118.25,59.25
2018-04-07 12:00:00,281.5,280.0,280.5,43.25,238.5,13.25,220.5,125.0,63.5
2018-04-07 16:00:00,318.5,319.0,319.0,52.5,267.25,22.5,250.0,140.25,67.75
2018-04-07 20:00:00,330.0,327.0,326.75,59.0,268.5,29.0,249.5,136.5,72.0
2018-04-08 00:00:00,225.5,225.0,225.25,41.75,184.75,11.75,171.25,93.25,54.0
2018-04-08 04:00:00,204.0,208.0,208.5,42.0,169.25,12.0,154.0,83.0,44.5
2018-04-08 08:00:00,255.25,258.5,257.75,54.0,204.5,24.0,190.0,97.25,48.0
2018-04-08 12:00:00,261.5,262.75,263.0,47.5,216.75,17.5,199.25,105.0,53.75
2018-04-08 16:00:00,316.75,317.75,318.0,59.75,258.0,29.75,241.25,124.25,67.5
2018-04-08 20:00:00,324.5,323.5,324.75,63.75,261.0,33.75,245.25,127.25,74.0
2018-04-09 00:00:00,217.75,218.25,218.25,40.333333333333336,178.5,10.333333333333336,162.25,85.75,49.5
2018-04-09 04:00:00,228.75,227.25,227.5,46.5,184.25,16.5,169.0,89.75,47.75
2018-04-09 08:00:00,269.25,270.75,270.5,45.0,227.0,15.0,205.75,115.75,57.25
2018-04-09 12:00:00,268.5,268.0,267.5,40.25,230.0,10.25,205.25,120.75,57.0
2018-04-09 16:00:00,323.5,326.75,327.25,53.25,274.5,23.25,258.0,145.5,71.25
2018-04-09 20:00:00,337.25,333.75,334.25,60.5,274.5,30.5,257.25,139.25,74.75
2018-04-10 00:00:00,220.25,219.5,219.75,39.666666666666664,180.25,9.666666666666664,166.5,90.0,51.5
2018-04-10 04:00:00,224.75,227.75,228.5,45.0,183.0,15.0,171.5,93.5,50.666666666666664
2018-04-10 08:00:00,264.25,265.25,265.75,44.5,222.5,14.5,201.5,114.0,55.5
2018-04-10 12:00:00,265.25,264.0,264.5,38.75,228.0,8.75,201.75,118.75,56.0
2018-04-10 16:00:00,319.25,319.5,319.25,52.25,269.25,22.25,252.25,141.75,71.75
2018-04-10 20:00:00,335.0,332.75,332.75,59.0,274.5,29.0,258.25,139.75,76.0
2018-04-11 00:00:00,220.75,221.0,220.75,40.0,183.5,10.0,170.0,92.5,52.0
2018-04-11 04:00:00,224.5,223.5,224.5,45.0,181.75,15.0,168.25,88.75,49.0
2018-04-11 08:00:00,260.25,262.75,262.5,46.25,219.0,16.25,197.25,109.75,54.0
2018-04-11 12:00:00,257.0,259.75,260.75,39.0,223.75,9.0,198.5,115.75,56.5
2018-04-11 16:00:00,257.0,320.5,320.5,52.25,269.5,22.25,251.5,143.0,70.25
2018-04-11 20:00:00,257.0,329.75,329.75,58.25,273.25,28.25,256.75,141.0,74.25
2018-04-12 00:00:00,226.75,215.75,215.75,39.5,177.5,9.5,166.25,90.5,49.0
2018-04-12 04:00:00,226.0,226.25,226.5,45.25,183.75,15.25,170.75,90.75,49.0
2018-04-12 08:00:00,255.75,262.0,262.25,42.666666666666664,218.25,12.666666666666664,198.5,112.0,53.25
2018-04-12 12:00:00,257.5,256.5,257.0,37.5,220.0,7.5,197.5,114.25,55.0
2018-04-12 16:00:00,285.0,312.5,312.25,50.5,262.25,20.5,243.75,137.75,70.5
2018-04-12 20:00:00,326.25,323.5,323.25,57.25,267.5,27.25,250.75,136.0,73.75
2018-04-13 00:00:00,215.0,214.0,214.25,39.5,176.0,9.5,164.0,90.0,51.25
2018-04-13 04:00:00,218.0,223.25,223.5,48.333333333333336,179.5,18.333333333333336,166.0,88.0,46.5
2018-04-13 08:00:00,266.5,266.25,266.25,47.0,222.0,17.0,199.75,114.0,57.25
2018-04-13 12:00:00,270.25,268.5,268.5,42.75,227.5,12.75,203.75,118.75,58.0
2018-04-13 16:00:00,325.25,322.5,322.75,54.25,270.25,24.25,250.0,142.25,70.5
2018-04-13 20:00:00,335.25,329.5,330.75,60.0,271.5,30.0,253.0,139.25,75.25
2018-04-14 00:00:00,232.5,227.5,227.5,41.25,186.0,11.25,172.75,94.25,52.25
2018-04-14 04:00:00,217.0,215.25,215.75,40.5,175.75,10.5,164.0,91.25,48.5
2018-04-14 08:00:00,300.25,302.25,302.5,59.75,244.25,29.75,231.5,125.0,61.75
2018-04-14 12:00:00,302.0,302.0,302.25,53.0,250.0,23.0,234.0,134.5,66.25
2018-04-14 16:00:00,338.25,340.5,340.5,59.75,281.75,29.75,266.5,148.75,73.0
2018-04-14 20:00:00,332.25,325.0,325.5,62.333333333333336,265.25,32.333333333333336,247.0,133.75,70.75
2018-04-15 00:00:00,230.25,224.25,224.5,40.75,185.5,10.75,170.0,90.5,51.5
2018-04-15 04:00:00,206.75,207.25,207.0,44.0,168.0,14.0,155.0,84.25,44.25
2018-04-15 08:00:00,258.5,257.25,257.5,53.75,205.5,23.75,189.75,94.75,46.25
2018-04-15 12:00:00,264.5,261.5,261.75,47.25,217.25,17.25,201.25,108.75,52.0
2018-04-15 16:00:00,307.25,305.5,306.0,59.5,245.5,29.5,232.0,121.5,62.25
2018-04-15 20:00:00,320.25,314.5,315.0,62.5,252.75,32.5,238.0,121.5,68.0
2018-04-16 00:00:00,217.25,212.0,211.25,40.0,173.25,10.0,159.5,83.75,47.25
2018-04-16 04:00:00,225.75,223.75,225.0,40.0,180.75,10.0,166.75,90.75,48.0
2018-04-16 08:00:00,260.75,259.5,260.25,46.5,214.0,16.5,192.75,106.0,52.75
2018-04-16 12:00:00,262.25,261.75,261.75,40.25,223.75,10.25,201.75,116.5,57.0
2018-04-16 16:00:00,312.5,311.75,312.25,52.5,261.75,22.5,246.25,139.0,70.75
2018-04-16 20:00:00,335.5,330.75,330.75,60.666666666666664,272.75,30.666666666666664,256.0,137.5,74.5
2018-04-17 00:00:00,223.0,218.75,218.5,37.0,179.75,7.0,166.25,89.0,51.25
2018-04-17 04:00:00,225.25,226.0,225.75,45.5,182.5,15.5,169.25,89.5,48.5
2018-04-17 08:00:00,258.5,259.0,259.5,45.666666666666664,214.75,15.666666666666664,195.75,109.75,54.0
2018-04-17 12:00:00,259.25,258.5,259.0,38.75,222.75,8.75,201.0,119.75,57.0
2018-04-17 16:00:00,316.5,316.0,315.75,50.25,266.0,20.25,250.0,139.75,70.5
2018-04-17 20:00:00,335.25,327.25,327.0,58.333333333333336,268.75,28.333333333333336,252.25,136.5,75.5
2018-04-18 00:00:00,222.0,219.5,220.0,40.25,181.5,10.25,167.5,90.0,50.5
2018-04-18 04:00:00,222.5,220.0,220.0,44.75,176.0,14.75,165.0,84.25,47.5
2018-04-18 08:00:00,254.25,257.5,257.25,45.75,215.75,15.75,194.75,106.5,53.75
2018-04-18 12:00:00,255.0,255.25,255.75,38.75,218.75,8.75,194.75,113.5,56.0
2018-04-18 16:00:00,315.75,315.75,316.0,52.25,264.75,22.25,247.75,140.25,71.5
2018-04-18 20:00:00,335.0,330.25,330.75,61.666666666666664,273.0,31.666666666666664,257.0,141.25,75.5
2018-04-19 00:00:00,220.0,215.75,215.5,39.5,178.5,9.5,166.25,90.25,49.333333333333336
2018-04-19 04:00:00,223.25,221.75,222.75,44.75,178.25,14.75,167.25,87.5,48.0
2018-04-19 08:00:00,261.5,260.25,261.0,47.25,215.75,17.25,195.5,112.0,54.5
2018-04-19 12:00:00,256.75,255.25,255.25,37.5,220.75,7.5,196.5,114.25,55.5
2018-04-19 16:00:00,314.75,312.0,312.25,50.0,263.0,20.0,245.75,139.0,71.0
2018-04-19 20:00:00,328.25,324.75,325.25,58.75,266.25,28.75,252.75,136.5,71.33333333333333
2018-04-20 00:00:00,221.5,216.25,216.5,38.75,177.75,8.75,166.25,90.25,49.5
2018-04-20 04:00:00,221.25,222.5,223.0,43.0,180.75,13.0,167.0,88.0,47.25
2018-04-20 08:00:00,262.5,260.0,259.75,45.5,218.0,15.5,198.25,111.75,53.75
2018-04-20 12:00:00,270.25,265.0,265.25,38.75,227.5,8.75,205.25,121.25,58.0
2018-04-20 16:00:00,315.5,316.75,317.0,49.25,269.25,19.25,251.0,143.75,70.25
2018-04-20 20:00:00,326.75,326.0,326.5,58.5,268.75,28.5,252.75,139.25,72.25
2018-04-21 00:00:00,226.75,224.0,224.0,41.0,183.5,11.0,173.0,93.5,54.666666666666664
2018-04-21 04:00:00,205.5,209.75,210.5,39.75,171.75,9.75,160.25,87.75,46.25
2018-04-21 08:00:00,263.75,271.0,270.75,48.75,224.0,18.75,211.75,114.5,54.75
2018-04-21 12:00:00,267.0,272.25,272.0,41.75,231.75,11.75,215.5,121.75,58.5
2018-04-21 16:00:00,267.0,303.75,302.75,51.5,254.25,21.5,237.75,134.25,66.25
2018-04-21 20:00:00,267.0,310.25,311.0,59.0,255.0,29.0,242.0,130.25,68.5
2018-04-22 00:00:00,267.0,217.0,217.25,37.0,178.5,7.0,167.5,90.0,49.75
2018-04-22 04:00:00,212.75,200.5,200.75,38.5,163.25,8.5,152.5,83.5,44.25
2018-04-22 08:00:00,253.0,265.25,266.0,58.75,207.5,28.75,196.0,100.75,47.75
2018-04-22 12:00:00,280.5,275.25,276.25,57.333333333333336,222.75,27.333333333333336,206.75,109.25,54.5
2018-04-22 16:00:00,298.0,315.75,315.5,61.25,256.25,31.25,240.25,124.25,66.5
2018-04-22 20:00:00,318.5,312.0,312.75,71.5,249.5,41.5,236.25,119.25,65.66666666666667
2018-04-23 00:00:00,207.5,207.75,208.0,39.25,169.25,9.25,159.75,84.25,47.75
2018-04-23 04:00:00,221.25,224.25,224.75,45.5,180.0,15.5,167.25,87.75,46.25
2018-04-23 08:00:00,281.75,282.25,282.5,54.666666666666664,233.0,24.666666666666664,212.25,120.5,61.5
2018-04-23 12:00:00,288.5,288.25,288.25,51.0,240.5,21.0,215.75,127.0,64.25
2018-04-23 16:00:00,341.25,341.5,341.5,60.0,281.75,30.0,263.5,145.75,74.0
2018-04-23 20:00:00,336.5,332.25,332.5,59.75,275.25,29.75,258.5,140.5,76.5
2018-04-24 00:00:00,216.5,218.75,218.75,42.333333333333336,180.0,12.333333333333336,167.0,90.75,50.333333333333336
2018-04-24 04:00:00,222.0,225.5,226.25,45.75,180.0,15.75,167.5,89.75,50.25
2018-04-24 08:00:00,275.5,275.75,276.75,54.0,225.0,24.0,203.25,116.5,59.5
2018-04-24 12:00:00,276.5,280.0,281.0,47.666666666666664,234.25,17.666666666666664,209.5,125.75,62.75
2018-04-24 16:00:00,326.5,325.25,325.25,54.25,270.75,24.25,253.75,145.0,70.75
2018-04-24 20:00:00,331.0,330.0,329.75,59.75,271.0,29.75,256.0,139.0,75.0
2018-04-25 00:00:00,217.0,215.5,215.25,40.0,176.75,10.0,165.75,90.25,48.666666666666664
2018-04-25 04:00:00,214.25,215.5,215.25,43.25,173.5,13.25,160.0,82.0,46.0
2018-04-25 08:00:00,256.75,257.5,258.25,49.333333333333336,212.75,19.333333333333336,192.0,103.75,53.25
2018-04-25 12:00:00,251.75,253.75,254.25,40.5,215.0,10.5,192.25,110.5,54.25
2018-04-25 16:00:00,304.75,306.5,306.5,52.25,254.75,22.25,238.0,135.0,70.0
2018-04-25 20:00:00,328.25,324.75,324.75,58.5,268.75,28.5,252.25,138.0,73.5
2018-04-26 00:00:00,217.0,216.5,216.25,38.25,177.25,8.25,166.75,90.5,46.666666666666664
2018-04-26 04:00:00,221.75,219.75,219.75,40.333333333333336,177.75,10.333333333333336,164.75,87.0,47.333333333333336
2018-04-26 08:00:00,255.5,257.25,258.25,44.0,215.0,14.0,196.75,108.25,53.0
2018-04-26 12:00:00,259.75,260.75,260.25,40.25,221.75,10.25,198.75,117.25,56.666666666666664
2018-04-26 16:00:00,310.0,308.25,307.25,51.0,257.5,21.0,241.25,136.75,68.5
2018-04-26 20:00:00,327.25,324.0,324.25,61.333333333333336,267.75,31.333333333333336,251.75,136.75,72.75
2018-04-27 00:00:00,218.5,217.75,217.75,39.0,179.25,9.0,166.5,89.75,49.75
2018-04-27 04:00:00,218.75,217.75,217.5,43.0,175.75,13.0,165.5,88.0,47.666666666666664
2018-04-27 08:00:00,263.0,262.0,262.0,45.333333333333336,216.25,15.333333333333336,197.25,110.0,54.25
2018-04-27 12:00:00,264.25,263.5,263.5,37.75,226.25,7.75,202.5,119.0,57.75
2018-04-27 16:00:00,315.75,312.0,312.5,50.5,262.5,20.5,245.75,138.0,67.0
2018-04-27 20:00:00,323.5,321.25,321.0,57.75,264.5,27.75,248.25,134.0,70.25
2018-04-28 00:00:00,221.0,220.5,220.75,40.0,181.5,10.0,170.25,91.0,50.0
2018-04-28 04:00:00,205.0,205.75,206.0,39.5,168.25,9.5,159.0,86.75,44.5
2018-04-28 08:00:00,268.25,269.0,268.75,48.0,221.0,18.0,207.75,111.5,54.0
2018-04-28 12:00:00,264.75,264.5,264.25,42.0,226.25,12.0,211.0,118.0,56.75
2018-04-28 16:00:00,301.5,304.75,305.0,51.5,254.0,21.5,239.0,132.25,63.5
2018-04-28 20:00:00,311.25,309.75,310.0,59.0,253.75,29.0,238.25,128.75,66.25
2018-04-29 00:00:00,217.5,214.5,215.0,39.75,175.25,9.75,164.0,88.0,48.0
2018-04-29 04:00:00,200.75,200.25,199.5,39.5,162.25,9.5,150.25,80.5,43.75
2018-04-29 08:00:00,248.5,247.75,247.75,52.0,198.5,22.0,185.25,92.0,44.5
2018-04-29 12:00:00,258.5,257.0,257.5,46.25,212.25,16.25,196.0,104.5,51.0
2018-04-29 16:00:00,295.25,297.5,296.25,55.5,243.5,25.5,228.75,119.75,61.0
2018-04-29 20:00:00,311.5,312.75,312.25,61.25,251.75,31.25,237.75,121.75,65.25
2018-04-30 00:00:00,209.0,210.75,210.75,40.0,171.0,10.0,161.0,86.75,47.5
2018-04-30 04:00:00,213.75,216.75,216.5,44.0,175.5,14.0,164.75,86.0,44.25
2018-04-30 08:00:00,255.0,261.25,261.0,44.5,218.75,14.5,201.25,112.0,54.0
2018-04-30 12:00:00,253.0,272.75,272.75,41.333333333333336,233.25,11.333333333333336,209.5,122.5,57.5
2018-04-30 16:00:00,253.0,317.75,318.5,51.25,267.25,21.25,253.0,143.25,70.0
2018-04-30 20:00:00,253.0,325.0,325.25,56.5,269.5,26.5,256.0,138.75,72.75
2018-05-01 00:00:00,253.0,220.0,219.75,38.333333333333336,182.25,8.333333333333336,172.0,96.25,51.75
2018-05-01 04:00:00,253.0,209.75,210.0,38.75,171.25,8.75,162.25,88.5,46.25
2018-05-01 08:00:00,253.0,267.75,267.25,48.5,222.5,18.5,209.75,114.25,56.75
2018-05-01 12:00:00,253.0,290.5,290.75,45.75,245.25,15.75,231.0,134.5,66.0
2018-05-01 16:00:00,253.0,325.25,325.0,55.333333333333336,272.75,25.333333333333336,255.25,143.75,71.5
2018-05-01 20:00:00,253.0,330.25,330.25,63.666666666666664,270.5,33.666666666666664,256.0,135.5,71.0
2018-05-02 00:00:00,253.0,217.5,217.25,36.0,180.25,6.0,169.0,94.0,50.75
2018-05-02 04:00:00,253.0,222.0,221.75,44.5,178.5,14.5,167.5,87.5,47.25
2018-05-02 08:00:00,253.0,271.5,271.75,50.5,226.75,20.5,208.5,116.25,57.75
2018-05-02 12:00:00,253.0,285.5,285.5,45.0,242.5,15.0,220.5,128.5,65.75
2018-05-02 16:00:00,253.0,327.5,327.5,55.5,272.0,25.5,255.25,140.5,71.5
2018-05-02 20:00:00,290.75,328.0,328.0,60.25,268.0,30.25,252.75,137.0,71.5
2018-05-03 00:00:00,212.25,211.0,210.75,40.666666666666664,171.5,10.666666666666664,162.75,88.75,49.75
2018-05-03 04:00:00,214.75,215.0,215.0,43.75,173.5,13.75,163.75,86.5,46.25
2018-05-03 08:00:00,257.75,261.0,260.25,45.0,219.5,15.0,201.25,115.0,56.75
2018-05-03 12:00:00,264.75,263.0,262.75,41.0,222.75,11.0,203.0,118.75,59.75
2018-05-03 16:00:00,315.75,317.0,316.5,53.25,265.25,23.25,248.5,139.25,69.5
2018-05-03 20:00:00,321.25,322.0,321.75,58.0,263.75,28.0,248.75,134.0,72.0
2018-05-04 00:00:00,210.0,210.5,211.5,38.25,173.75,8.25,163.75,89.5,49.25
2018-05-04 04:00:00,215.5,213.5,213.75,42.0,171.5,12.0,161.5,84.5,46.0
2018-05-04 08:00:00,256.0,261.0,262.0,42.75,220.0,12.75,200.75,111.0,53.25
2018-05-04 12:00:00,259.75,261.5,261.75,38.666666666666664,224.75,8.666666666666664,203.5,117.5,57.75
2018-05-04 16:00:00,304.25,303.0,303.25,49.5,254.25,19.5,237.75,135.25,67.5
2018-05-04 20:00:00,296.75,317.75,317.75,58.5,261.25,28.5,245.75,132.5,68.5
2018-05-05 00:00:00,217.0,220.25,220.0,39.25,181.5,9.25,170.25,92.25,51.5
2018-05-05 04:00:00,202.75,203.25,203.5,39.5,165.5,9.5,155.25,85.75,44.0
2018-05-05 08:00:00,254.75,256.25,256.25,46.0,212.5,16.0,201.75,106.0,51.0
2018-05-05 12:00:00,253.75,253.25,254.0,41.25,216.0,11.25,200.75,114.5,56.5
2018-05-05 16:00:00,282.0,284.5,284.25,46.0,240.25,16.0,225.25,128.0,62.0
2018-05-05 20:00:00,295.5,297.0,296.75,54.5,242.75,24.5,229.25,127.5,63.333333333333336
2018-05-06 00:00:00,215.25,214.75,214.75,39.5,177.25,9.5,166.5,91.75,50.75
2018-05-06 04:00:00,197.25,197.5,197.25,39.0,159.25,9.0,150.5,84.75,44.5
2018-05-06 08:00:00,252.5,255.5,255.75,55.5,201.25,25.5,187.5,95.5,48.0
2018-05-06 12:00:00,267.0,265.75,265.5,53.25,213.25,23.25,198.0,109.0,55.0
2018-05-06 16:00:00,295.75,295.75,295.75,56.0,240.5,26.0,224.5,119.75,60.5
2018-05-06 20:00:00,302.5,300.5,300.5,58.0,242.25,28.0,229.0,120.0,64.25
2018-05-07 00:00:00,213.75,213.0,212.75,43.0,174.0,13.0,163.25,87.25,47.25
2018-05-07 04:00:00,202.25,202.25,202.0,39.666666666666664,164.25,9.666666666666664,154.25,83.75,44.75
2018-05-07 08:00:00,265.75,265.25,265.25,52.5,215.25,22.5,204.5,110.75,55.25
2018-05-07 12:00:00,274.25,272.25,271.5,46.333333333333336,228.25,16.333333333333336,214.75,120.75,59.0
2018-05-07 16:00:00,308.5,308.25,308.5,54.25,255.0,24.25,241.75,134.25,66.5
2018-05-07 20:00:00,324.5,322.25,322.0,57.333333333333336,264.25,27.333333333333336,249.75,131.5,70.75
2018-05-08 00:00:00,211.25,213.75,212.75,39.0,173.75,9.0,164.5,90.25,50.25
2018-05-08 04:00:00,221.0,219.5,219.5,43.75,177.25,13.75,166.5,89.0,47.0
2018-05-08 08:00:00,259.25,263.75,263.5,47.0,218.75,17.0,200.25,111.0,52.75
2018-05-08 12:00:00,257.75,261.25,261.75,38.75,224.5,8.75,200.0,117.25,57.0
2018-05-08 16:00:00,304.75,308.5,308.25,49.25,259.25,19.25,242.75,134.0,67.0
2018-05-08 20:00:00,327.5,324.25,324.5,61.333333333333336,267.0,31.333333333333336,252.0,135.25,71.75
2018-05-09 00:00:00,213.25,210.75,211.0,39.0,172.75,9.0,162.75,88.5,48.75
2018-05-09 04:00:00,208.5,210.25,210.25,43.75,169.75,13.75,159.25,82.75,47.333333333333336
2018-05-09 08:00:00,252.5,253.5,253.5,45.0,213.75,15.0,193.0,106.25,48.75
2018-05-09 12:00:00,257.0,255.0,255.25,37.333333333333336,220.25,7.333333333333336,196.0,112.5,55.25
2018-05-09 16:00:00,311.5,311.0,310.75,50.75,261.5,20.75,245.25,138.25,69.0
2018-05-09 20:00:00,323.75,325.5,325.5,56.0,268.0,26.0,254.75,137.5,71.5
2018-05-10 00:00:00,209.5,211.5,212.0,37.25,174.75,7.25,164.75,90.0,50.0
2018-05-10 04:00:00,214.25,216.5,216.5,44.25,174.75,14.25,164.5,87.0,44.75
2018-05-10 08:00:00,257.5,256.0,256.0,44.0,212.0,14.0,193.0,107.75,52.75
2018-05-10 12:00:00,260.75,258.0,258.25,38.0,222.5,8.0,198.75,116.5,55.5
2018-05-10 16:00:00,311.25,307.25,307.75,47.75,257.75,17.75,242.25,136.5,67.75
2018-05-10 20:00:00,328.0,324.75,324.5,59.0,267.0,29.0,253.25,138.25,71.0
2018-05-11 00:00:00,213.75,211.75,211.75,37.75,176.0,7.75,165.0,90.5,50.0
2018-05-11 04:00:00,210.75,218.75,219.0,43.75,175.25,13.75,165.75,88.5,45.75
2018-05-11 08:00:00,259.25,260.75,260.75,40.333333333333336,217.25,10.333333333333336,198.75,112.25,53.25
2018-05-11 12:00:00,266.75,265.0,265.75,38.5,228.75,8.5,204.0,120.5,55.75
2018-05-11 16:00:00,311.5,312.25,312.5,49.75,262.0,19.75,244.75,138.5,69.25
2018-05-11 20:00:00,325.5,322.5,322.5,57.0,265.5,27.0,250.75,138.25,71.5
2018-05-12 00:00:00,224.5,221.5,222.0,36.5,180.0,6.5,171.5,93.0,49.0
2018-05-12 04:00:00,207.5,208.25,208.5,39.5,170.25,9.5,160.5,89.25,46.25
2018-05-12 08:00:00,287.25,285.5,285.5,55.75,232.25,25.75,219.5,118.75,60.25
2018-05-12 12:00:00,292.5,292.0,292.75,54.25,240.0,24.25,224.25,125.25,62.5
2018-05-12 16:00:00,321.75,323.5,324.5,58.0,265.25,28.0,250.75,138.25,68.0
2018-05-12 20:00:00,317.25,316.75,317.75,59.75,258.75,29.75,246.0,131.25,69.25
2018-05-13 00:00:00,221.25,218.5,218.25,36.5,180.25,6.5,169.25,90.5,50.25
2018-05-13 04:00:00,204.0,205.75,205.25,40.5,167.25,10.5,158.0,88.75,45.333333333333336
2018-05-13 08:00:00,254.25,257.0,257.0,56.0,204.75,26.0,192.5,97.0,48.0
2018-05-13 12:00:00,259.0,259.75,259.75,46.25,215.0,16.25,200.5,105.0,54.0
2018-05-13 16:00:00,303.25,302.25,302.25,58.75,245.75,28.75,231.75,121.0,62.5
2018-05-13 20:00:00,316.5,314.0,314.0,61.5,254.5,31.5,239.5,122.0,67.0
2018-05-14 00:00:00,208.75,209.25,209.25,37.25,172.25,7.25,162.5,88.0,51.0
2018-05-14 04:00:00,220.75,221.0,220.75,44.666666666666664,180.0,14.666666666666664,170.75,92.5,47.25
2018-05-14 08:00:00,258.25,258.75,258.5,41.0,215.0,11.0,197.75,106.5,52.0
2018-05-14 12:00:00,272.0,265.75,266.0,40.5,228.0,10.5,205.75,120.25,57.25
2018-05-14 16:00:00,316.5,318.0,318.25,52.666666666666664,269.0,22.666666666666664,252.0,142.25,70.25
2018-05-14 20:00:00,335.0,332.75,332.5,58.0,276.25,28.0,260.5,140.75,74.25
2018-05-15 00:00:00,215.5,215.5,215.75,36.0,178.25,6.0,168.0,93.75,50.75
2018-05-15 04:00:00,220.5,216.75,216.5,42.0,175.5,12.0,167.0,90.5,46.5
2018-05-15 08:00:00,262.75,265.5,264.5,43.25,223.25,13.25,204.75,114.25,53.25
2018-05-15 12:00:00,279.5,279.75,280.5,39.5,240.25,9.5,216.5,127.25,59.5
2018-05-15 16:00:00,339.25,336.0,335.75,51.75,285.5,21.75,269.0,156.5,77.0
2018-05-15 20:00:00,344.25,341.75,341.75,57.666666666666664,284.25,27.666666666666664,269.0,149.25,76.5
2018-05-16 00:00:00,222.75,222.25,222.25,37.25,185.5,7.25,175.0,97.0,52.0
2018-05-16 04:00:00,221.25,218.5,218.75,42.25,178.5,12.25,167.25,88.5,46.75
2018-05-16 08:00:00,283.0,288.5,288.75,47.666666666666664,241.25,17.666666666666664,221.0,128.5,62.5
2018-05-16 12:00:00,306.0,309.5,309.75,49.5,261.5,19.5,235.75,141.25,69.0
2018-05-16 16:00:00,370.0,370.75,370.25,58.0,312.5,28.0,295.25,172.0,81.75
2018-05-16 20:00:00,363.25,364.5,364.75,58.0,305.5,28.0,289.75,162.75,84.5
2018-05-17 00:00:00,229.75,229.25,229.75,38.5,192.25,8.5,182.75,102.5,52.333333333333336
2018-05-17 04:00:00,227.5,229.25,229.5,43.75,186.75,13.75,176.0,96.0,50.25
2018-05-17 08:00:00,298.25,302.25,302.25,49.0,256.0,19.0,233.25,135.25,67.5
2018-05-17 12:00:00,323.0,320.75,321.25,44.0,279.75,14.0,252.5,153.5,74.5
2018-05-17 16:00:00,384.75,378.25,378.5,57.25,324.0,27.25,305.0,181.25,90.0
2018-05-17 20:00:00,378.5,378.75,378.5,61.0,318.5,31.0,302.5,170.5,88.25
2018-05-18 00:00:00,236.25,236.25,236.0,39.25,197.0,9.25,186.75,105.25,58.0
2018-05-18 04:00:00,230.25,232.5,232.25,43.5,189.5,13.5,180.25,98.25,50.25
2018-05-18 08:00:00,295.75,295.5,295.75,52.0,245.5,22.0,224.25,127.0,64.25
2018-05-18 12:00:00,311.0,311.0,312.0,49.25,265.0,19.25,239.0,142.75,71.25
2018-05-18 16:00:00,349.75,351.0,350.75,57.75,294.5,27.75,276.75,157.25,76.75
2018-05-18 20:00:00,339.25,338.0,338.5,58.333333333333336,279.5,28.333333333333336,264.0,143.75,72.5
2018-05-19 00:00:00,225.25,224.5,225.25,42.0,184.75,12.0,174.25,95.0,52.666666666666664
2018-05-19 04:00:00,206.0,207.5,207.0,38.0,169.75,8.0,160.0,88.75,46.25
2018-05-19 08:00:00,269.75,267.25,267.25,48.5,220.75,18.5,208.0,108.0,53.25
2018-05-19 12:00:00,274.25,273.25,273.0,43.75,230.75,13.75,216.75,122.75,57.75
2018-05-19 16:00:00,303.25,301.0,300.25,50.0,252.25,20.0,237.25,134.75,65.5
2018-05-19 20:00:00,311.75,311.5,311.25,56.25,256.5,26.25,241.25,131.0,66.25
2018-05-20 00:00:00,216.5,215.75,217.0,34.0,178.0,4.0,167.75,91.75,48.75
2018-05-20 04:00:00,198.75,196.75,197.75,36.75,161.5,6.75,152.25,86.5,42.5
2018-05-20 08:00:00,249.75,250.0,250.75,52.0,200.5,22.0,187.75,94.75,47.0
2018-05-20 12:00:00,263.25,261.75,262.25,48.75,216.25,18.75,201.0,110.25,54.5
2018-05-20 16:00:00,294.0,297.25,297.5,56.75,241.5,26.75,227.0,120.75,59.75
2018-05-20 20:00:00,310.25,306.75,306.5,59.5,247.75,29.5,234.25,121.0,63.75
2018-05-21 00:00:00,203.5,202.75,203.0,37.0,166.75,7.0,157.75,84.75,46.0
2018-05-21 04:00:00,205.5,209.75,210.0,40.75,169.5,10.75,161.0,84.0,42.25
2018-05-21 08:00:00,263.25,262.0,262.25,44.5,219.75,14.5,202.25,111.25,52.0
2018-05-21 12:00:00,269.25,268.5,270.0,43.0,230.0,13.0,207.0,120.5,57.0
2018-05-21 16:00:00,309.5,308.5,308.25,49.25,260.0,19.25,245.25,138.25,66.75
2018-05-21 20:00:00,322.25,318.75,319.5,53.666666666666664,265.75,23.666666666666664,250.75,136.75,68.5
2018-05-22 00:00:00,215.75,216.0,216.25,37.0,177.25,7.0,168.75,94.25,44.5
2018-05-22 04:00:00,200.5,198.5,199.5,36.5,163.5,6.5,154.5,86.75,43.0
2018-05-22 08:00:00,257.75,257.75,257.25,45.333333333333336,214.5,15.333333333333336,204.0,108.5,52.5
2018-05-22 12:00:00,272.75,272.75,273.25,42.5,230.75,12.5,217.0,122.0,60.75
2018-05-22 16:00:00,326.0,324.5,325.0,55.75,271.75,25.75,257.75,141.75,69.25
2018-05-22 20:00:00,317.5,315.75,316.0,58.0,260.5,28.0,245.5,129.0,69.75
2018-05-23 00:00:00,211.75,212.25,211.75,34.666666666666664,175.25,4.666666666666664,166.0,90.5,49.25
2018-05-23 04:00:00,212.75,214.0,214.0,41.5,172.25,11.5,163.75,85.75,46.75
2018-05-23 08:00:00,260.75,262.0,262.25,44.0,218.5,14.0,199.75,111.25,53.0
2018-05-23 12:00:00,266.75,267.0,267.5,40.75,228.5,10.75,206.5,120.25,59.0
2018-05-23 16:00:00,308.0,312.75,313.75,49.0,265.25,19.0,248.5,140.75,69.0
2018-05-23 20:00:00,323.0,322.5,322.0,57.5,267.75,27.5,252.0,136.25,71.0
2018-05-24 00:00:00,209.75,206.0,206.25,37.5,171.0,7.5,160.75,87.75,47.25
2018-05-24 04:00:00,211.5,213.25,213.25,41.5,173.25,11.5,163.5,88.0,44.75
2018-05-24 08:00:00,259.25,257.0,256.5,41.666666666666664,214.0,11.666666666666664,197.0,108.5,53.75
2018-05-24 12:00:00,272.0,269.5,269.5,40.25,231.5,10.25,208.0,123.5,59.0
2018-05-24 16:00:00,313.0,313.75,313.75,50.0,264.75,20.0,248.75,142.5,69.75
2018-05-24 20:00:00,327.0,324.0,324.0,56.333333333333336,269.75,26.333333333333336,254.25,138.25,73.0
2018-05-25 00:00:00,211.5,210.25,210.75,37.5,175.0,7.5,164.0,89.75,48.0
2018-05-25 04:00:00,210.25,214.5,214.25,41.25,172.75,11.25,164.0,87.5,45.0
2018-05-25 08:00:00,262.5,264.5,264.5,45.666666666666664,220.0,15.666666666666664,202.0,112.5,52.75
2018-05-25 12:00:00,275.75,273.5,274.25,39.5,232.75,9.5,210.5,124.25,58.0
2018-05-25 16:00:00,322.25,319.0,319.25,51.25,269.5,21.25,252.5,145.0,70.5
2018-05-25 20:00:00,328.0,326.5,326.25,59.0,270.25,29.0,255.75,139.75,69.33333333333333
2018-05-26 00:00:00,221.5,220.5,220.25,40.0,183.0,10.0,172.75,95.5,51.25
2018-05-26 04:00:00,204.25,202.5,202.5,37.25,167.75,7.25,158.0,86.0,44.5
2018-05-26 08:00:00,272.75,274.75,274.75,46.333333333333336,229.0,16.333333333333336,214.5,116.5,55.25
2018-05-26 12:00:00,290.25,290.0,289.5,43.0,249.5,13.0,234.25,133.0,64.75
2018-05-26 16:00:00,323.75,326.5,326.75,51.5,277.75,21.5,261.75,155.0,74.25
2018-05-26 20:00:00,320.25,319.5,319.25,57.0,265.0,27.0,250.75,138.0,70.5
2018-05-27 00:00:00,220.75,221.5,222.25,37.0,183.5,7.0,173.0,95.0,49.5
2018-05-27 04:00:00,198.25,200.5,200.0,36.75,164.25,6.75,154.0,86.0,43.0
2018-05-27 08:00:00,268.0,262.5,263.0,55.0,209.5,25.0,195.75,101.5,49.0
2018-05-27 12:00:00,281.75,279.25,279.75,49.25,232.0,19.25,215.0,118.5,59.75
2018-05-27 16:00:00,321.5,321.5,321.25,59.75,263.0,29.75,247.5,130.0,67.25
2018-05-27 20:00:00,317.5,317.25,317.25,58.333333333333336,258.5,28.333333333333336,244.25,125.0,68.5
2018-05-28 00:00:00,210.25,210.25,210.5,34.5,173.75,4.5,163.25,89.0,49.25
2018-05-28 04:00:00,214.5,214.75,214.75,40.25,174.5,10.25,166.0,88.0,45.75
2018-05-28 08:00:00,274.75,270.5,270.5,42.0,227.5,12.0,207.75,117.75,56.75
2018-05-28 12:00:00,292.75,295.5,295.75,42.25,255.75,12.25,232.75,140.25,65.75
2018-05-28 16:00:00,357.75,353.5,354.25,54.0,300.25,24.0,283.25,166.75,82.5
2018-05-28 20:00:00,347.25,348.25,348.75,56.5,291.5,26.5,277.0,154.0,79.25
2018-05-29 00:00:00,219.25,219.5,219.5,37.0,183.25,7.0,172.75,96.0,52.0
2018-05-29 04:00:00,220.75,223.75,224.0,41.5,182.0,11.5,172.5,93.75,47.25
2018-05-29 08:00:00,280.25,277.75,278.0,44.666666666666664,233.25,14.666666666666664,212.75,121.75,60.25
2018-05-29 12:00:00,299.75,299.25,299.5,40.5,260.0,10.5,235.75,142.25,68.0
2018-05-29 16:00:00,359.0,358.5,358.25,53.75,305.75,23.75,289.0,171.25,84.25
2018-05-29 20:00:00,358.0,353.75,354.5,56.5,294.75,26.5,280.25,156.75,81.0
2018-05-30 00:00:00,222.75,222.5,222.25,36.333333333333336,185.75,6.333333333333336,175.5,99.0,53.75
2018-05-30 04:00:00,218.75,219.5,219.25,41.75,179.5,11.75,168.25,87.25,46.75
2018-05-30 08:00:00,283.25,284.25,284.5,46.666666666666664,240.0,16.666666666666664,218.75,126.0,61.5
2018-05-30 12:00:00,302.25,306.75,306.75,44.25,265.75,14.25,239.0,144.5,71.5
2018-05-30 16:00:00,358.25,354.0,354.25,53.0,301.5,23.0,283.75,169.5,83.75
2018-05-30 20:00:00,351.25,348.5,348.75,50.0,291.0,20.0,274.5,153.0,80.0
2018-05-31 00:00:00,222.75,222.5,222.75,35.0,184.75,5.0,172.75,95.75,51.25
