-3.3882,-2.1236
0.54247,-5.5157
-0.2161,-5.8075
-3.8883,-4.7057
-4.791,-3.3669
4.1168,1.2202
2.7489,-6.751
3.7846,1.6539
4.3394,-2.0744
-0.64383,-6.5469
1.9691,-4.8251
5.2274,1.8338
-1.3604,-4.3796
-3.3478,-3.8468
-2.4482,-3.3302
-2.3646,-3.7314
2.5139,0.9199
-1.4369,-3.0704
0.22285,-4.7431
-0.084486,-4.178
4.3854,-3.8239
5.7537,-0.0076029
1.7995,2.8409
3.4204,-2.2023
5.2308,1.6964
6.3299,-0.87081
3.7855,-2.4597
-3.1081,-3.4603
4.0051,2.48
-0.7363,-3.9045
6.3207,-0.80943
4.1852,2.6308
3.3081,4.9338
-3.7685,-4.8636
5.131,-0.85957
1.2181,-4.9956
2.2231,-4.0081
6.2247,-0.52511
-2.8409,-2.8226
-2.4465,-2.062
1.7658,-3.7567
-1.4453,-3.9766
2.5869,-5.0851
-1.8001,-6.9402
3.1946,3.4725
-3.5338,-5.532
3.8741,4.0988
3.5965,4.3873
0.37781,-4.677
4.7112,1.4662
-0.46151,-5.9541
-2.2769,-4.5085
5.499,2.449
-0.14017,-4.9975
2.4183,-2.8328
2.5891,-4.5779
-2.194,-5.3192
6.2138,2.3347
7.1113,0.87256
-0.81053,-4.4076
-0.51813,-4.7915
4.4653,0.085701
-5.1781,-4.1751
3.9798,4.7658
5.3083,0.14103
-1.0866,-6.2088
3.311,5.3309
2.9636,5.2266
6.3913,1.3908
-4.2235,-3.0121
-3.4094,-3.1366
1.9329,3.0427
4.6853,1.6202
2.3228,-5.1999
-5.4354,-2.5289
-4.3707,-1.7975
3.5401,-3.962
-3.4421,-4.4613
4.247,0.19808
4.4301,2.0965
3.4668,-4.5837
2.4413,-3.2993
6.5089,-0.5932
-2.3824,-3.8455
-3.003,-3.3267
1.9869,-5.257
-1.9627,-5.2261
6.3401,-0.22907
3.5037,3.5048
4.5385,2.4717
0.072045,-5.1538
5.2422,1.0001
3.3736,-4.2377
-1.9001,-5.3476
-0.39405,-4.4828
-1.4886,-6.8819
2.7758,2.2345
5.0095,0.79137
4.0684,-4.0362
-2.294,-4.0023
4.1618,-3.2455
3.8288,4.4093
-1.8751,-6.4948
-1.6161,-5.1194
4.8566,-1.8029
1.5919,3.6409
-4.0244,-5.138
4.42,-1.0694
-2.5353,-4.7602
4.6479,-2.0583
2.8619,3.3837
4.684,3.7777
5.7991,-1.5209
3.6059,-4.1877
2.6139,-0.075371
1.1958,3.1412
-1.5097,-6.352
4.8743,-1.1962
0.13692,-4.0052
1.9573,3.5941
1.1592,-6.7872
2.8548,-1.7903
0.13881,-5.8025
4.585,1.9905
-1.6647,-5.6676
2.9209,2.2157
3.3492,2.6728
0.16743,-5.6336
-3.649,-2.1732
6.3111,2.1723
1.9601,-4.0685
2.1874,2.6252
4.4117,-0.58722
-1.6062,-3.9063
-0.13139,-6.9545
5.1706,-3.4549
4.2633,-1.8759
4.3575,2.0356
4.9611,0.16791
-0.40293,-5.0258
5.7971,-3.6417
-2.7804,-4.3646
4.6032,-4.1025
3.061,1.75
3.8713,3.9734
-4.5327,-2.8587
1.4972,-5.6232
-6.765,-1.2538
4.0078,-3.8915
-4.8065,-4.1115
3.0029,-4.7647
6.0827,0.32806
4.0611,2.5692
3.5176,1.5587
0.67833,-4.1218
2.4162,1.5825
3.9538,2.0046
5.7875,-2.147
4.1934,-0.17674
4.9041,-3.9102
2.6927,3.89
4.1379,3.3345
0.50533,-5.114
-2.4144,-5.1446
4.3308,-0.95983
5.7432,-0.24494
-5.2353,-1.6871
-0.2545,-4.8515
3.1398,-4.1053
4.2054,2.8459
2.7116,4.8067
-2.876,-3.9642
3.3396,-2.9419
1.7218,-3.7856
4.4553,-4.7113
-4.6732,-4.1738
2.6878,2.3852
3.9881,2.4519
2.4207,4.3144
4.4158,4.1238
-0.68354,-3.2479
3.8903,-2.7479
-3.5218,-3.7673
4.5272,-1.2404
-3.2538,-4.4275
-1.2862,-3.9452
-4.6263,-4.4512
4.5009,-2.2102
5.413,-2.1114
3.5101,-3.095
3.5436,-4.2812
4.4957,-2.3438
-2.2346,-2.7155
-3.4585,-3.775
4.9109,-0.77405
-1.616,-4.2343
-3.7613,-4.1822
5.1371,0.63135
4.7175,3.3909
3.7489,2.8767
-0.49431,-6.1964
2.0708,-4.9995
4.7257,-3.7789
-2.2693,-5.7658
4.4365,0.7254
2.7163,-0.202
-1.6746,-5.702
2.1969,-1.9778
4.2292,-1.6823
3.9773,2.0778
1.7968,-4.0242
-1.7993,-3.9117
1.3948,4.7223
4.8893,1.8314
4.5701,-4.1228
-3.596,-3.7364
4.7961,-0.42747
4.8172,1.1717
3.6142,3.6953
3.0329,2.9785
1.533,-4.102
-3.3582,-4.0331
4.4244,1.5613
4.3102,0.4469
2.196,4.836
4.8302,-0.68323
-3.6461,-4.2182
3.2218,2.6544
4.0755,3.5382
-2.0805,-4.2254
1.7311,6.1141
4.6392,-2.0374
-3.7527,-3.4991
-5.0716,-3.8771
2.7012,-2.7527
-0.34654,-4.6705
4.1555,-4.069
-0.71078,-4.855
4.806,0.075142
3.1662,5.7735
-0.14331,-5.1429
-0.56837,-5.3338
6.1423,-0.54209
5.579,-1.5831
4.2827,4.074
3.6187,-2.6829
2.6171,-0.97734
4.6323,0.82549
-4.9749,-2.7608
1.0212,-4.9429
3.0347,-1.7545
1.8857,-5.2754
1.4155,-6.3475
-4.1461,-2.8183
-1.4159,-4.0392
1.0191,-3.4823
-4.3609,-2.8739
1.78,3.9781
0.9626,-4.0285
-6.0188,-3.5041
4.3538,-3.3697
2.6447,4.4265
2.6052,-5.8349
4.1648,1.0815
4.5638,-0.98538
3.3282,1.5482
4.0369,2.4836
-2.8652,-6.1791
4.5826,-0.16984
5.0306,-5.1883
3.9525,-3.4705
2.4582,3.5224
-4.0685,-3.7416
4.2823,-2.3103
-6.5805,-2.5925
3.439,-3.7298
-3.4421,-4.0853
4.9079,0.85008
5.9008,3.6256
4.7455,3.7346
4.0694,3.7082
5.6004,3.5569
-3.4178,-5.1921
-1.4325,-6.9323
-3.9046,-2.841
2.892,1.4713
2.8622,1.0304
-6.3044,-2.4791
3.2816,-3.7094
-1.8408,-5.1254
3.3811,-0.55191
3.2123,3.7238
2.3937,-3.8051
4.6732,-2.0684
-4.8011,-3.7281
4.6721,2.137
4.4889,3.5996
4.6569,4.6576
-3.5108,-2.4706
-2.0529,-4.1126
4.4983,3.0501
-1.0279,-6.54
3.8747,-0.86703
4.1761,-1.581
-4.6282,-2.8881
3.0896,-5.9141
2.9075,3.5053
0.69891,-4.0781
6.0269,4.086
4.0662,3.5478
2.8079,1.4491
3.0758,-5.0217
0.7493,-7.5428
2.8773,-3.6327
6.6413,2.7675
4.0662,0.4591
-2.6247,-3.4382
6.0223,-1.5128
5.4285,2.4238
-3.3083,-2.3039
4.3652,2.3894
-0.33418,-6.0099
3.9479,0.42836
4.6525,0.55312
-4.6533,-3.4921
2.3771,-4.133
3.5128,-4.5705
-2.3536,-3.7418
2.289,-5.011
4.7583,1.3479
4.5961,0.77084
0.71456,-5.527
6.3222,0.75211
-4.7818,-2.2642
4.5951,1.5064
-2.7146,-5.9374
-4.7429,-3.9145
3.3627,-3.407
1.0031,-4.738
3.0443,-3.4021
-4.416,-3.1632
-0.54583,-5.3907
-1.3019,-5.8713
4.9931,-1.1906
4.8444,3.308
4.5148,-3.8053
-1.0065,-2.586
-0.40197,-3.8218
3.3552,-2.8493
4.7265,-2.4678
5.6464,2.4574
-0.40379,-5.4763
3.9744,0.97822
-0.066634,-3.6437
2.4042,4.7249
2.2468,-3.5118
-0.75531,-4.934
4.5935,-3.1018
-0.050664,-5.0952
4.2259,-2.1856
5.3501,0.42202
-4.1549,-2.7407
-2.0467,-2.2509
-0.21082,-4.7105
1.5386,-5.9926
1.9518,-4.731
4.815,6.3676
2.1434,-3.4046
-1.2643,-2.6739
3.8064,2.0198
-1.0614,-4.7781
3.4987,1.5899
6.6066,-4.6011
5.7002,-0.77554
5.1612,-0.043386
-4.0664,-2.5561
2.5127,4.1851
-0.25975,-2.2127
4.9055,0.2852
2.4632,-4.552
3.9044,-0.72544
-3.4328,-3.3174
-2.4031,-4.6343
2.857,-3.0498
2.276,4.4679
3.7481,-3.4736
-1.4559,-5.6002
2.1761,-4.1714
3.7568,1.8888
6.0421,-1.8221
2.7626,2.7746
4.1922,-2.5456
6.6956,1.5433
6.0196,1.4867
2.9883,-4.9194
5.2003,3.7293
1.3071,2.3852
-1.6202,-4.4648
4.1221,4.3439
4.7547,-1.9227
-3.2974,-3.3777
3.4417,-2.9492
-4.2306,-4.597
3.4134,-1.729
4.3273,-0.5125
4.6456,-1.5124
3.9547,3.8104
-0.96654,-3.9946
-1.2053,-4.0993
-1.0851,-7.359
-1.1315,-5.9108
3.7598,-0.6692
1.8529,4.022
4.1376,0.12979
-4.341,-5.0907
-1.23,-5.372
6.2776,0.79149
5.7413,-0.81369
4.5316,4.05
3.3989,1.7565
3.5306,-2.6777
3.9443,0.31861
4.1741,1.3594
5.2335,3.5179
4.8684,-4.6617
0.28385,-3.7407
4.306,-1.7913
5.2121,2.8553
4.1047,1.7245
-4.7144,-3.5217
5.9687,-0.67523
3.5775,2.7291
-3.7184,-3.4294
-2.5722,-5.8166
0.49445,-7.2098
2.4121,-3.5187
4.9119,-3.0631
-2.8052,-4.1257
5.1498,2.6174
-3.2767,-4.6096
-1.2891,-6.2276
1.3183,-5.9582
3.5536,-3.9562
-2.2821,-3.9246
-4.3675,-2.5137
3.7123,5.3571
-0.99754,-4.5602
1.7034,-4.1991
3.8358,-3.0165
2.6327,-5.7069
-1.8088,-3.9288
1.5205,-5.5623
-2.3708,-6.2797
3.0106,4.5265
4.6818,-1.1243
5.7998,-1.8166
0.9247,-5.6989
-0.46421,-4.8153
-4.2227,-4.5215
1.9621,-4.5875
0.45859,-5.183
-3.5298,-3.1513
-0.18975,-5.0261
-0.36349,-5.3859
3.3563,3.5136
5.3914,0.54924
3.1599,3.0835
-3.5716,-5.4238
5.4587,-2.108
5.1077,-1.7608
1.2513,4.1102
3.099,3.962
-5.8181,-2.2026
4.6285,2.9278
-2.3137,-3.4456
5.0729,-0.03289
4.0403,5.6527
-0.062506,-4.921
2.3642,5.393
1.4062,3.9728
0.97893,-3.7629
1.4853,5.1985
5.1863,2.6575
5.0756,-1.1018
3.8484,-1.0372
0.56933,-5.3431
2.8727,-3.3969
3.397,-2.8281
1.4726,-4.1562
0.67243,4.5051
5.9102,-0.50411
3.6368,-4.643
5.562,4.6724
6.071,-0.18003
1.9359,-6.0234
0.42438,4.4561
2.0217,2.8608
6.7695,-1.1732
4.7564,3.7731
5.4369,-1.5248
6.6444,-1.0955
4.1267,-0.38587
1.7187,-4.5755
1.8054,-2.8629
-0.53806,-4.3663
6.6083,-0.98144
0.10208,-5.673
-0.41725,-4.93
3.4939,-3.1184
-3.2585,-3.4499
4.6101,-2.6223
1.7971,-4.7239
-0.46586,-2.4189
1.9667,-3.6583
-4.0992,-2.8173
5.264,3.0244
3.97,0.14885
6.1189,-0.17872
2.5754,-3.4149
3.4804,1.6592
5.8006,1.2917
4.3908,2.4958
4.0049,3.9664
2.749,3.567
-0.64514,-3.4912
1.3064,4.4414
-4.2341,-3.6098
6.6871,0.60082
2.3646,-7.3386
1.7013,-4.7193
-1.6368,-3.5789
3.1898,-1.5307
-1.4012,-5.7215
6.1086,-3.9651
-3.1129,-4.1338
4.99,-1.9922
-1.9478,-5.5593
-2.5756,-4.2464
4.9384,-3.0631
1.4839,-2.4811
4.3697,3.4427
1.0784,-4.216
-1.0775,-4.7905
-1.8956,-4.9198
3.294,-2.436
-0.73281,-5.661
5.6675,2.725
2.8198,3.0742
5.3309,2.9879
-3.5628,-2.7885
-0.93662,-4.9528
3.0092,2.5434
4.8896,2.3545
0.89529,-5.398
4.2199,-1.6566
-3.3833,-3.5118
1.4804,-2.6185
6.4344,-2.6544
3.6031,1.2871
5.3768,-1.156
4.8656,-1.6533
2.3913,3.4585
-4.9315,-1.3516
2.6191,-0.43392
-1.2048,-4.9495
-2.1506,-5.0234
6.0339,2.1824
0.15206,-5.0512
5.826,1.415
4.1044,3.9223
4.4107,-1.2131
4.1777,3.8305
2.1456,5.3525
2.5467,-4.0601
4.2953,0.19657
1.4824,3.7702
-5.071,-1.2291
1.4023,-3.5213
-3.9115,-2.5874
-3.9052,-1.0273
4.1006,-2.9782
-4.7829,-2.6654
-2.7172,-3.104
5.6842,-0.52853
-4.3078,-3.9598
2.2386,0.43651
4.3966,4.0262
0.46839,5.1571
5.2593,-1.0489
5.5417,-2.5407
3.3308,1.015
0.23706,-5.8312
-2.5003,-3.2307
5.0931,0.4776
-1.8376,-4.8579
1.7996,-2.8755
3.0635,2.7276
1.1918,-6.0923
-1.3869,-4.0267
2.1455,4.7979
4.1711,3.6721
3.8082,-1.1977
-3.816,-2.8958
-2.8719,-1.3532
4.6681,2.103
4.2409,1.3234
5.4421,3.587
1.3722,-3.5234
4.4636,0.039549
4.9033,0.71994
6.1625,0.52109
5.2327,0.51946
-3.7347,-4.4594
2.079,-6.1131
0.99971,-5.1058
2.6856,-6.3
2.1836,2.7419
1.8555,-3.1574
-2.0827,-2.6392
4.473,2.4496
-0.1265,-4.504
-2.3732,-3.9812
4.387,-0.14697
2.9035,-5.7705
3.4549,-4.0261
-2,-4.039
2.619,2.4018
0.12508,-5.3291
2.0987,-4.0125
6.7547,-2.0241
-0.25963,-4.1427
5.4163,0.29369
4.2284,-1.6977
1.5697,-4.3811
4.3371,-3.4187
6.1927,3.2351
3.5926,3.5964
6.2842,1.802
-3.7374,-0.75827
-4.9533,-3.0563
4.0097,-3.6466
3.6651,4.625
2.657,-2.266
-3.243,-1.5904
-2.2177,-5.2679
-4.0865,-3.2979
-2.2802,-4.1143
3.708,0.41211
4.6641,3.8502
4.4506,-1.8031
3.0052,4.742
-2.2475,-4.837
5.5198,-0.40859
7.0943,-3.4667
5.3573,2.0872
-1.1267,-6.1924
6.7385,2.5732
-2.0259,-6.2968
4.5402,1.2682
2.5817,-3.684
2.7539,-0.50098
-1.4851,-4.3879
3.9386,2.804
4.885,-0.43646
3.6052,1.5421
5.0761,-0.78207
4.7287,-3.5313
4.8282,0.61712
1.5075,-3.3129
-4.5765,-2.7687
4.7122,-2.4001
-2.5379,-6.0946
-2.9722,-4.6799
-4.1859,-1.05
0.78741,-0.06961
4.4991,-0.96481
-1.8146,-5.1648
-0.69337,-4.4933
-3.9509,-1.2443
3.5335,-2.6475
1.2206,-4.1586
4.9082,0.28296
4.5268,-1.4654
3.6521,-4.875
3.031,-5.0019
2.8337,-1.0845
2.4987,-6.7913
0.79226,4.7469
3.8931,1.7123
-4.8528,-2.6653
1.5651,-6.0629
1.5904,2.7094
6.4242,0.42756
2.9828,6.1795
0.77995,-4.1723
-0.7395,-4.3613
2.9191,-4.7321
2.1077,-4.1803
5.9171,1.0934
4.7334,-2.8424
3.2528,-4.6536
-2.7431,-4.6283
2.1207,-4.0769
4.2276,-1.0356
-3.0993,-3.8522
3.8971,-3.4286
7.1938,-0.87649
0.90952,-4.156
-4.7392,-1.8596
4.4988,-2.3402
5.3694,2.0438
3.9713,2.4446
2.0032,3.9706
-5.5816,-2.246
-3.8347,-3.1039
2.1297,-4.5642
4.5797,-1.141
1.4532,-5.313
-4.6675,-2.029
-2.0183,-7.0233
4.1825,2.4636
3.4382,-2.7837
-1.1044,-5.7331
6.2821,-2.5407
-3.3546,-2.6118
1.3619,-5.3048
-3.7868,-2.3105
6.0965,-3.3532
4.4813,-2.247
-3.9634,-2.1737
0.58774,4.0686
5.2286,2.7476
-3.7195,-3.2986
0.17792,-5.3568
3.9841,1.2463
-2.7864,-3.2841
-1.8461,-5.2737
-3.1166,-2.9307
0.73523,-5.2655
-0.52833,-5.0821
2.8257,2.7846
-3.5584,-3.7796
1.2813,-3.0358
6.49,0.67008
-5.9721,-1.9882
1.2634,4.4044
2.5733,5.0847
2.0493,3.7997
4.3841,-4.1687
-2.5876,-3.9224
4.3979,0.15662
1.2797,-4.1108
2.0701,-5.2518
3.8769,3.553
5.032,0.014474
4.5109,-2.2676
4.6993,0.92338
4.911,2.6378
4.7162,1.7545
5.5157,1.2968
3.6183,1.2855
-6.6086,-2.2416
3.613,2.9932
2.4942,-4.1246
3.6703,3.1625
-4.4318,-4.6841
-3.3009,-5.2677
3.3275,2.8176
-1.4507,-2.4133
2.0153,3.0667
-0.37462,-5.4611
-5.2206,-2.1755
3.8427,0.44269
2.4039,2.5739
3.2781,4.0458
-2.0332,-4.6221
2.1719,-4.3269
-3.1684,-5.3542
2.7807,-0.026853
4.8752,2.4022
2.236,3.6125
2.3534,3.8365
5.5812,0.31576
4.8725,1.5742
3.8434,-5.0493
4.296,-2.4182
-4.8724,-2.6477
5.2223,3.4245
-0.43686,-4.4833
5.8687,1.9414
-2.4607,-0.92235
2.0743,-6.0311
4.2684,-1.3712
4.2685,-1.3175
5.2025,-2.6229
4.0029,-1.9997
4.7226,1.9303
-5.7962,-1.5225
-1.1547,-6.883
3.6343,-2.7949
4.2979,2.3774
2.7998,4.5265
-3.4737,-2.0084
4.4854,-3.6658
5.413,-1.5463
2.5999,3.2699
-1.5523,-4.9035
4.2249,-0.47573
-4.5717,-3.1481
1.0674,3.6961
2.0245,-4.3618
2.9137,-5.0824
2.2204,-3.2857
7.2703,-0.52183
3.9247,3.1611
5.3275,0.48748
-2.9158,-3.1921
-1.8065,-3.5428
4.8297,-1.2915
-1.3145,-4.0202
3.2098,-3.8359
2.5225,6.275
3.312,-2.4329
2.9932,5.7357
-0.65215,-4.9432
-4.4646,-1.3581
0.32315,-6.2437
-1.1074,-5.2202
1.1867,-4.5624
4.244,0.9096
0.54168,-5.7465
1.1308,-5.4577
5.4488,-3.8344
3.8108,0.43653
5.2193,2.0014
3.8842,-4.253
5.4687,0.24365
-1.2001,-5.9837
-0.19086,-4.9442
2.0204,-5.831
-0.2156,-4.6279
-0.68129,-3.8345
-3.5806,-4.0622
1.6952,-2.2635
5.665,0.33603
-5.1169,-0.79897
3.764,3.7839
5.1158,1.8022
4.5144,4.6876
-3.4827,-3.8421
2.3713,3.8774
2.6502,-3.8301
1.42,-4.8252
6.7969,-1.5158
0.50506,-5.7842
-4.3655,-4.1126
-2.8442,-2.9296
-4.5252,-2.8563
-2.6456,-4.5688
1.6559,3.9583
2.7061,4.7488
-1.8586,-3.1577
4.5447,-1.9265
5.5956,-3.4644
4.769,-1.0942
-4.18,-4.1975
0.17211,-5.3823
-4.4405,-3.9955
3.441,-5.1073
2.8712,5.1734
-2.6532,-6.4396
4.0025,-0.025005
-3.4919,-3.3263
-3.2343,-4.0506
3.4164,-3.941
4.1028,-2.5573
-1.8237,-1.1383
4.159,-1.547
5.3063,1.7897
3.6195,2.9756
4.5518,4.0138
1.5431,-3.7043
-3.0603,-2.479
-1.9646,-5.2067
-0.074732,-5.426
3.9332,-1.4234
-3.2879,-2.1429
-2.8694,-3.3248
5.0243,-0.44404
2.6197,-1.5181
3.7073,3.0049
5.0501,-0.48368
-1.077,-6.4453
6.0429,-0.78265
2.4898,-3.5968
-0.6809,-5.1916
5.4297,0.11958
2.0759,-1.4914
3.3394,3.6648
0.73153,-3.6338
2.279,-4.1735
5.5569,3.0221
5.3667,2.4419
2.9974,1.2137
1.3985,4.0386
5.9897,1.8632
2.7836,4.1325
0.82284,4.252
-0.88454,-4.365
-3.1695,-4.1014
3.9572,-0.53822
5.5289,0.81764
5.6091,-0.44639
1.3914,-5.0762
5.5852,1.9179
1.5054,-4.8976
4.9902,3.615
-3.6151,-3.357
3.0786,-4.2489
-4.4592,-4.4607
-5.3069,-2.0534
-4.4774,-3.2084
3.714,-3.1485
5.6361,3.4301
3.395,3.7025
3.7133,-1.3786
2.7516,-1.5541
-3.81,-2.0048
-4.1214,-2.2411
-0.92716,-5.3452
6.4607,2.8927
4.8095,-0.6579
-3.4203,-5.6236
1.8135,-3.7074
5.1698,-0.1676
4.1438,-0.68846
1.7439,-5.8686
4.7482,3.5854
-4.0439,-4.6767
0.21098,-5.4547
-2.4138,-3.9798
5.7574,-3.8288
-2.7855,-2.663
-0.49151,-4.1303
4.7068,2.8288
-3.8876,-3.016
0.42518,-6.1049
5.2009,-2.2032
-2.0305,-2.9514
-4.4506,-4.7577
0.67752,-5.5163
1.7584,-2.676
5.178,0.51872
-5.0024,-2.0206
-3.5107,-3.5039
-3.9803,-1.57
-0.21319,-5.0669
4.1376,-0.30092
-1.2056,-6.9977
5.6143,0.73321
1.5615,-5.5215
3.4219,-0.66326
4.7217,-3.4552
-0.54182,-5.1007
-0.095056,-5.5365
3.4572,-3.2012
4.1154,2.6989
3.4629,3.5584
2.4912,2.6699
-3.5227,-2.6774
3.2559,-3.4424
0.58425,-5.1956
-0.033243,4.728
2.7025,1.1622
3.1749,3.8014
5.679,1.5938
3.0864,2.7488
3.7598,2.6415
1.4186,5.3044
5.2943,-0.16077
2.7551,3.7931
-0.1793,-3.5159
-4.808,-3.8884
6.2378,2.107
1.7512,-5.4447
2.6226,-2.6063
4.1883,2.5998
5.9755,2.6555
5.0183,1.9274
-5.7467,-3.7649
5.4425,-3.6217
-1.2774,-3.4677
4.5803,4.0988
4.7739,1.7245
-2.9761,-3.0398
3.3684,-4.2849
-5.5177,-1.8819
5.5456,3.553
-4.2536,-2.6901
5.7446,-1.9723
4.8072,-3.9639
4.9799,0.58321
4.5356,3.0794
-3.1093,-3.7034
4.9948,3.9113
-0.8293,-4.4973
5.803,-2.8454
4.7805,-2.3715
3.535,-5.636
4.3415,-3.4212
0.97221,4.7553
-0.014377,-5.1311
4.0445,2.5408
1.5948,-3.7851
5.8806,-0.95884
3.8786,-3.6997
-0.17242,-4.4339
3.2424,-3.9905
6.2148,-0.070368
2.1115,-3.8474
-3.7469,-2.4569
-5.9675,-3.4786
-2.03,-4.9365
-5.0278,-3.1583
0.012617,-5.1866
3.0746,3.5789
-5.007,-1.8411
3.2347,-2.7821
2.9316,-4.8452
3.1688,5.5298
-1.5049,-6.7253
-0.61472,-5.4541
3.2972,-3.2722
-1.9478,-3.2501
0.1266,-6.0441
1.3512,-5.3095
3.1094,5.5595
4.1092,-1.1394
4.0524,-2.9548
0.41949,-4.7082
4.9095,-3.5858
3.3834,-5.7724
1.3992,-4.1584
5.132,-4.0624
-2.28,-4.5933
2.3278,-2.9733
-2.6262,-5.4372
5.6885,2.0111
-5.2278,-2.8902
5.9128,-0.030279
4.3976,4.3012
2.1433,2.2462
6.2457,1.5691
-2.0224,-2.6824
-3.1935,-1.5243
7.5135,4.0023
-2.2183,-3.5136
2.5336,4.6681
0.71691,4.8772
3.4505,0.45203
-4.4396,-2.6491
3.7448,-4.5894
1.9329,4.4105
-3.0218,-2.7261
-4.404,-1.1709
4.4773,-3.7799
7.0129,-3.4389
1.446,-4.9676
3.9068,2.0816
-0.54978,-5.1455
-4.9983,-2.3452
3.6776,3.288
3.4683,-5.4996
1.1519,-3.9677
1.3381,-4.1595
-5.3726,-2.3858
4.163,0.12093
5.7022,-1.0864
4.1564,-1.4421
4.5453,3.302
4.9578,-2.4
-2.206,-4.4162
6.533,-1.2809
-0.46192,-2.5663
3.7422,-4.2573
-1.4985,-6.1687
1.7827,-4.5619
3.6151,-1.5801
0.59698,-5.219
1.4436,-4.1417
3.0142,-5.9387
0.14274,-3.9424
6.2626,-3.0827
4.0221,2.1206
4.907,-2.0568
-2.9212,-1.9874
-3.3609,-4.0036
5.1946,0.43324
2.6184,3.4785
3.8412,4.2721
-3.9191,-2.5875
-3.4865,-3.4744
-2.6132,-4.0613
-3.0636,-1.6959
6.2759,-2.9332
3.6651,-5.1798
-0.34769,-5.2364
-4.2449,-1.7864
-3.9904,-3.8576
1.0085,4.0002
1.4432,-2.4546
-2.5363,-4.2446
3.5285,3.094
3.8663,3.2295
3.3972,-3.4372
0.13385,2.5832
4.6958,-2.7641
5.5902,2.3747
2.635,-2.9946
0.18359,-3.3573
3.1225,3.3755
-4.2626,-2.2473
1.5276,4.2429
0.11946,-5.3767
3.9531,-1.9863
2.3767,-6.3052
-3.8749,-4.975
3.3162,2.1236
4.2838,3.205
3.0047,3.606
-0.91951,-3.9679
-2.6582,-5.3819
-4.0726,-6.7938
2.9022,1.0017
5.7372,-2.2359
2.0803,-4.8048
1.1265,-3.4567
4.5761,0.61174
-1.1243,-3.9282
4.9893,-1.1721
-7.2307,-2.5404
2.6624,2.2821
-2.0515,-4.1243
-1.5177,-4.6168
4.4694,-2.6718
-0.62771,-4.0931
-1.2719,-4.9459
4.1489,0.42796
-2.1987,-2.9225
-3.7118,-4.0477
-5.0111,0.97192
-3.4654,-3.6227
2.509,-4.3965
2.0304,3.9564
1.4557,3.6287
2.3953,3.9306
-0.71767,-5.0241
2.7078,-4.6006
-1.6504,-5.135
6.1491,2.1272
1.3552,5.4473
3.8984,2.4792
0.17819,-6.3878
4.1445,3.3174
-2.0894,-3.9338
-4.6351,-2.6048
4.0465,-2.7892
-2.4822,-4.2526
2.4456,-4.3076
-2.6082,-3.6928
5.3843,-3.2318
4.143,4.67
4.2155,-3.8254
5.5943,-0.97431
-3.69,-3.7731
-3.1166,-4.3728
1.7602,-5.2666
6.0442,0.89252
3.9607,0.1449
2.9206,-2.309
5.3475,-0.44554
-2.3744,-3.5162
4.5641,-0.87669
4.3011,-0.131
4.6231,-0.50689
-3.7125,-2.9107
4.0693,-0.93147
4.5854,-1.6752
5.0104,0.61343
4.6252,-2.8676
4.6171,2.2949
4.7248,0.60272
3.291,-4.1013
3.9919,-4.9449
4.6759,-3.9505
-4.776,-4.2713
-0.044222,-5.324
-4.871,-1.7559
-1.303,-6.1438
3.0218,-3.4508
4.8265,2.2119
4.5931,2.722
5.1493,1.4963
3.6719,-1.7942
3.5297,-1.8121
-4.3809,-0.63968
-3.3619,-2.2404
1.2132,-6.4687
2.6403,-4.4091
3.004,4.1974
4.6551,-4.8013
-3.8091,-3.5984
4.4146,1.5162
4.3069,2.3794
5.7389,0.34365
1.2202,-5.2039
2.2017,-2.9917
5.093,-2.5854
3.8818,0.0063569
-3.2131,-5.3644
-0.21179,-4.1835
4.6493,3.4901
1.8092,4.0241
1.4831,4.4853
-3.4165,-3.9074
5.4891,-1.1926
4.37,-0.35308
1.8458,-3.9791
3.3481,2.1482
2.4574,5.9088
-0.45209,-4.1591
6.3467,-3.1484
4.3745,1.3803
5.1466,1.3212
0.71357,-5.557
-0.091489,-6.6736
2.4118,-4.5057
4.8826,-4.8096
4.8109,1.8136
2.8738,-5.7687
-0.34239,-5.1854
6.1392,-0.57532
-0.42818,-4.879
3.0319,4.1453
1.9051,-1.8484
3.7341,-0.43893
-5.4296,-4.1256
2.9542,-2.2734
-3.6935,-3.4109
3.6929,-2.8101
6.2252,2.4003
-2.5074,-2.5179
2.9583,-3.6087
4.383,-2.3232
3.6778,-4.9124
5.1566,1.4947
4.2266,-0.16227
6.3476,0.029175
2.4969,-3.3675
-0.75304,-3.8806
-1.6202,-4.0765
1.29,-3.9791
-4.7696,-2.3121
-5.395,-3.3586
1.7645,-3.7108
-0.27087,-6.92
4.9452,-0.82515
-2.1119,-2.4757
2.8542,2.8185
4.1583,-1.0234
4.4899,-1.735
3.6244,4.7745
-4.3519,-2.2887
4.4322,-1.7302
5.6423,-2.4088
-2.4542,-4.9567
5.516,-0.45689
3.4672,-3.5558
1.5422,-3.1734
2.8019,4.284
3.3232,-1.8878
-3.4859,-1.7183
2.0571,-4.072
-4.3817,-3.7707
-3.371,-3.8794
-0.3939,-4.9632
5.0491,-3.6587
-2.1424,-4.1154
0.51826,4.8759
-2.4691,-3.0992
2.3229,5.1392
1.4777,5.4323
3.9558,2.0895
4.8395,-2.2998
1.4807,2.6908
-3.6462,-3.5636
2.2637,-4.1877
4.5859,1.4981
4.9945,0.49657
2.5402,5.8839
4.6478,3.3959
3.4991,-2.5956
4.6372,-0.95417
7.0273,-0.33637
4.6863,-3.2773
6.116,-0.51146
2.9156,-4.4517
-4.4615,-2.1563
1.8795,-3.6599
3.1694,-0.99711
1.8974,-6.0822
6.1198,0.35483
4.55,-0.82382
4.9528,-0.80868
-1.277,-4.5162
6.3081,-0.92993
2.3159,-3.049
-3.3582,-5.7312
3.5274,2.5164
3.7844,2.8532
-3.4904,-4.3867
-6.8001,-1.9429
5.7978,1.5102
3.3284,0.096862
-4.6918,-4.6092
-2.2282,-5.6226
6.114,-1.8823
6.5198,-0.66697
6.3405,0.93492
3.5146,-0.26737
-3.6477,-1.6016
2.174,3.7465
-2.0521,-6.2521
4.6474,-4.8664
2.6087,2.3493
2.7726,-2.4515
-2.082,-6.483
-4.595,-3.6242
4.4282,-4.0588
-5.44,-5.3218
-2.6841,-2.8051
3.4325,-1.0136
4.6326,-1.0529
3.8991,4.1923
-1.0781,-2.8042
3.6607,-5.1121
0.73195,-6.0155
3.2446,-6.2445
2.4587,-1.531
3.4643,-0.12608
3.244,2.9592
2.6217,3.5835
-0.79384,-4.7856
3.4418,-0.7989
3.5063,-4.0635
0.83431,3.2655
1.8636,-4.7058
3.3524,1.949
5.17,1.9058
4.936,0.49722
-1.1948,-5.6897
-2.6745,-3.3219
-3.9095,-2.3033
3.9691,2.743
6.4332,-0.41439
-3.335,-1.0628
3.9611,-1.9117
5.7284,2.7937
-1.0502,-3.1967
5.0312,-0.56753
5.4439,-1.7584
2.1098,3.7298
4.8621,-5.1927
4.2886,-2.4283
4.4149,2.1281
-0.35637,-4.6775
1.441,-4.5601
5.3084,1.5038
5.2255,-2.2993
5.43,1.4315
2.8437,-3.9985
3.8264,2.7887
1.0981,-3.8707
3.1711,4.5557
-2.3725,-2.8313
4.4849,0.21513
3.6739,5.2137
1.2184,-3.9757
1.7451,-3.6161
-1.912,-5.3387
1.2027,-3.6389
-1.2939,-3.0441
0.69488,-5.5098
-4.4233,-3.6871
-0.86225,-2.7907
-0.48904,-4.6612
-1.0443,-7.3301
0.4289,-2.5831
-5.3051,-3.873
-3.5754,-0.58689
4.3007,-0.88075
3.8689,4.1712
-2.7966,-2.7881
0.26873,-5.0418
5.6036,0.045825
3.8575,-3.2984
-3.714,-2.8198
5.2739,3.2093
0.34495,-4.6924
5.0331,2.2756
2.4902,-4.9489
2.6719,-5.4272
4.8867,-4.1614
3.4813,-3.5253
2.9155,-3.5559
-3.6468,-5.4551
0.14958,-4.1586
3.9229,-2.8895
2.0331,-3.6229
-0.23034,-3.5144
-3.2819,-5.7353
-3.7148,-1.2193
-1.5657,-3.4356
3.1123,-2.7167
0.73915,5.0094
2.8141,4.0319
-2.6065,-3.577
-2.4572,-2.0011
1.8098,-4.7574
4.2748,-1.5569
-4.8813,-3.5539
1.8133,5.1164
5.5091,-1.6897
2.5855,6.102
1.4976,-5.7726
2.2281,-4.7679
2.2054,3.5217
1.3313,-4.4789
4.1806,-0.58426
2.0807,2.819
-5.0091,-3.5758
5.3405,5.0855
3.0022,-3.4558
-2.4158,-3.615
2.4985,-6.7196
2.158,3.1838
3.9667,-2.0249
2.9487,-2.8976
-0.8142,-3.7259
-5.1047,-0.10151
4.1781,-1.7025
-2.6801,-2.6486
1.3936,3.8428
2.3815,-1.4002
1.0976,-3.8661
4.8876,-4.7569
3.5053,-4.1594
2.9425,2.2178
3.4345,4.8045
6.0217,-2.5861
-2.3387,-4.652
0.41992,-3.0024
3.6172,-2.3353
3.6501,3.3545
3.7535,3.4261
-5.4615,-3.5639
-2.3814,-1.9272
5.349,-0.50088
-0.7082,-3.7535
4.1671,-4.5818
-2.0485,-5.4602
-4.3701,-4.3379
2.7459,5.0824
3.7294,-1.6
4.5184,-4.1022
4.2114,3.0635
6.1531,-0.72218
-2.6751,-3.6629
2.5083,4.7545
4.8652,4.3327
5.8221,0.85717
2.5378,-6.0261
5.8502,0.33385
-1.3165,-3.5274
3.5294,0.253
-0.60429,-5.7883
5.7952,0.61914
1.578,-7.3205
2.9014,2.6128
-4.6573,-4.4062
5.0206,-3.0166
5.6047,-2.0908
5.215,2.2136
2.6759,-4.9745
4.966,-3.0458
3.4315,3.8842
-2.6395,-3.8718
-6.1061,-4.4185
-2.502,-5.4074
5.4437,-2.3193
-0.72718,-4.3741
-4.8653,-5.1368
-0.19458,-5.4622
0.74162,4.2664
4.052,3.2734
4.2866,-0.0061944
-2.2906,-6.0201
1.2215,-3.4096
3.0393,-3.8971
0.73983,5.5236
3.0339,3.688
-3.4652,-3.1097
2.2993,-4.7016
4.5606,-3.3368
5.2678,3.4029
-4.3131,-3.8167
4.5293,-0.43766
2.6985,-3.5757
-3.0906,-4.0796
-1.9165,-5.2294
3.8934,-3.3572
-0.35138,-6.6244
-5.062,-1.2423
-0.38154,-6.068
5.2921,1.5223
-0.53174,-5.4198
2.0449,-3.7493
-5.4378,-1.94
3.9842,-1.2407
1.3119,-3.635
6.3564,-0.85268
2.1849,3.1443
1.2072,3.55
2.7934,3.164
-4.0231,-3.0377
1.039,-6.5683
-1.9879,-5.0155
-2.8642,-2.6019
-2.3107,-3.0497
-2.8787,-3.2098
1.0407,4.7576
5.2855,2.7289
0.95668,-5.636
-2.5829,-3.6311
3.8707,-1.7008
3.5163,2.3138
1.855,-3.5688
1.9374,4.1357
2.9608,3.5809
-3.0338,-4.2186
5.5674,-1.5115
-0.62296,-4.4091
4.8261,1.6059
1.6091,-3.0468
-3.2846,-2.6662
1.8179,-5.385
-4.8586,-2.6501
-3.9132,-1.3547
4.1053,3.5934
0.57667,4.4018
-4.2999,-2.4979
4.2116,2.9803
3.8332,3.206
0.31111,-3.8922
4.7661,1.1282
5.0262,1.3101
4.042,-2.833
-4.556,-3.0712
0.25709,-4.6508
0.59245,-4.8564
3.0208,5.8743
3.8377,-1.5624
-3.2042,-4.213
-3.6558,-2.2302
-2.5435,-4.2082
0.8338,-5.0426
4.5202,2.6732
4.0184,2.8897
-1.0182,-5.655
-5.5038,-2.7863
0.26149,-6.5509
3.8364,-3.7856
4.2615,-5.1468
5.5305,1.2578
-4.1185,-4.604
-2.1706,-3.8509
2.5274,-2.952
3.6118,-1.1552
4.8431,-4.8196
4.8317,-0.13045
-3.3021,-2.5304
5.1238,-1.1761
-4.2522,-4.2032
4.1864,4.1733
-2.708,-5.2425
3.764,-2.205
-0.22278,-5.1594
5.2694,0.19741
-3.3947,-2.1499
5.3085,2.4318
5.8506,-1.2422
3.7088,0.33981
4.0057,3.4918
-0.027777,-5.4405
-2.001,-5.8244
0.19068,-4.173
5.6545,-1.2622
4.2904,2.4985
4.9612,3.364
-3.7875,-2.988
4.2007,-5.4732
2.7487,4.4792
3.3368,1.0897
2.6841,1.4387
7.0207,0.41687
-2.4538,-5.4868
3.9999,-3.4776
4.8122,2.5627
3.1067,2.7126
3.1399,4.5543
-3.1199,-2.4025
-3.9494,-1.6342
-4.4803,-1.9237
7.0163,-3.3916
-4.8035,-3.1228
4.5279,-3.2438
4.588,-3.2641
4.0604,2.1849
6.3511,4.2715
0.86079,-4.1579
4.8668,0.29287
6.1559,-2.382
6.3925,1.9734
0.44979,4.1977
-0.75388,-4.9772
5.2479,-1.3757
2.7276,3.4703
-0.85312,-5.251
3.4285,1.8226
-1.1466,-4.8869
3.7126,0.72091
4.349,0.73026
2.7719,2.5587
5.9328,-1.3561
-0.81304,-4.9332
-3.1583,-3.546
-1.4234,-5.2719
5.6196,1.0507
1.6311,-3.0655
-4.5847,-4.4311
2.2213,-2.8103
6.9354,0.46325
0.9217,-4.4104
0.95629,-4.6957
6.838,-1.4176
3.9436,2.2445
4.2963,0.31835
2.4523,-4.6155
1.4683,-4.9432
6.0439,-0.46602
2.9774,3.1699
3.8225,-4.1865
5.0783,3.9139
3.6558,-2.9878
-5.9063,-3.4594
1.1321,-4.6027
4.5149,1.0761
-3.7333,-3.8979
3.4576,3.3351
4.4271,-1.2463
-0.6286,-5.5558
4.8346,1.8446
-3.166,-4.8227
4.2159,-0.19975
2.06,-2.0934
-0.36006,-5.6624
-2.5848,-3.6962
2.0395,-4.2728
4.8975,0.75125
-0.037185,-5.1636
4.2883,-2.9272
5.5367,0.74793
4.8313,4.6163
2.3207,5.3796
-3.7008,-4.287
-3.642,-3.8894
4.6089,-2.5577
0.13572,-6.5005
0.18284,-5.649
2.1663,4.2487
5.6933,2.0923
-4.2156,-3.917
-3.5195,-2.5131
4.6045,-2.1723
5.5406,1.9124
3.3667,-5.3898
-0.74246,-4.5587
2.5529,5.2052
-2.6713,-5.1586
1.907,-2.657
-4.0233,-2.1515
3.6234,3.9282
-1.8838,-3.3297
-5.3553,-2.8485
5.3947,5.0189
4.5243,-2.203
5.8117,-1.8909
-3.1464,-4.2922
-5.1884,-3.7823
0.085878,-4.2322
1.1019,-4.9526
2.0597,-6.4134
4.7522,-0.52789
0.36198,-3.6121
4.0398,3.4142
0.14935,-4.3083
3.5663,2.0551
-4.5887,-3.097
0.058161,-3.6195
-1.1691,-3.0859
5.2938,1.8909
-4.9393,-1.5352
5.0713,1.5392
4.4583,0.419
3.9775,-2.3764
-2.3834,-6.9065
-4.1572,-2.6948
5.9182,-3.3451
5.468,-2.6363
-1.5854,-4.3415
4.517,0.19337
-2.0244,-3.9263
-1.4986,-5.7218
-7.2875,-2.1794
3.644,2.1082
3.769,2.8331
6.3984,-1.1372
-1.8676,-3.7274
3.1101,-1.511
0.30429,-3.4521
4.2404,-1.9057
3.4677,-2.4973
2.1472,-1.7028
0.15283,-4.8274
1.4085,3.0325
-0.9833,-4.362
6.9749,-1.8777
0.23718,-4.3096
-3.5131,-2.5595
2.7923,-4.1673
-0.36527,-3.3707
4.2803,-2.7042
-2.016,-4.9496
3.1076,-5.0438
3.7444,-3.3842
3.8408,-2.078
-0.68498,-6.0624
2.4013,2.1254
3.3827,4.0645
-2.7034,-4.7864
1.0873,-5.2472
2.2035,-4.4079
4.344,-1.2405
2.9455,-2.3868
4.7434,2.4795
4.0265,4.268
-0.74068,-6.8169
1.7487,3.3843
2.4592,-3.6474
0.82053,4.2358
3.5084,-1.5538
5.7575,0.5152
0.024649,-4.4292
3.3814,-3.9701
4.7845,-6.4463
4.6437,2.6238
3.02,3.0718
2.5549,3.1657
-5.4819,-3.1499
-0.67317,-5.0118
2.1623,-4.3499
5.011,0.92485
3.8636,3.7238
-2.6821,-2.9589
1.7784,-3.6667
2.4723,3.5951
-5.166,-3.0058
2.5003,4.5122
0.52049,-5.6669
-1.2153,-4.797
2.7933,-4.0913
4.0888,-1.2031
-0.3344,-2.4824
4.5656,-2.0015
3.3009,-4.0622
3.9671,3.0833
-2.2343,-6.8483
3.543,3.5406
4.5679,0.4395
-4.2246,-4.4067
-2.0276,-4.4346
-3.3046,-5.6342
4.3635,2.9522
-0.55536,-3.6394
4.3843,2.5383
-0.76114,-3.8798
0.18848,-4.8646
0.72245,-4.0397
-0.99932,-5.0743
3.5838,2.672
2.8418,-3.9396
-2.5363,-4.3313
2.3708,-4.6093
1.3926,-5.2178
5.5074,0.62457
-5.2286,-0.43961
4.3816,-4.3797
-3.8029,-3.6274
3.3416,3.7922
5.2574,2.0949
4.4058,-3.2087
0.85038,-6.1253
4.8704,-0.58689
1.2302,-1.9425
5.9413,-1.299
-2.2916,-4.1437
2.3727,-4.4602
1.4825,-5.9819
5.2064,1.4398
2.8166,3.7071
2.6539,4.0284
-4.4964,-3.3168
-1.7798,-5.3845
-1.3554,-5.1378
2.3408,-2.3991
1.7446,2.0181
5.6046,4.2087
5.3168,1.7238
3.882,3.479
-1.7825,-4.9242
5.4888,2.9859
1.9091,-2.5491
3.9676,-3.5754
3.7969,0.87172
-1.4592,-3.1727
1.3094,-5.4884
3.497,1.8665
3.5813,-3.1117
0.8008,-5.34
4.7557,0.04575
1.6086,-5.4614
-4.4605,-4.262
2.5606,-3.8632
1.0935,-4.6838
-6.1637,-2.7684
-2.1596,-2.6614
1.5764,-2.3309
-3.0561,-2.3386
5.3622,1.3394
2.1494,-3.3779
1.2782,-3.2934
-2.3827,-3.0276
3.037,-1.8489
4.4528,3.9285
2.9101,-5.821
3.7411,5.0319
5.7536,-1.1894
-0.068226,-5.4116
3.7947,3.2877
-1.1931,-3.485
3.4435,4.0843
-1.3772,-4.1365
-2.4581,-2.7287
5.4314,0.91712
1.3795,-5.2144
-6.3515,-2.0137
4.6246,4.9982
3.4379,2.6678
6.3516,0.2157
3.7629,-3.258
1.4705,-5.6846
0.22772,-5.4601
3.6738,-2.3927
0.89826,-3.9114
2.1184,4.5337
3.9359,2.0105
-1.5525,-6.6284
6.6973,-0.94088
-3.015,-5.0412
-3.0171,-4.1099
3.1282,3.8135
2.8684,-4.6576
-0.14155,-5.1716
1.5021,-4.3334
6.1311,0.30783
-2.0923,-3.5323
-3.8785,-3.7439
3.4203,-3.3162
0.24052,-4.8248
-2.344,-5.9403
6.0089,1.368
1.7727,4.5251
3.0496,-5.72
1.5316,6.1847
1.7499,4.9279
3.9038,1.9999
-1.9056,-2.8483
5.3227,-3.4756
5.4144,2.281
3.4799,-0.84022
5.108,2.8179
-0.76349,-2.8511
5.6711,-1.4117
5.1692,0.077097
-0.18333,-5.0243
1.3377,-5.1059
-1.5142,-6.4868
5.6641,-0.024211
3.0022,2.6559
1.9862,-3.8642
2.436,-2.2149
5.7786,-2.547
5.4451,0.01721
-3.0891,-1.6514
4.561,1.0463
3.0504,-2.9111
5.499,-2.2932
6.0236,0.11928
2.3297,3.5247
1.1527,-6.205
-4.9672,-4.5758
5.6709,-1.5875
-3.4112,-5.2877
-4.8168,-1.674
3.1135,-1.2284
4.7422,1.0231
4.5256,3.3887
5.3493,-0.69928
-2.1423,-4.5345
2.8612,-3.554
-1.3424,-4.462
3.1767,5.1148
0.38866,-5.2827
2.085,-2.8876
4.2477,1.2111
2.1146,5.1383
5.4227,-0.09841
-3.4202,-3.2595
-3.1727,-3.3969
-5.0994,-1.8568
2.9717,4.0306
-1.3743,-4.0186
3.229,2.3804
0.78627,-5.6216
-2.2638,-3.9173
-1.9174,-3.7773
1.7541,-4.5526
3.5554,0.085531
-2.6115,-6.2722
3.0072,6.1002
5.4493,-0.26388
2.2059,4.3702
5.3742,-2.6195
1.6018,4.5931
-2.5083,-4.2507
4.077,0.077513
-2.3359,-5.6011
3.4453,3.506
4.9706,3.0089
4.622,3.7542
-2.0582,-4.3294
-0.17585,-4.3197
-3.7801,-2.0641
-3.4698,-2.5834
-1.2684,-3.9565
-3.1836,-1.3528
-2.5937,-4.3875
5.1437,1.8902
0.34473,4.9934
-2.2928,-5.2076
4.0264,-3.4968
4.6512,-0.43167
-3.5665,-3.2436
1.3264,3.5289
4.3466,-1.8297
5.1631,1.9906
3.0659,3.7906
-0.79652,-4.8354
-3.759,-3.9808
5.8143,-2.1895
5.5623,0.050144
-5.9178,-3.0628
0.196,-5.2013
-2.6818,-5.0509
-4.2962,-2.3405
-5.1518,-2.1366
-4.4394,-3.3408
5.0821,-2.8341
0.31154,-5.654
-2.6381,-7.3802
1.49,-4.605
0.43232,-4.3078
4.0344,-2.119
4.0485,-1.854
-1.8363,-5.5635
1.7532,2.8803
-2.7418,-4.1989
0.037737,-3.6658
0.72109,-4.3083
-0.58727,-5.5425
5.6285,-1.2599
4.0115,2.6487
2.3244,-5.1731
-3.7517,-4.2496
-3.3914,-4.2053
5.2145,-1.4207
6.1121,1.0415
-1.5979,-5.7738
-0.70042,-3.8645
-1.5209,-4.8996
-3.0014,-3.149
4.7153,0.042453
-0.18418,-4.1545
2.0189,-5.1804
3.6012,5.2429
4.8415,1.0722
4.2391,0.65937
5.0748,0.049069
4.9605,-1.9055
4.8256,2.6476
3.9698,-3.9471
0.49065,-3.175
3.4663,4.2581
4.6726,-0.70302
-2.5407,-1.5377
-2.2405,-4.3749
4.1332,4.2523
-2.8482,-2.9034
5.6479,1.1164
2.6409,-1.6372
2.71,2.6156
4.8655,1.0879
-2.3731,-3.468
1.7828,3.1898
4.4006,-1.9275
3.12,-4.0653
4.0496,1.6621
-0.18955,-5.9197
4.3136,-5.4719
5.7199,-4.5343
4.0944,0.96192
4.5316,-2.6152
-3.6043,-5.2522
3.0412,4.442
1.8705,-4.4753
3.6192,4.2194
5.8404,-4.6024
-3.93,-3.0699
-4.0668,-4.0017
1.198,5.7416
-0.35471,-3.9136
3.1077,3.4078
2.7888,-4.187
-5.3207,-2.9332
1.4754,4.7382
-1.3985,-3.3722
-2.272,-4.7588
4.5652,1.6265
-4.3477,-3.0778
0.54596,-5.2772
-3.5073,-1.541
0.97473,-5.1967
2.6582,-3.8221
-2.1334,-5.5312
3.556,3.7475
0.61565,2.6757
5.2654,0.78725
2.6592,-2.2344
3.4428,1.327
2.62,-5.2008
1.5455,-3.7086
-2.0279,-5.1355
-1.9722,-3.4813
3.8713,-2.3686
4.6288,-2.5077
4.7728,-3.0768
5.8784,0.64485
3.5095,-2.4966
-4.7218,-1.349
3.9157,-2.6637
3.5251,-5.3194
2.6069,3.1656
4.9606,1.9779
-3.8833,-2.3544
4.9085,-0.97756
4.4371,2.5358
3.7057,-0.99772
3.9212,1.2146
2.5287,0.036769
2.4227,-4.4749
-3.4125,-2.7927
-4.304,-4.0164
2.3496,2.7894
-1.4136,-1.1071
4.7405,1.7319
-6.1528,-1.2953
6.2065,-0.10035
5.2253,2.9667
-2.8569,-1.9128
-0.79726,-4.4371
-6.2118,-4.1374
-0.61629,-3.5162
-0.84521,-3.0081
-2.9916,-5.523
4.3171,-2.392
4.0777,3.6023
-0.71095,-4.8284
0.28649,-6.4639
5.9189,-2.0273
-4.9295,-3.646
-5.4782,-3.5298
1.7396,3.9048
4.4134,-1.447
3.2685,3.8453
-0.46064,-5.4705
3.3214,-1.3482
0.41126,-4.2184
4.1194,-0.70722
-6.0313,-2.2558
2.0204,-4.7587
0.54128,-5.1472
-3.9004,-4.6579
5.0214,-0.60428
1.7189,5.1757
-3.3699,-2.5428
0.37034,-4.563
-2.8523,-5.2218
0.54804,-5.5357
-0.4651,-5.0951
-4.0592,-3.4328
1.8638,-4.1723
4.9911,-1.2947
-5.1431,-1.6969
4.7499,1.1452
5.8526,0.010656
-4.6761,-3.268
-1.8465,-4.3406
4.7095,1.6497
-1.3303,-6.7158
3.4809,-5.1861
-3.4106,-3.217
4.0468,-4.0382
4.5512,-2.7341
1.1373,-3.658
-3.7931,-4.5896
4.5974,0.78333
2.9795,1.4844
-0.058618,-6.2109
-0.14027,-4.436
2.627,4.7769
4.7613,-0.32655
3.0146,3.8965
3.9471,-0.14953
3.585,-1.9771
4.6904,5.6877
0.69383,3.7431
4.5185,-2.1099
4.0824,-1.8996
5.5234,2.8407
3.343,-3.1928
2.1083,4.213
-3.4169,-3.3185
3.4977,1.7604
5.5248,-0.20314
-1.6975,-5.0151
4.1736,-3.8348
6.0151,-0.78116
-1.2246,-5.3251
-3.6986,-2.0921
3.3773,1.8985
1.8313,4.083
5.7298,-1.577
0.36935,3.9394
3.4628,1.6179
3.2011,4.0244
4.0437,0.30771
6.0786,0.96295
1.6863,-5.5655
5.1888,-1.699
-0.98647,-4.6758
-3.9633,-4.315
-3.4281,-6.3238
4.4683,3.4811
-2.3375,-5.3627
4.1171,0.68704
-0.91049,-3.6703
-0.65466,-4.882
3.7054,-1.5594
-3.4863,-2.7587
-2.1211,-3.2986
0.84156,-4.5575
4.9098,0.67207
3.459,-4.8085
-4.7098,-1.6457
4.2158,-1.3763
5.465,-1.4294
2.9618,4.6102
-3.7187,-5.0695
1.1743,-1.8788
-0.58049,-3.883
0.73542,-4.536
1.3752,-5.1299
5.2088,3.5585
-4.5651,-4.1235
-1.017,-3.4187
0.28521,-5.1478
0.29291,-5.0697
-3.1132,-3.2247
-2.6192,-3.7108
-1.5076,-5.3083
5.6579,-0.9153
-4.5114,-1.9311
2.6157,-5.0112
5.1954,-1.4635
6.3352,3.0965
5.6018,0.74728
5.5761,1.9509
-3.1202,-2.9615
-4.3088,-3.8848
-5.575,-1.0293
-3.1082,-3.1096
-2.2567,-4.5873
3.4697,1.5829
4.0143,4.0422
0.965,-3.6835
-1.1507,-4.6998
3.4737,3.6061
3.4151,1.6803
3.0589,3.9391
4.9218,0.93832
5.1203,0.75129
-3.3951,-3.8129
5.0292,-2.0158
2.3064,5.6432
-0.039131,-3.3368
-2.5008,-6.639
2.8856,4.1529
2.9499,4.1752
7.2397,-2.9374
3.8187,-2.3653
5.3333,-3.2339
4.4369,-2.9333
4.1289,-2.8686
3.558,-3.6419
3.526,-2.0821
3.5429,-4.8573
-2.8546,-4.4525
4.2174,2.3953
4.1567,-2.2731
3.1672,-4.6131
5.1178,0.96285
4.015,-2.5691
5.166,1.605
2.8688,-4.4119
2.7913,3.682
-3.4554,-4.7392
4.6004,1.772
3.3465,-0.013471
4.4655,-2.6435
6.3662,-0.45518
-1.1561,-4.1267
5.1628,-0.79668
3.9105,3.4362
0.17525,-4.0024
3.8641,-0.52394
2.1201,-3.9988
3.2503,4.8211
2.2875,-4.1274
4.1641,-2.7557
4.0794,-0.18326
4.7712,-0.1913
-4.6595,-1.3354
4.4481,-2.4797
2.1159,5.325
-3.8371,-4.7665
4.7472,-4.5458
1.3354,3.6686
0.45916,-2.4204
4.4925,-2.7502
1.4413,-2.9799
0.24418,-2.9046
3.9139,-2.1531
2.0167,5.0024
-0.82048,-2.6452
-2.464,-4.4316
5.4756,-1.4665
2.5669,3.7578
-4.0207,-3.2354
-4.4126,-4.7138
-2.5602,-4.6637
5.4556,-1.0664
-3.396,-4.4037
-1.7139,-2.7713
1.5843,-5.7377
3.6162,-4.4287
3.2047,3.8123
4.5665,0.19537
5.7977,0.18039
-2.3989,-6.4963
-0.054206,-5.3132
0.77857,-5.1503
4.2575,1.3748
-3.4238,-3.2952
5.1265,-2.6348
2.9626,-3.9101
-2.8358,-4.3833
0.079517,-3.8538
1.6056,3.7369
4.9724,-3.5234
-2.1822,-3.525
1.6805,4.2692
3.069,4.1653
2.1832,2.9144
1.7302,-3.8551
1.7841,4.9922
4.9,-1.9054
6.9014,-0.30115
0.012343,-4.5339
5.2355,-1.1335
5.9676,0.1503
-0.50362,-4.7303
0.60532,-3.1986
4.8281,2.2758
3.9219,-2.0352
6.0015,1.0498
6.3662,0.56085
-3.4105,-4.6473
5.6765,-3.5496
-0.47525,-5.9716
3.4619,-2.0007
-3.9515,-1.6519
4.9298,-0.13077
4.2946,-2.2385
-1.94,-4.614
-3.3084,-4.9781
2.8121,4.362
-2.4475,-2.889
-1.014,-5.5574
2.2619,-3.6619
3.3989,-1.8787
2.0453,-4.4038
4.5086,-1.8053
-0.56363,-4.5126
2.0393,4.1837
3.619,-2.0104
-1.1119,-5.6053
0.86897,-5.3974
0.95409,4.242
3.293,5.9112
4.973,-3.1213
6.4601,3.5125
5.4439,-0.44438
3.6972,-3.1466
2.6743,3.4638
5.2019,-0.56076
5.9514,0.044411
4.8087,-1.5342
-5.4598,-2.4174
2.8283,-4.4789
5.1047,2.335
5.0044,0.83129
-1.4976,-5.2425
2.0087,-7.0612
-0.70402,-4.1068
2.8687,-6.7696
3.6908,1.5508
-3.2163,-4.5923
2.1417,4.4238
5.2577,-2.1172
3.5011,-3.4864
-2.8159,-4.6375
3.0807,-2.9962
3.4566,0.40474
1.9019,-5.4005
-0.61928,-5.2444
4.9376,0.01278
4.0683,-1.1654
1.6873,-6.1042
-1.1554,-4.8606
3.4348,-4.2983
-1.6438,-5.1085
2.4878,3.7557
3.176,1.909
2.8751,4.5958
4.4108,3.7365
-3.4343,-3.9455
3.5526,-3.9232
3.7022,4.452
-4.9162,-3.4997
3.3773,-5.1605
-2.9181,-4.385
4.695,-1.7769
3.3688,0.79171
-0.67695,-3.4024
3.875,-4.5573
4.7707,-1.9695
2.354,3.2483
3.1878,1.3194
-3.3037,-4.4483
2.4317,-3.8025
3.9461,-2.2292
3.2137,4.0475
2.3928,-3.3652
3.5843,2.3023
3.5563,-3.4136
6.0106,2.7276
3.754,-4.0664
4.4208,0.013176
4.7767,3.3604
3.1855,5.3081
3.9713,1.7077
-2.4336,-5.2733
0.3009,-5.4761
0.69154,3.964
-3.2233,-5.2788
6.1435,0.20866
-3.8318,-4.2675
-3.1546,-2.2565
6.4011,-0.69214
5.7707,-1.2879
5.4418,3.7918
4.1865,-0.91678
6.6323,0.46232
-2.7359,-4.3457
5.1034,-0.048307
-3.6571,-4.6417
4.7401,1.0713
4.593,-1.8628
5.3831,-3.1035
1.0225,-3.8539
2.9364,-3.6388
1.6609,4.4382
3.9977,-2.2391
1.979,-4.0309
2.5108,4.69
3.107,2.003
-2.2872,-4.9865
-0.73225,-6.6516
-3.7036,-4.6898
2.7215,4.6572
0.97399,3.7266
4.4935,-3.1494
3.9494,1.8465
2.9353,-2.6288
-4.6657,-4.9521
-0.94416,-2.7393
-2.3672,-2.6912
4.0836,-4.0892
3.63,-4.2979
0.23095,-5.3166
0.27,-3.8102
4.3694,0.8697
1.0494,-5.8499
6.2481,0.83016
4.3526,1.782
-1.3483,-4.8803
2.7372,-3.4915
0.98576,4.3032
-3.4847,-3.0365
-3.2883,-5.7762
-5.0242,-2.5423
3.5712,-5.5028
4.1806,-1.7715
2.2854,3.6814
-0.54331,-6.0427
-1.3058,-4.3063
0.16691,-3.1709
4.2846,-0.38026
3.4389,-2.9576
1.6256,-3.9402
2.2659,-3.5111
4.8242,2.8086
1.3102,-4.9489
-0.28625,-4.9151
-2.6733,-4.05
6.0758,-0.71347
-1.0324,-3.4847
4.403,0.1505
4.9022,-0.84595
5.4472,1.2115
-1.4946,-3.9005
5.1465,-1.7769
6.7515,-1.2794
0.47697,-4.1046
3.7666,3.6089
5.0626,2.7609
3.6918,-2.9391
5.974,0.49766
-1.7834,-4.9989
1.5452,-6.5756
-2.6364,-4.6894
4.3194,1.7495
5.4072,-2.7292
-0.12021,-4.6238
3.443,2.6936
5.0608,-1.3488
4.3034,-3.1892
0.84857,-3.3955
-3.9336,-5.225
2.3558,1.7448
3.1716,4.3445
2.9287,-5.7775
4.4265,1.9566
2.0122,-6.7443
0.32422,-5.8241
4.493,-1.9531
1.152,-6.0963
-2.482,-4.2022
-1.3595,-3.0602
-1.538,-3.3806
3.5576,0.35377
7.487,2.3423
4.8498,1.6886
2.9758,-3.0074
-2.3623,-6.498
3.3242,2.3877
6.2915,-3.6401
1.2557,-7.1117
-1.7905,-4.3074
3.3753,-3.3109
0.50246,4.4934
5.1549,-2.4037
-2.1378,-6.7043
-5.5557,-0.86822
-3.2543,-5.0617
2.6142,4.4555
-1.9905,-4.2826
-2.495,-4.7727
-1.8708,-4.1571
4.5581,2.0134
4.0005,0.014587
1.389,-5.3992
-4.7753,-3.5368
4.2916,-3.264
3.6585,-4.4623
-4.9919,-1.9775
-2.4066,-5.1891
-5.6838,-2.0716
5.0303,2.3027
1.9937,4.9357
4.85,2.7601
0.15419,-5.1584
-0.56058,-5.2998
1.6979,-6.5284
4.6509,-0.81366
0.94914,-5.4084
2.999,4.6211
-3.142,-3.3385
2.5696,2.9702
-4.5946,-3.9583
6.5655,-1.0704
3.5483,2.7935
3.831,1.1167
-3.387,-2.6187
-1.9462,-4.8548
6.166,0.34502
4.991,2.6218
-2.95,-4.3083
-2.0192,-5.2453
-0.77675,-5.2483
3.9242,0.75172
5.7953,0.72746
-1.1632,-4.9195
5.1762,3.1407
2.7488,-2.0937
0.11127,-5.6064
4.0886,1.8844
5.1057,-1.2366
-1.7727,-3.6997
-2.0451,-2.1057
4.188,2.089
-0.49018,-5.2607
3.2458,-3.915
4.7842,2.1078
-0.048439,-5.564
5.6001,0.66788
0.38993,-4.7012
4.4564,2.0567
4.187,-3.5931
-1.1038,-4.1201
2.1834,-4.0355
4.3881,0.76825
0.091571,-6.2266
4.9965,-0.15543
3.5857,3.1888
-0.60519,-3.7385
-4.1561,-3.0757
-2.7104,-3.8629
2.5716,2.7744
-1.8383,-5.5739
0.17448,-4.9749
5.0173,-3.2186
4.7388,-2.7934
6.7336,-2.1351
-3.636,-3.5891
4.987,0.054417
3.8743,-1.2122
4.2999,-4.1624
0.20167,-5.9585
4.3383,-4.3007
-2.5224,-3.8893
-5.2543,-2.1579
-1.0471,-5.0758
-1.0565,-4.5493
2.5033,1.8625
3.4118,3.766
-2.8212,-5.4321
4.9469,-1.9299
-4.0813,-4.377
3.4005,-6.7345
2.872,4.8699
5.3345,-0.1176
2.6526,2.8017
5.6556,-1.8797
-3.7557,-4.7506
4.6619,3.5959
-5.0084,-0.93295
-3.8886,-1.9895
2.4851,0.2462
1.911,3.584
4.7497,-3.3195
2.4551,-5.452
0.63309,-4.4644
5.4362,-1.0147
1.7548,1.5274
-2.9874,-2.2869
-2.4674,-4.1865
6.5969,-0.55574
-0.74148,-5.0999
5.2751,-3.0956
3.7613,-4.3598
2.1662,-6.6636
5.603,1.6208
4.6981,5.5136
2.6549,-4.5989
1.4324,-4.1408
3.4154,2.4436
-2.264,-3.7657
3.2209,4.3848
-2.0614,-2.4102
4.2019,-2.8284
6.3975,0.57348
0.75828,-3.7459
3.9523,0.73701
3.7293,-3.5463
5.7974,2.2507
3.2213,5.2313
-3.3293,-4.2653
2.4118,3.889
4.1339,-5.7201
1.8286,-4.1838
0.34125,3.0514
3.1753,2.8503
3.108,4.5921
-1.6537,-5.4675
0.89739,-4.6577
5.8567,-0.1829
-0.20611,-4.7617
4.5414,3.0548
-1.521,-5.6045
2.8858,-1.9405
3.8818,2.3008
4.3165,2.6646
4.5656,3.4798
1.1299,-6.6348
5.565,1.7421
3.1191,-4.2119
-3.0823,-2.771
5.1023,-0.40441
4.8142,0.75812
-2.6909,-4.3853
5.6078,3.1882
1.6877,-4.8772
1.7263,-3.2321
1.9547,-3.46
6.2952,-2.3372
4.6287,2.7059
3.4518,2.4487
-3.9554,-2.5514
4.1047,-4.4607
4.2967,1.796
-2.6656,-5.1955
0.2405,-5.917
4.2735,2.7716
4.1637,1.4953
-0.025306,-5.718
0.91285,-3.3283
1.146,-5.3879
4.4248,1.6974
-2.2177,-4.9903
1.3006,-3.3837
-2.6161,-0.99605
1.3011,-6.043
4.1003,0.44592
4.2561,6.5026
0.71593,3.9569
-0.83322,-6.8033
5.6825,1.4612
5.8651,1.9445
2.0806,2.1199
0.012476,-4.4198
-1.0737,-3.727
5.7502,0.33838
-1.1134,-6.6673
5.0387,-1.7426
6.7525,0.57163
6.3562,0.060926
3.3591,4.9414
3.3929,2.7707
5.1654,-2.722
5.4382,-2.6337
4.5299,-3.2536
1.7368,-5.0677
1.2564,-5.0342
0.66546,-5.8997
4.516,-0.33757
-1.6502,-4.8882
0.4388,-4.9573
1.9741,-2.7602
-2.8122,-5.2589
-5.4495,-1.9661
-3.6705,-3.8947
5.9525,-1.1372
1.0158,-5.8723
-2.1497,-5.2775
1.3457,-6.1502
-4.6195,-3.9927
4.0711,-3.8239
4.8976,0.81375
-0.1741,-4.6969
-5.5372,-2.6984
5.328,1.5187
5.2078,-2.5711
4.0664,3.5311
4.7622,0.77575
4.8781,-1.9847
5.7633,-0.52503
-5.1746,-2.766
4.0153,-6.2662
3.699,-5.7223
4.0836,-3.5491
-1.3065,-3.5843
-1.6981,-5.2962
3.4736,3.5223
1.0039,-6.2258
-0.074723,-7.0458
5.6496,0.39771
5.9086,1.4071
5.3684,-3.7178
4.9331,-1.5915
3.5014,-3.6953
4.5225,-2.2342
5.5524,1.2092
2.2913,1.9015
5.8232,3.4862
3.2224,-1.1311
4.8028,0.42341
2.0014,3.5352
2.2012,-1.9996
-4.0541,-3.5446
1.3375,-4.8978
4.9191,4.5683
3.9681,0.47295
-3.0617,-5.6326
0.82174,-5.5567
-2.2405,-5.6946
-4.6261,-4.7136
4.2353,2.878
2.5192,-2.6264
5.2674,0.72855
5.2205,-0.20492
3.2097,-0.40561
2.9105,-2.4645
4.2621,3.4369
1.5667,6.5428
5.9718,-1.8862
4.7617,0.57038
4.1456,3.4784
1.1242,-4.0248
1.0436,-5.4236
0.69593,-5.6048
3.0818,-3.2292
4.6046,-1.0296
4.837,-4.2726
3.8052,0.23753
-0.11522,-4.486
-4.4134,-2.5913
4.8786,1.4714
6.3681,-3.4637
3.4126,-1.2186
3.4781,-1.4055
6.2534,0.75209
-3.2657,-3.35
-3.5648,-3.2074
0.90684,4.0461
1.1471,-3.9407
-1.4839,-5.6305
0.74886,-5.0197
5.3142,2.6581
0.34103,-5.1191
3.0475,4.471
1.5126,-4.6255
-3.1271,-3.7809
5.5251,0.13809
5.1888,3.2799
3.3795,4.6069
-3.5412,-3.151
2.0378,3.9724
5.9598,-0.33391
2.9221,2.3984
3.9372,-2.3288
2.5657,-3.0071
-2.1716,-3.3361
2.1006,-2.9443
6.1413,2.2539
-3.8455,-2.9657
1.3799,-5.5729
2.3727,-3.3915
-2.707,-7.5367
5.3438,-0.69704
-5.8202,-3.6436
3.094,-5.1855
2.7049,3.0882
3.3096,-4.3733
5.1823,-0.13184
4.7418,-3.9212
-5.4297,-2.3573
4.4969,-1.3936
1.8174,3.3836
-1.2262,-5.0295
5.3056,-2.1876
1.4487,-5.6389
3.6478,-3.1236
-3.9025,-5.6575
-1.6881,-5.0659
5.4348,0.019687
3.2226,-2.5891
2.5524,-4.3989
4.3811,-3.8439
0.035443,-6.0087
-2.0833,-5.0189
5.4231,2.1581
3.5819,-3.221
3.8578,-4.0431
3.5293,2.0842
-1.2559,-4.1462
3.0287,3.5385
5.1448,-5.3425
3.4667,1.0674
0.038797,-4.1247
3.0227,-4.2777
4.8746,0.89229
3.8937,-4.4819
3.416,3.68
2.8502,-2.7935
-3.7954,-3.1387
-0.89157,-2.8337
3.4608,-3.0693
2.8091,-5.1549
-3.5273,-1.9805
1.1585,-4.6773
-4.8229,-3.9765
3.1644,-4.9886
-1.86,-2.0906
5.4409,-2.9095
5.3803,2.1762
5.1556,2.5532
2.9244,-6.1879
5.0483,-1.8754
2.1795,-4.7413
5.814,0.50836
-4.9167,-3.9133
-0.85639,-4.9231
0.50319,-3.9758
4.2293,-2.176
0.31094,-5.7859
5.3112,-1.6768
-4.9483,-1.9988
4.1773,5.1434
2.1965,-2.5417
0.96949,-4.578
-4.6374,-2.8706
-0.93213,-5.0522
0.98068,-4.8645
0.83295,-6.5695
5.2064,2.2786
5.2944,-1.1886
2.2459,-3.6294
5.0541,0.75161
3.2239,-6.6973
-2.0056,-5.3783
1.5453,-3.5422
3.2503,6.4036
3.1214,1.5717
5.8734,-1.0276
-2.7811,-3.3206
1.6613,-3.5712
3.8486,0.95867
4.6974,-0.8731
5.1702,0.21267
3.2342,-0.8638
-3.6326,-3.7101
2.7009,-4.6807
5.5913,-1.4458
1.9661,-6.6576
2.94,-4.6271
5.1267,4.7857
3.9562,0.9535
-5.0923,-2.4312
-2.4999,-4.0009
3.4627,0.7902
4.131,1.2157
-0.48296,-5.8232
3.0166,-1.7965
-2.5922,-4.29
5.2031,-3.1731
2.468,-3.41
5.6339,-1.6477
2.9774,-2.3926
3.4094,-4.0834
-0.3754,-5.6142
-0.88744,-5.8593
5.2979,-0.072443
4.1531,-3.4042
5.6359,-0.80026
1.824,4.6817
-4.973,-2.5574
3.3961,-6.636
4.6153,-1.9832
-4.1263,-2.2058
0.21098,-4.8029
5.1467,-1.3311
6.9707,-2.4222
3.1107,-0.81293
4.9078,0.76968
4.1205,-5.4066
-3.8079,-3.8056
1.8368,2.8362
-2.1334,-5.6891
-3.0268,-3.5424
-3.903,-3.3145
2.6139,-5.6196
4.0653,-3.8323
-0.92766,-3.8017
5.8997,1.8987
3.2996,2.7464
4.4493,-0.17181
2.3472,-3.8788
4.9255,0.23283
-3.1646,-2.0965
2.5163,3.2702
5.7414,0.16743
3.5917,-3.1322
0.16868,-5.5944
-1.5182,-3.5995
1.3797,-5.5241
-2.37,-4.8651
2.0767,-3.8299
3.2998,-3.9791
-0.93675,-5.56
2.4764,-2.9944
2.2812,3.6743
-6.4667,-2.4022
0.0058578,-4.6654
0.8889,-5.1943
4.127,0.064354
1.0455,-3.8667
-2.5098,-3.8854
-2.726,-3.9023
-3.3083,-4.1214
2.9948,4.0203
-0.84197,-5.0715
3.1721,-1.6363
4.3333,0.091563
2.986,4.8904
-1.8349,-5.6873
-2.6576,-5.7117
2.2999,4.3202
6.6318,1.3036
-3.0243,-4.4387
3.6874,4.1696
-3.9005,-1.502
4.6619,-1.4154
-0.099259,-4.7534
4.783,-0.093646
-2.298,-5.9502
2.1816,3.6495
3.1804,3.6392
-4.5172,-4.1284
4.6967,-1.094
